[318月2026 15:31:36.243] [main/INFO] [cpw.mods.modlauncher.Launcher/MODLAUNCHER]: ModLauncher running: args [--username, sange, --version, Earth2 Reborn, --gameDir, E:\Program Files\Earth2 Reborn\.minecraft\versions\Earth2 Reborn, --assetsDir, E:\Program Files\Earth2 Reborn\.minecraft\assets, --assetIndex, 17, --uuid, 0000000000003005998F50309BD60A34, --accessToken, ❄❄❄❄❄❄❄❄, --clientId, ${clientid}, --xuid, ${auth_xuid}, --userType, msa, --versionType, PCL, --width, 854, --height, 480, --fml.neoForgeVersion, 21.1.248, --fml.fmlVersion, 4.0.43, --fml.mcVersion, 1.21.1, --fml.neoFormVersion, 20240808.144430, --launchTarget, forgeclient]
[318月2026 15:31:36.246] [main/INFO] [cpw.mods.modlauncher.Launcher/MODLAUNCHER]: JVM identified as Oracle Corporation Java HotSpot(TM) 64-Bit Server VM 21.0.11+9-LTS-211
[318月2026 15:31:36.248] [main/INFO] [cpw.mods.modlauncher.Launcher/MODLAUNCHER]: ModLauncher 11.0.5+main.901c6ea8 starting: java version 21.0.11 by Oracle Corporation; OS Windows 11 arch amd64 version 10.0
[318月2026 15:31:36.646] [main/INFO] [Sodium-GraphicsAdapterProbe/]: Searching for graphics cards...
[318月2026 15:31:36.797] [main/INFO] [Sodium-GraphicsAdapterProbe/]: Found graphics adapter: AdapterInfo{vendor=NVIDIA, description='NVIDIA GeForce RTX 5080 Laptop GPU', adapterType=0x00002313, openglIcdFilePath='C:\windows\System32\DriverStore\FileRepository\nvlti.inf_amd64_ac6e327f484351b4\nvoglv64.dll', openglIcdVersion=32.0.16.1047}
[318月2026 15:31:36.797] [main/INFO] [Sodium-GraphicsAdapterProbe/]: Found graphics adapter: AdapterInfo{vendor=INTEL, description='Intel(R) Graphics', adapterType=0x0000232B, openglIcdFilePath='C:\windows\System32\DriverStore\FileRepository\iigd_dch.inf_amd64_459684fdb853a51e\igxelpgicd64.dll', openglIcdVersion=32.0.101.8243}
[318月2026 15:31:36.801] [main/WARN] [Sodium-Workarounds/]: Sodium has applied one or more workarounds to prevent crashes or other issues on your system: [NVIDIA_THREADED_OPTIMIZATIONS_BROKEN]
[318月2026 15:31:36.801] [main/WARN] [Sodium-Workarounds/]: This is not necessarily an issue, but it may result in certain features or optimizations being disabled. You can sometimes fix these issues by upgrading your graphics driver.
[318月2026 15:31:36.801] [main/INFO] [Sodium-NvidiaWorkarounds/]: Modifying process environment to apply workarounds for the NVIDIA graphics driver...
[318月2026 15:31:37.260] [main/INFO] [net.neoforged.fml.loading.ImmediateWindowHandler/]: Loading ImmediateWindowProvider fmlearlywindow
[318月2026 15:31:37.322] [main/INFO] [EARLYDISPLAY/]: Trying GL version 4.6
[318月2026 15:31:37.651] [main/INFO] [EARLYDISPLAY/]: Requested GL version 4.6 got version 4.6
[318月2026 15:31:37.766] [main/INFO] [mixin/]: SpongePowered MIXIN Subsystem Version=0.8.7 Source=union:/E:/Program%20Files/Earth2%20Reborn/.minecraft/libraries/net/fabricmc/sponge-mixin/0.15.2+mixin.0.8.7/sponge-mixin-0.15.2+mixin.0.8.7.jar%23175!/ Service=ModLauncher Env=CLIENT
[318月2026 15:31:37.949] [pool-2-thread-1/INFO] [EARLYDISPLAY/]: GL info: NVIDIA GeForce RTX 5080 Laptop GPU/PCIe/SSE2 GL version 4.6.0 NVIDIA 610.47, NVIDIA Corporation
[318月2026 15:31:38.912] [main/INFO] [The Impossible Loader (Neoforge)/]: Created active SERVICE launch plugin
[318月2026 15:31:38.912] [main/INFO] [The Impossible Loader (Neoforge)/]: Handling SERVICE layer launcher
[318月2026 15:31:38.912] [main/INFO] [The Impossible Loader (Neoforge)/]: I see you are running Java 9+ so I'll be using burningwave to break its strong encapsulation
[318月2026 15:31:38.914] [main/INFO] [TIL JVMHelper/]: Parsing Java version from 21.0.11
[318月2026 15:31:38.915] [main/INFO] [The Impossible Loader (Neoforge)/]: Initialized hacks
[318月2026 15:31:38.915] [main/INFO] [The Impossible Loader (Neoforge)/]: Module name is theimpossiblelibrary.neoforge
[318月2026 15:31:39.032] [main/INFO] [TIL NeoforgeCoreLoader/]: Moving classes
[318月2026 15:31:39.041] [main/INFO] [TIL NeoforgeCoreLoader/]: Registering module theimpossiblelibrary.neoforge to service catalog
[318月2026 15:31:39.042] [main/INFO] [The Impossible Loader (Neoforge)/]: Moved module theimpossiblelibrary.neoforge to the BOOT layer
[318月2026 15:31:39.042] [main/INFO] [The Impossible Loader (Neoforge)/]: Calling Hacks$invokeStatic for method 'initCoreAPI'
[318月2026 15:31:39.042] [main/INFO] [The Impossible Loader (Neoforge)/]: Core loader is mods.thecomputerizer.theimpossiblelibrary.neoforge.core.NeoForgeCoreLoader
[318月2026 15:31:39.042] [main/INFO] [The Impossible Loader (Neoforge)/]: Full call for Hacks$invokeStatic is mods.thecomputerizer.theimpossiblelibrary.neoforge.core.NeoForgeCoreLoader#initCoreAPI
[318月2026 15:31:39.044] [main/INFO] [TIL JVMHelper/]: Parsing Java version from 21.0.11
[318月2026 15:31:39.045] [main/INFO] [The Impossible Loader (Neoforge)/]: Found boot class mods.thecomputerizer.theimpossiblelibrary.neoforge.core.NeoForgeCoreLoader
[318月2026 15:31:39.145] [main/INFO] [The Impossible Library CoreAPI [1.21.1] [NeoForge] [dedicated_client]/]: Successfully initialized!
[318月2026 15:31:39.145] [main/INFO] [The Impossible Loader (Neoforge)/]: Successfully handled SERVICE layer initialization
[318月2026 15:31:39.147] [main/INFO] [The Impossible Loader (Neoforge)/]: Added service class mods.thecomputerizer.theimpossiblelibrary.neoforge.v21.core.bootstrap.TILServiceLauncherNeoForge1_21 to BOOT layer module theimpossiblebootstrap
[318月2026 15:31:39.147] [main/INFO] [The Impossible Loader (Neoforge)/]: Added service class mods.thecomputerizer.theimpossiblelibrary.neoforge.v21.core.TILSelfLocator to BOOT layer module theimpossiblebootstrap
[318月2026 15:31:39.147] [main/INFO] [The Impossible Loader (Neoforge)/]: Added service class mods.thecomputerizer.theimpossiblelibrary.neoforge.v21.core.MultiVersionModReader to BOOT layer module theimpossiblebootstrap
[318月2026 15:31:39.147] [main/INFO] [The Impossible Loader (Neoforge)/]: Added service class mods.thecomputerizer.theimpossiblelibrary.neoforge.v21.core.MultiVersionLanguageLoader to BOOT layer module theimpossiblebootstrap
[318月2026 15:31:39.149] [main/INFO] [TILSelfLocator/]: Successfully initialized class mods.thecomputerizer.theimpossiblelibrary.neoforge.v21.core.TILSelfLocator
[318月2026 15:31:39.151] [main/INFO] [The Impossible Loader (Neoforge)/]: Created active BOOT launch plugin
[318月2026 15:31:39.156] [main/INFO] [The Impossible Library/]: Wrote bytecode for mods.thecomputerizer.theimpossiblelibrary.neoforge.core.TILNeoForgeModFile to E:\Program Files\Earth2 Reborn\.minecraft\versions\Earth2 Reborn\impossible_data\asm_debug\mods\thecomputerizer\theimpossiblelibrary\neoforge\core\TILNeoForgeModFile.class
[318月2026 15:31:39.156] [main/INFO] [NeoForge Mod Loading/]: Successfully generated bytecode for mods.thecomputerizer.theimpossiblelibrary.neoforge.core.TILNeoForgeModFile
[318月2026 15:31:39.159] [main/INFO] [NeoForge Mod Loading/]: Successfully generated ModFile extension class mods.thecomputerizer.theimpossiblelibrary.neoforge.core.TILNeoForgeModFile
[318月2026 15:31:39.159] [main/INFO] [NeoForge Mod Loading/]: 1.21.1 NeoForge Locator plugin loaded on cpw.mods.cl.ModuleClassLoader@23fe1d71
[318月2026 15:31:39.159] [main/INFO] [NeoForge Mod Loading/]: Successfully set Neoforge mod loading version (21_1->1.21.1)
[318月2026 15:31:39.162] [main/INFO] [MultiVersionModReader/]: Successfully initialized class mods.thecomputerizer.theimpossiblelibrary.neoforge.v21.core.MultiVersionModReader
[318月2026 15:31:39.279] [main/INFO] [net.neoforged.fml.loading.moddiscovery.ModDiscoverer/SCAN]: Found mod file "client-1.21.1-20240808.144430-srg.jar" [locator: production client provider +net.neoforged:neoforge:21.1.248:client]
[318月2026 15:31:39.287] [main/INFO] [net.neoforged.fml.loading.moddiscovery.ModDiscoverer/SCAN]: Found mod file "neoforge-21.1.248-universal.jar" [locator: PathBasedLocator[name=neoforge, paths=[E:\Program Files\Earth2 Reborn\.minecraft\libraries\net\neoforged\neoforge\21.1.248\neoforge-21.1.248-universal.jar]], reader: mod manifest]
[318月2026 15:31:39.289] [main/INFO] [TILSelfLocator/]: Attempting to read self from URL union:/E:/Program%20Files/Earth2%20Reborn/.minecraft/versions/Earth2%20Reborn/mods/theimpossiblelibrary-0.4.7-neoforge-1.21.1.jar%23470!/
[318月2026 15:31:39.289] [main/INFO] [TILSelfLocator/]: Attempting to read self from paths [E:\Program Files\Earth2 Reborn\.minecraft\versions\Earth2 Reborn\mods\theimpossiblelibrary-0.4.7-neoforge-1.21.1.jar]
[318月2026 15:31:39.291] [main/INFO] [TILSelfLocator/]: [Multiversion Loader NeoForge 1.21.1]: Found mod candidate at E:\Program Files\Earth2 Reborn\.minecraft\versions\Earth2 Reborn\mods\theimpossiblelibrary-0.4.7-neoforge-1.21.1.jar
[318月2026 15:31:39.291] [main/INFO] [TILSelfLocator/]: [Multiversion Loader NeoForge 1.21.1]: Checking if file theimpossiblelibrary-0.4.7-neoforge-1.21.1.jar is the loader
[318月2026 15:31:39.292] [main/INFO] [The Impossible Library/]: Locating loader class mods.thecomputerizer.theimpossiblelibrary.api.core.TILCoreEntryPoint (for = cpw.mods.cl.ModuleClassLoader@23fe1d71 | core = cpw.mods.cl.ModuleClassLoader@23fe1d71)
[318月2026 15:31:39.294] [main/INFO] [The Impossible Library/]: [TILCoreEntryPoint Trace]: constructor
[318月2026 15:31:39.294] [main/INFO] [The Impossible Library/]: Initialized core version handler class mods.thecomputerizer.theimpossiblelibrary.neoforge.core.TILCoreEntryPointNeoForge
[318月2026 15:31:39.294] [main/INFO] [The Impossible Library CoreAPI [1.21.1] [NeoForge] [dedicated_client]/]: Successfully instantiated coremod for theimpossiblelibrary as `The Impossible Library`!
[318月2026 15:31:39.294] [main/INFO] [The Impossible Library/]: Locating loader class mods.thecomputerizer.theimpossiblelibrary.api.common.TILCommonEntryPoint (for = cpw.mods.cl.ModuleClassLoader@23fe1d71 | core = cpw.mods.cl.ModuleClassLoader@23fe1d71)
[318月2026 15:31:39.302] [main/INFO] [net.neoforged.fml.loading.moddiscovery.ModDiscoverer/SCAN]: Found library file "theimpossiblelibrary-0.4.7-neoforge-1.21.1.jar" [parent: theimpossiblelibrary-0.4.7-neoforge-1.21.1.jar, locator: mods.thecomputerizer.theimpossiblelibrary.neoforge.v21.core.TILSelfLocator@7dbae40]
[318月2026 15:31:39.303] [main/INFO] [net.neoforged.fml.loading.moddiscovery.ModDiscoverer/SCAN]: Found mod file "theimpossiblelibrary-0.4.7-neoforge-1.21.1.jar" [parent: theimpossiblelibrary-0.4.7-neoforge-1.21.1.jar, locator: mods.thecomputerizer.theimpossiblelibrary.neoforge.v21.core.TILSelfLocator@7dbae40]
[318月2026 15:31:39.303] [main/INFO] [TILSelfLocator/]: Successfully added mod file for theimpossiblelibrary
[318月2026 15:31:39.320] [main/INFO] [net.neoforged.fml.loading.moddiscovery.ModDiscoverer/SCAN]: Found mod file "net.caffeinemc.sodium-neoforge-0.8.13+mc1.21.1-mod.jar" [locator: net.caffeinemc.mods.sodium.service.SodiumServiceModLocator@b06d46d, reader: mod manifest]
[318月2026 15:31:39.325] [main/INFO] [net.neoforged.fml.loading.moddiscovery.ModDiscoverer/SCAN]: Found mod file "fabric-rendering-data-attachment-v1-0.3.48+73761d2e19.jar" [locator: net.caffeinemc.mods.sodium.service.SodiumServiceModLocator@b06d46d, reader: mod manifest]
[318月2026 15:31:39.333] [main/INFO] [net.neoforged.fml.loading.moddiscovery.ModDiscoverer/SCAN]: Found mod file "fabric-renderer-api-v1-3.4.1+9125b6dc19.jar" [locator: net.caffeinemc.mods.sodium.service.SodiumServiceModLocator@b06d46d, reader: mod manifest]
[318月2026 15:31:39.334] [main/INFO] [net.neoforged.fml.loading.moddiscovery.ModDiscoverer/SCAN]: Found mod file "fabric-block-view-api-v2-1.0.10+9afaaf8c19.jar" [locator: net.caffeinemc.mods.sodium.service.SodiumServiceModLocator@b06d46d, reader: mod manifest]
[318月2026 15:31:39.336] [main/INFO] [net.neoforged.fml.loading.moddiscovery.ModDiscoverer/SCAN]: Found mod file "fabric-api-base-0.4.42+d1308ded19.jar" [locator: net.caffeinemc.mods.sodium.service.SodiumServiceModLocator@b06d46d, reader: mod manifest]
[318月2026 15:31:39.349] [main/INFO] [net.neoforged.fml.loading.moddiscovery.ModDiscoverer/SCAN]: Found mod file "[FTB 任务] ftb-quests-neoforge-2101.1.34.jar" [locator: {mods folder locator at E:\Program Files\Earth2 Reborn\.minecraft\versions\Earth2 Reborn\mods}, reader: mod manifest]
[318月2026 15:31:39.351] [main/INFO] [net.neoforged.fml.loading.moddiscovery.ModDiscoverer/SCAN]: Found mod file "[FTB 区块] ftb-chunks-neoforge-2101.1.21.jar" [locator: {mods folder locator at E:\Program Files\Earth2 Reborn\.minecraft\versions\Earth2 Reborn\mods}, reader: mod manifest]
[318月2026 15:31:39.352] [main/INFO] [net.neoforged.fml.loading.moddiscovery.ModDiscoverer/SCAN]: Found mod file "[FTB 团队] ftb-teams-neoforge-2101.1.11.jar" [locator: {mods folder locator at E:\Program Files\Earth2 Reborn\.minecraft\versions\Earth2 Reborn\mods}, reader: mod manifest]
[318月2026 15:31:39.353] [main/INFO] [net.neoforged.fml.loading.moddiscovery.ModDiscoverer/SCAN]: Found mod file "[JEI工作方块] JustEnoughProfessions-neoforge-1.21.1-4.0.5.jar" [locator: {mods folder locator at E:\Program Files\Earth2 Reborn\.minecraft\versions\Earth2 Reborn\mods}, reader: mod manifest]
[318月2026 15:31:39.355] [main/INFO] [net.neoforged.fml.loading.moddiscovery.ModDiscoverer/SCAN]: Found mod file "[JEI物品管理器] jei-1.21.1-neoforge-19.50.0.414.jar" [locator: {mods folder locator at E:\Program Files\Earth2 Reborn\.minecraft\versions\Earth2 Reborn\mods}, reader: mod manifest]
[318月2026 15:31:39.357] [main/INFO] [net.neoforged.fml.loading.moddiscovery.ModDiscoverer/SCAN]: Found mod file "[MrCrayfish 的家具：重制] refurbished_furniture-neoforge-1.21.1-1.0.22.jar" [locator: {mods folder locator at E:\Program Files\Earth2 Reborn\.minecraft\versions\Earth2 Reborn\mods}, reader: mod manifest]
[318月2026 15:31:39.359] [main/INFO] [net.neoforged.fml.loading.moddiscovery.ModDiscoverer/SCAN]: Found mod file "[Redden的石灯笼] reddensstonelantern-1.0.4-neoforge-1.21.1.jar" [locator: {mods folder locator at E:\Program Files\Earth2 Reborn\.minecraft\versions\Earth2 Reborn\mods}, reader: mod manifest]
[318月2026 15:31:39.361] [main/INFO] [net.neoforged.fml.loading.moddiscovery.ModDiscoverer/SCAN]: Found mod file "[Xaero的世界地图] xaeroworldmap-neoforge-1.21.1-1.45.0.jar" [locator: {mods folder locator at E:\Program Files\Earth2 Reborn\.minecraft\versions\Earth2 Reborn\mods}, reader: mod manifest]
[318月2026 15:31:39.362] [main/INFO] [net.neoforged.fml.loading.moddiscovery.ModDiscoverer/SCAN]: Found mod file "[Xaero的小地图] xaerominimap-neoforge-1.21.1-26.4.2.jar" [locator: {mods folder locator at E:\Program Files\Earth2 Reborn\.minecraft\versions\Earth2 Reborn\mods}, reader: mod manifest]
[318月2026 15:31:39.364] [main/INFO] [net.neoforged.fml.loading.moddiscovery.ModDiscoverer/SCAN]: Found mod file "[传奇怪物] legendary_monsters-2.2.2 MC 1.21.1.jar" [locator: {mods folder locator at E:\Program Files\Earth2 Reborn\.minecraft\versions\Earth2 Reborn\mods}, reader: mod manifest]
[318月2026 15:31:39.365] [main/INFO] [net.neoforged.fml.loading.moddiscovery.ModDiscoverer/SCAN]: Found mod file "[传送石碑／指路石] waystones-neoforge-1.21.1-21.1.41.jar" [locator: {mods folder locator at E:\Program Files\Earth2 Reborn\.minecraft\versions\Earth2 Reborn\mods}, reader: mod manifest]
[318月2026 15:31:39.367] [main/INFO] [net.neoforged.fml.loading.moddiscovery.ModDiscoverer/SCAN]: Found mod file "[作物盛景] croptopia-neoforge-1.21.1-4.2.4.jar" [locator: {mods folder locator at E:\Program Files\Earth2 Reborn\.minecraft\versions\Earth2 Reborn\mods}, reader: mod manifest]
[318月2026 15:31:39.368] [main/INFO] [net.neoforged.fml.loading.moddiscovery.ModDiscoverer/SCAN]: Found mod file "[修复GPU内存泄漏] gpumemleakfix-1.21-1.8.jar" [locator: {mods folder locator at E:\Program Files\Earth2 Reborn\.minecraft\versions\Earth2 Reborn\mods}, reader: mod manifest]
[318月2026 15:31:39.369] [main/INFO] [net.neoforged.fml.loading.moddiscovery.ModDiscoverer/SCAN]: Found mod file "[储物抽屉] StorageDrawers-neoforge-1.21.1-13.11.4.jar" [locator: {mods folder locator at E:\Program Files\Earth2 Reborn\.minecraft\versions\Earth2 Reborn\mods}, reader: mod manifest]
[318月2026 15:31:39.370] [main/INFO] [net.neoforged.fml.loading.moddiscovery.ModDiscoverer/SCAN]: Found mod file "[农夫乐事] FarmersDelight-1.21.1-1.3.4.jar" [locator: {mods folder locator at E:\Program Files\Earth2 Reborn\.minecraft\versions\Earth2 Reborn\mods}, reader: mod manifest]
[318月2026 15:31:39.372] [main/INFO] [net.neoforged.fml.loading.moddiscovery.ModDiscoverer/SCAN]: Found mod file "[冰山] Iceberg-1.21.1-neoforge-1.3.2.jar" [locator: {mods folder locator at E:\Program Files\Earth2 Reborn\.minecraft\versions\Earth2 Reborn\mods}, reader: mod manifest]
[318月2026 15:31:39.373] [main/INFO] [net.neoforged.fml.loading.moddiscovery.ModDiscoverer/SCAN]: Found mod file "[动态准星] dynamiccrosshair-9.11+1.21.1-neoforge.jar" [locator: {mods folder locator at E:\Program Files\Earth2 Reborn\.minecraft\versions\Earth2 Reborn\mods}, reader: mod manifest]
[318月2026 15:31:39.374] [main/INFO] [net.neoforged.fml.loading.moddiscovery.ModDiscoverer/SCAN]: Found mod file "[叶间穿行 🌳] PassableFoliage-1.21.1-NeoForge-9.2.0.jar" [locator: {mods folder locator at E:\Program Files\Earth2 Reborn\.minecraft\versions\Earth2 Reborn\mods}, reader: mod manifest]
[318月2026 15:31:39.375] [main/INFO] [net.neoforged.fml.loading.moddiscovery.ModDiscoverer/SCAN]: Found mod file "[增强视觉效果 ／ 拓展视觉效果] EnhancedVisuals_NEOFORGE_v1.8.31_mc1.21.1.jar" [locator: {mods folder locator at E:\Program Files\Earth2 Reborn\.minecraft\versions\Earth2 Reborn\mods}, reader: mod manifest]
[318月2026 15:31:39.376] [main/INFO] [net.neoforged.fml.loading.moddiscovery.ModDiscoverer/SCAN]: Found mod file "[多元乐事] culturaldelights-0.17.8.jar" [locator: {mods folder locator at E:\Program Files\Earth2 Reborn\.minecraft\versions\Earth2 Reborn\mods}, reader: mod manifest]
[318月2026 15:31:39.377] [main/INFO] [net.neoforged.fml.loading.moddiscovery.ModDiscoverer/SCAN]: Found mod file "[多态合成] polymorph-neoforge-1.1.0+1.21.1.jar" [locator: {mods folder locator at E:\Program Files\Earth2 Reborn\.minecraft\versions\Earth2 Reborn\mods}, reader: mod manifest]
[318月2026 15:31:39.379] [main/INFO] [net.neoforged.fml.loading.moddiscovery.ModDiscoverer/SCAN]: Found mod file "[天空之城] castle_in_the_sky-1.21.1.1.jar" [locator: {mods folder locator at E:\Program Files\Earth2 Reborn\.minecraft\versions\Earth2 Reborn\mods}, reader: mod manifest]
[318月2026 15:31:39.381] [main/INFO] [net.neoforged.fml.loading.moddiscovery.ModDiscoverer/SCAN]: Found mod file "[夸克] Quark-4.1-482.jar" [locator: {mods folder locator at E:\Program Files\Earth2 Reborn\.minecraft\versions\Earth2 Reborn\mods}, reader: mod manifest]
[318月2026 15:31:39.382] [main/INFO] [net.neoforged.fml.loading.moddiscovery.ModDiscoverer/SCAN]: Found mod file "[奇异饰品] artifacts-neoforge-13.2.3.jar" [locator: {mods folder locator at E:\Program Files\Earth2 Reborn\.minecraft\versions\Earth2 Reborn\mods}, reader: mod manifest]
[318月2026 15:31:39.384] [main/INFO] [net.neoforged.fml.loading.moddiscovery.ModDiscoverer/SCAN]: Found mod file "[女仆厨房] maidsoulkitchen-1.21.1-beta-v0.1.4.jar" [locator: {mods folder locator at E:\Program Files\Earth2 Reborn\.minecraft\versions\Earth2 Reborn\mods}, reader: mod manifest]
[318月2026 15:31:39.385] [main/INFO] [net.neoforged.fml.loading.moddiscovery.ModDiscoverer/SCAN]: Found mod file "[女仆摇曲柄] MaidUseHandCrank_1.6.2-neoforge_21.1.219-1.21.1.jar" [locator: {mods folder locator at E:\Program Files\Earth2 Reborn\.minecraft\versions\Earth2 Reborn\mods}, reader: mod manifest]
[318月2026 15:31:39.385] [main/INFO] [net.neoforged.fml.loading.moddiscovery.ModDiscoverer/SCAN]: Found mod file "[客户端合成] clientcrafting-1.21-2.1.jar" [locator: {mods folder locator at E:\Program Files\Earth2 Reborn\.minecraft\versions\Earth2 Reborn\mods}, reader: mod manifest]
[318月2026 15:31:39.388] [main/INFO] [net.neoforged.fml.loading.moddiscovery.ModDiscoverer/SCAN]: Found mod file "[属性修复] attributefix-neoforge-1.21.1-21.1.3.jar" [locator: {mods folder locator at E:\Program Files\Earth2 Reborn\.minecraft\versions\Earth2 Reborn\mods}, reader: mod manifest]
[318月2026 15:31:39.389] [main/INFO] [net.neoforged.fml.loading.moddiscovery.ModDiscoverer/SCAN]: Found mod file "[帕秋莉手册] Patchouli-1.21.1-93-NEOFORGE.jar" [locator: {mods folder locator at E:\Program Files\Earth2 Reborn\.minecraft\versions\Earth2 Reborn\mods}, reader: mod manifest]
[318月2026 15:31:39.390] [main/INFO] [net.neoforged.fml.loading.moddiscovery.ModDiscoverer/SCAN]: Found mod file "[建筑手杖-耕云钓月版] constructionwand-kots-1.21.1-2.16.12.jar" [locator: {mods folder locator at E:\Program Files\Earth2 Reborn\.minecraft\versions\Earth2 Reborn\mods}, reader: mod manifest]
[318月2026 15:31:39.391] [main/INFO] [net.neoforged.fml.loading.moddiscovery.ModDiscoverer/SCAN]: Found mod file "[快速配方查找] fastrecipesearch-1.21.1-26.8.4-neoforge.jar" [locator: {mods folder locator at E:\Program Files\Earth2 Reborn\.minecraft\versions\Earth2 Reborn\mods}, reader: mod manifest]
[318月2026 15:31:39.393] [main/INFO] [net.neoforged.fml.loading.moddiscovery.ModDiscoverer/SCAN]: Found mod file "[我们走过的生物群系] Oh-The-Biomes-Weve-Gone-NeoForge-2.6.0.jar" [locator: {mods folder locator at E:\Program Files\Earth2 Reborn\.minecraft\versions\Earth2 Reborn\mods}, reader: mod manifest]
[318月2026 15:31:39.394] [main/INFO] [net.neoforged.fml.loading.moddiscovery.ModDiscoverer/SCAN]: Found mod file "[拔刀剑：重锋] SlashBladeResharped-2.0.7-1.21.1.jar" [locator: {mods folder locator at E:\Program Files\Earth2 Reborn\.minecraft\versions\Earth2 Reborn\mods}, reader: mod manifest]
[318月2026 15:31:39.395] [main/INFO] [net.neoforged.fml.loading.moddiscovery.ModDiscoverer/SCAN]: Found mod file "[拾光定影] exposure-neoforge-1.21.1-1.9.18.jar" [locator: {mods folder locator at E:\Program Files\Earth2 Reborn\.minecraft\versions\Earth2 Reborn\mods}, reader: mod manifest]
[318月2026 15:31:39.396] [main/INFO] [net.neoforged.fml.loading.moddiscovery.ModDiscoverer/SCAN]: Found mod file "[提示] tipsmod-neoforge-1.21.1-21.1.3.jar" [locator: {mods folder locator at E:\Program Files\Earth2 Reborn\.minecraft\versions\Earth2 Reborn\mods}, reader: mod manifest]
[318月2026 15:31:39.398] [main/INFO] [net.neoforged.fml.loading.moddiscovery.ModDiscoverer/SCAN]: Found mod file "[救救我的答辩网络] smsn-neoforge-1.4.3-1.21.1.jar" [locator: {mods folder locator at E:\Program Files\Earth2 Reborn\.minecraft\versions\Earth2 Reborn\mods}, reader: mod manifest]
[318月2026 15:31:39.399] [main/INFO] [net.neoforged.fml.loading.moddiscovery.ModDiscoverer/SCAN]: Found mod file "[救救我的配方书] smrb-1.0.0.jar" [locator: {mods folder locator at E:\Program Files\Earth2 Reborn\.minecraft\versions\Earth2 Reborn\mods}, reader: mod manifest]
[318月2026 15:31:39.416] [main/INFO] [net.neoforged.fml.loading.moddiscovery.ModDiscoverer/SCAN]: Found mod file "[方块小镇] yuushya-1.21.0-neoforge-2.3.0.jar" [locator: {mods folder locator at E:\Program Files\Earth2 Reborn\.minecraft\versions\Earth2 Reborn\mods}, reader: mod manifest]
[318月2026 15:31:39.418] [main/INFO] [net.neoforged.fml.loading.moddiscovery.ModDiscoverer/SCAN]: Found mod file "[方块建模] yuushya_modelling-1.21.1-2.4.1.jar" [locator: {mods folder locator at E:\Program Files\Earth2 Reborn\.minecraft\versions\Earth2 Reborn\mods}, reader: mod manifest]
[318月2026 15:31:39.419] [main/INFO] [net.neoforged.fml.loading.moddiscovery.ModDiscoverer/SCAN]: Found mod file "[旅人标题] TravelersTitles-1.21.1-NeoForge-5.1.3.jar" [locator: {mods folder locator at E:\Program Files\Earth2 Reborn\.minecraft\versions\Earth2 Reborn\mods}, reader: mod manifest]
[318月2026 15:31:39.420] [main/INFO] [net.neoforged.fml.loading.moddiscovery.ModDiscoverer/SCAN]: Found mod file "[旅行者背包] travelersbackpack-neoforge-1.21.1-10.1.39.jar" [locator: {mods folder locator at E:\Program Files\Earth2 Reborn\.minecraft\versions\Earth2 Reborn\mods}, reader: mod manifest]
[318月2026 15:31:39.420] [main/INFO] [net.neoforged.fml.loading.moddiscovery.ModDiscoverer/SCAN]: Found mod file "[无限附魔修复] bowinfinityfix-1.21-neo-3.1.1.jar" [locator: {mods folder locator at E:\Program Files\Earth2 Reborn\.minecraft\versions\Earth2 Reborn\mods}, reader: mod manifest]
[318月2026 15:31:39.421] [main/INFO] [net.neoforged.fml.loading.moddiscovery.ModDiscoverer/SCAN]: Found mod file "[无题鸭] untitledduckmod-1.6.0-neoforge-1.21.1.jar" [locator: {mods folder locator at E:\Program Files\Earth2 Reborn\.minecraft\versions\Earth2 Reborn\mods}, reader: mod manifest]
[318月2026 15:31:39.422] [main/INFO] [net.neoforged.fml.loading.moddiscovery.ModDiscoverer/SCAN]: Found mod file "[旷野之息高塔 ：再重制] totw_modded-neoforge-1.21-1.0.9.jar" [locator: {mods folder locator at E:\Program Files\Earth2 Reborn\.minecraft\versions\Earth2 Reborn\mods}, reader: mod manifest]
[318月2026 15:31:39.424] [main/INFO] [net.neoforged.fml.loading.moddiscovery.ModDiscoverer/SCAN]: Found mod file "[是，史蒂夫模型] ysm-2.6.5-neoforge+mc1.21.1-release.jar" [locator: {mods folder locator at E:\Program Files\Earth2 Reborn\.minecraft\versions\Earth2 Reborn\mods}, reader: mod manifest]
[318月2026 15:31:39.425] [main/INFO] [net.neoforged.fml.loading.moddiscovery.ModDiscoverer/SCAN]: Found mod file "[更多自然生成结构] mostructures-neoforge-1.6.0+1.21.1.jar" [locator: {mods folder locator at E:\Program Files\Earth2 Reborn\.minecraft\versions\Earth2 Reborn\mods}, reader: mod manifest]
[318月2026 15:31:39.426] [main/INFO] [net.neoforged.fml.loading.moddiscovery.ModDiscoverer/SCAN]: Found mod file "[更好的延迟显示] BetterPingDisplay-1.21.1-1.1.jar" [locator: {mods folder locator at E:\Program Files\Earth2 Reborn\.minecraft\versions\Earth2 Reborn\mods}, reader: mod manifest]
[318月2026 15:31:39.426] [main/INFO] [net.neoforged.fml.loading.moddiscovery.ModDiscoverer/SCAN]: Found mod file "[更好的攀爬] better_climbing-neoforge-4.jar" [locator: {mods folder locator at E:\Program Files\Earth2 Reborn\.minecraft\versions\Earth2 Reborn\mods}, reader: mod manifest]
[318月2026 15:31:39.427] [main/INFO] [net.neoforged.fml.loading.moddiscovery.ModDiscoverer/SCAN]: Found mod file "[更好的村庄] bettervillage-neoforge-1.21.1-3.3.1.jar" [locator: {mods folder locator at E:\Program Files\Earth2 Reborn\.minecraft\versions\Earth2 Reborn\mods}, reader: mod manifest]
[318月2026 15:31:39.429] [main/INFO] [net.neoforged.fml.loading.moddiscovery.ModDiscoverer/SCAN]: Found mod file "[更好的进度] BetterAdvancements-NeoForge-1.21.1-0.4.3.21.jar" [locator: {mods folder locator at E:\Program Files\Earth2 Reborn\.minecraft\versions\Earth2 Reborn\mods}, reader: mod manifest]
[318月2026 15:31:39.430] [main/INFO] [net.neoforged.fml.loading.moddiscovery.ModDiscoverer/SCAN]: Found mod file "[更真实的钓鱼] fishingreal-neoforge-1.21.1-1.9.1.jar" [locator: {mods folder locator at E:\Program Files\Earth2 Reborn\.minecraft\versions\Earth2 Reborn\mods}, reader: mod manifest]
[318月2026 15:31:39.431] [main/INFO] [net.neoforged.fml.loading.moddiscovery.ModDiscoverer/SCAN]: Found mod file "[更美观的血条] colorfulhearts-neoforge-1.21.1-10.5.9.jar" [locator: {mods folder locator at E:\Program Files\Earth2 Reborn\.minecraft\versions\Earth2 Reborn\mods}, reader: mod manifest]
[318月2026 15:31:39.432] [main/INFO] [net.neoforged.fml.loading.moddiscovery.ModDiscoverer/SCAN]: Found mod file "[末地乐事] ends_delight-2.6.1+neoforge.1.21.1.jar" [locator: {mods folder locator at E:\Program Files\Earth2 Reborn\.minecraft\versions\Earth2 Reborn\mods}, reader: mod manifest]
[318月2026 15:31:39.435] [main/INFO] [net.neoforged.fml.loading.moddiscovery.ModDiscoverer/SCAN]: Found mod file "[机械动力] create-1.21.1-6.0.10.jar" [locator: {mods folder locator at E:\Program Files\Earth2 Reborn\.minecraft\versions\Earth2 Reborn\mods}, reader: mod manifest]
[318月2026 15:31:39.441] [main/INFO] [net.neoforged.fml.loading.moddiscovery.ModDiscoverer/SCAN]: Found mod file "[机械动力汽鸣铁道：重铸] railways-0.3.0-beta.2+neoforge-mc1.21.1.jar" [locator: {mods folder locator at E:\Program Files\Earth2 Reborn\.minecraft\versions\Earth2 Reborn\mods}, reader: mod manifest]
[318月2026 15:31:39.443] [main/INFO] [net.neoforged.fml.loading.moddiscovery.ModDiscoverer/SCAN]: Found mod file "[机械动力航空学：工具枪] create_aeronautics_toolgun-0.3.6.jar" [locator: {mods folder locator at E:\Program Files\Earth2 Reborn\.minecraft\versions\Earth2 Reborn\mods}, reader: mod manifest]
[318月2026 15:31:39.444] [main/INFO] [net.neoforged.fml.loading.moddiscovery.ModDiscoverer/SCAN]: Found mod file "[机械动力：交易站点] trading_floor-3.0.16.jar" [locator: {mods folder locator at E:\Program Files\Earth2 Reborn\.minecraft\versions\Earth2 Reborn\mods}, reader: mod manifest]
[318月2026 15:31:39.446] [main/INFO] [net.neoforged.fml.loading.moddiscovery.ModDiscoverer/SCAN]: Found mod file "[机械动力：伪装方块+] copycats-3.0.8+mc.1.21.1-neoforge.jar" [locator: {mods folder locator at E:\Program Files\Earth2 Reborn\.minecraft\versions\Earth2 Reborn\mods}, reader: mod manifest]
[318月2026 15:31:39.447] [main/INFO] [net.neoforged.fml.loading.moddiscovery.ModDiscoverer/SCAN]: Found mod file "[机械动力：内饰] interiors-1.21.1-neoforge-0.6.1.jar" [locator: {mods folder locator at E:\Program Files\Earth2 Reborn\.minecraft\versions\Earth2 Reborn\mods}, reader: mod manifest]
[318月2026 15:31:39.448] [main/INFO] [net.neoforged.fml.loading.moddiscovery.ModDiscoverer/SCAN]: Found mod file "[机械动力：创想附加] createaddition-1.7.0.jar" [locator: {mods folder locator at E:\Program Files\Earth2 Reborn\.minecraft\versions\Earth2 Reborn\mods}, reader: mod manifest]
[318月2026 15:31:39.449] [main/INFO] [net.neoforged.fml.loading.moddiscovery.ModDiscoverer/SCAN]: Found mod file "[机械动力：创意传动] create_connected-1.3.2-mc1.21.1.jar" [locator: {mods folder locator at E:\Program Files\Earth2 Reborn\.minecraft\versions\Earth2 Reborn\mods}, reader: mod manifest]
[318月2026 15:31:39.451] [main/INFO] [net.neoforged.fml.loading.moddiscovery.ModDiscoverer/SCAN]: Found mod file "[机械动力：推进工程] createpropulsion-1.1.5.jar" [locator: {mods folder locator at E:\Program Files\Earth2 Reborn\.minecraft\versions\Earth2 Reborn\mods}, reader: mod manifest]
[318月2026 15:31:39.452] [main/INFO] [net.neoforged.fml.loading.moddiscovery.ModDiscoverer/SCAN]: Found mod file "[机械动力：更快的蓝图加农炮] CreateFastSchematicCannon-1.4.1-neoforge-1.21.1.jar" [locator: {mods folder locator at E:\Program Files\Earth2 Reborn\.minecraft\versions\Earth2 Reborn\mods}, reader: mod manifest]
[318月2026 15:31:39.453] [main/INFO] [net.neoforged.fml.loading.moddiscovery.ModDiscoverer/SCAN]: Found mod file "[机械动力：柴油动力] createdieselgenerators-1.21.1-1.3.15.jar" [locator: {mods folder locator at E:\Program Files\Earth2 Reborn\.minecraft\versions\Earth2 Reborn\mods}, reader: mod manifest]
[318月2026 15:31:39.455] [main/INFO] [net.neoforged.fml.loading.moddiscovery.ModDiscoverer/SCAN]: Found mod file "[机械动力：火炮] createbigcannons-5.11.7+mc.1.21.1.jar" [locator: {mods folder locator at E:\Program Files\Earth2 Reborn\.minecraft\versions\Earth2 Reborn\mods}, reader: mod manifest]
[318月2026 15:31:39.456] [main/INFO] [net.neoforged.fml.loading.moddiscovery.ModDiscoverer/SCAN]: Found mod file "[机械动力：甜食] create-confectionery1.21.1_v1.1.3b.jar" [locator: {mods folder locator at E:\Program Files\Earth2 Reborn\.minecraft\versions\Earth2 Reborn\mods}, reader: mod manifest]
[318月2026 15:31:39.458] [main/INFO] [net.neoforged.fml.loading.moddiscovery.ModDiscoverer/SCAN]: Found mod file "[机械动力：矿石开掘] createoreexcavation-1.21-1.6.8.jar" [locator: {mods folder locator at E:\Program Files\Earth2 Reborn\.minecraft\versions\Earth2 Reborn\mods}, reader: mod manifest]
[318月2026 15:31:39.459] [main/INFO] [net.neoforged.fml.loading.moddiscovery.ModDiscoverer/SCAN]: Found mod file "[机械动力：紧凑型传动] create_compact_transmission-1.0.7.jar" [locator: {mods folder locator at E:\Program Files\Earth2 Reborn\.minecraft\versions\Earth2 Reborn\mods}, reader: mod manifest]
[318月2026 15:31:39.459] [main/INFO] [net.neoforged.fml.loading.moddiscovery.ModDiscoverer/SCAN]: Found mod file "[机械动力：航空学] create-aeronautics-bundled-1.21.1-1.3.2.jar" [locator: {mods folder locator at E:\Program Files\Earth2 Reborn\.minecraft\versions\Earth2 Reborn\mods}, reader: mod manifest]
[318月2026 15:31:39.461] [main/INFO] [net.neoforged.fml.loading.moddiscovery.ModDiscoverer/SCAN]: Found mod file "[机械动力：蓝图校验] createschematicchecker-2.27.45-6.0-neoforge-1.21.1.jar" [locator: {mods folder locator at E:\Program Files\Earth2 Reborn\.minecraft\versions\Earth2 Reborn\mods}, reader: mod manifest]
[318月2026 15:31:39.462] [main/INFO] [net.neoforged.fml.loading.moddiscovery.ModDiscoverer/SCAN]: Found mod file "[机械动力：附魔工业] create-enchantment-industry-2.5.3b.jar" [locator: {mods folder locator at E:\Program Files\Earth2 Reborn\.minecraft\versions\Earth2 Reborn\mods}, reader: mod manifest]
[318月2026 15:31:39.464] [main/INFO] [net.neoforged.fml.loading.moddiscovery.ModDiscoverer/SCAN]: Found mod file "[机械动力：雷达] create_radar-0.4.9.4-1.21.1.jar" [locator: {mods folder locator at E:\Program Files\Earth2 Reborn\.minecraft\versions\Earth2 Reborn\mods}, reader: mod manifest]
[318月2026 15:31:39.465] [main/INFO] [net.neoforged.fml.loading.moddiscovery.ModDiscoverer/SCAN]: Found mod file "[机械动力：高级遥控器] create_tweaked_controllers-1.21.1-1.2.7.jar" [locator: {mods folder locator at E:\Program Files\Earth2 Reborn\.minecraft\versions\Earth2 Reborn\mods}, reader: mod manifest]
[318月2026 15:31:39.466] [main/INFO] [net.neoforged.fml.loading.moddiscovery.ModDiscoverer/SCAN]: Found mod file "[机械动力：龙+] CreateDragonsPlus-1.11.7b.jar" [locator: {mods folder locator at E:\Program Files\Earth2 Reborn\.minecraft\versions\Earth2 Reborn\mods}, reader: mod manifest]
[318月2026 15:31:39.467] [main/INFO] [net.neoforged.fml.loading.moddiscovery.ModDiscoverer/SCAN]: Found mod file "[极简血量显示] Neat-1.21-47-NEOFORGE.jar" [locator: {mods folder locator at E:\Program Files\Earth2 Reborn\.minecraft\versions\Earth2 Reborn\mods}, reader: mod manifest]
[318月2026 15:31:39.468] [main/INFO] [net.neoforged.fml.loading.moddiscovery.ModDiscoverer/SCAN]: Found mod file "[树叶快速腐烂] fastleafdecay-35.jar" [locator: {mods folder locator at E:\Program Files\Earth2 Reborn\.minecraft\versions\Earth2 Reborn\mods}, reader: mod manifest]
[318月2026 15:31:39.469] [main/INFO] [net.neoforged.fml.loading.moddiscovery.ModDiscoverer/SCAN]: Found mod file "[森罗物语：兼容] kaleidoscope_compat-2.9.7-neoforge+mc1.21.1.jar" [locator: {mods folder locator at E:\Program Files\Earth2 Reborn\.minecraft\versions\Earth2 Reborn\mods}, reader: mod manifest]
[318月2026 15:31:39.470] [main/INFO] [net.neoforged.fml.loading.moddiscovery.ModDiscoverer/SCAN]: Found mod file "[森罗物语：动态结构] kaleidoscope_contraption-1.0.3.jar" [locator: {mods folder locator at E:\Program Files\Earth2 Reborn\.minecraft\versions\Earth2 Reborn\mods}, reader: mod manifest]
[318月2026 15:31:39.472] [main/INFO] [net.neoforged.fml.loading.moddiscovery.ModDiscoverer/SCAN]: Found mod file "[森罗物语：厨房] kaleidoscopecookery-1.4.1-neoforge+mc1.21.1.jar" [locator: {mods folder locator at E:\Program Files\Earth2 Reborn\.minecraft\versions\Earth2 Reborn\mods}, reader: mod manifest]
[318月2026 15:31:39.474] [main/INFO] [net.neoforged.fml.loading.moddiscovery.ModDiscoverer/SCAN]: Found mod file "[森罗物语：酒馆] kaleidoscopetavern-1.2.0-neoforge+mc1.21.1.jar" [locator: {mods folder locator at E:\Program Files\Earth2 Reborn\.minecraft\versions\Earth2 Reborn\mods}, reader: mod manifest]
[318月2026 15:31:39.475] [main/INFO] [net.neoforged.fml.loading.moddiscovery.ModDiscoverer/SCAN]: Found mod file "[水产业2／水产品2] Aquaculture-1.21.1-2.7.21.jar" [locator: {mods folder locator at E:\Program Files\Earth2 Reborn\.minecraft\versions\Earth2 Reborn\mods}, reader: mod manifest]
[318月2026 15:31:39.476] [main/INFO] [net.neoforged.fml.loading.moddiscovery.ModDiscoverer/SCAN]: Found mod file "[水产乐事] aquaculturedelight-1.2.0-neoforge-1.21.1.jar" [locator: {mods folder locator at E:\Program Files\Earth2 Reborn\.minecraft\versions\Earth2 Reborn\mods}, reader: mod manifest]
[318月2026 15:31:39.480] [main/INFO] [net.neoforged.fml.loading.moddiscovery.ModDiscoverer/SCAN]: Found mod file "[永恒星光] eternalstarlight-0.9.0+1.21.1+neoforge.jar" [locator: {mods folder locator at E:\Program Files\Earth2 Reborn\.minecraft\versions\Earth2 Reborn\mods}, reader: mod manifest]
[318月2026 15:31:39.481] [main/INFO] [net.neoforged.fml.loading.moddiscovery.ModDiscoverer/SCAN]: Found mod file "[沉浸式奏乐] immersive_melodies-neoforge-0.7.1+1.21.1.jar" [locator: {mods folder locator at E:\Program Files\Earth2 Reborn\.minecraft\versions\Earth2 Reborn\mods}, reader: mod manifest]
[318月2026 15:31:39.482] [main/INFO] [net.neoforged.fml.loading.moddiscovery.ModDiscoverer/SCAN]: Found mod file "[滑翔伞] Paraglider-neoforge-21.1.5.jar" [locator: {mods folder locator at E:\Program Files\Earth2 Reborn\.minecraft\versions\Earth2 Reborn\mods}, reader: mod manifest]
[318月2026 15:31:39.482] [main/INFO] [net.neoforged.fml.loading.moddiscovery.ModDiscoverer/SCAN]: Found mod file "[火炬大师] torchmaster-neoforge-1.21.1-21.1.9.jar" [locator: {mods folder locator at E:\Program Files\Earth2 Reborn\.minecraft\versions\Earth2 Reborn\mods}, reader: mod manifest]
[318月2026 15:31:39.484] [main/INFO] [net.neoforged.fml.loading.moddiscovery.ModDiscoverer/SCAN]: Found mod file "[火花] spark-1.10.124-neoforge.jar" [locator: {mods folder locator at E:\Program Files\Earth2 Reborn\.minecraft\versions\Earth2 Reborn\mods}, reader: mod manifest]
[318月2026 15:31:39.486] [main/INFO] [net.neoforged.fml.loading.moddiscovery.ModDiscoverer/SCAN]: Found mod file "[灾变] L_Ender's Cataclysm 1.21.1-3.33.jar" [locator: {mods folder locator at E:\Program Files\Earth2 Reborn\.minecraft\versions\Earth2 Reborn\mods}, reader: mod manifest]
[318月2026 15:31:39.487] [main/INFO] [net.neoforged.fml.loading.moddiscovery.ModDiscoverer/SCAN]: Found mod file "[烟花苦力怕] creeperfireworks-1.21.1-1.0.2.2-NEOFORGE.jar" [locator: {mods folder locator at E:\Program Files\Earth2 Reborn\.minecraft\versions\Earth2 Reborn\mods}, reader: mod manifest]
[318月2026 15:31:39.488] [main/INFO] [net.neoforged.fml.loading.moddiscovery.ModDiscoverer/SCAN]: Found mod file "[烧烤乐事] barbequesdelight-1.3.0.jar" [locator: {mods folder locator at E:\Program Files\Earth2 Reborn\.minecraft\versions\Earth2 Reborn\mods}, reader: mod manifest]
[318月2026 15:31:39.489] [main/INFO] [net.neoforged.fml.loading.moddiscovery.ModDiscoverer/SCAN]: Found mod file "[犀牛] rhino-2101.2.8-build.91.jar" [locator: {mods folder locator at E:\Program Files\Earth2 Reborn\.minecraft\versions\Earth2 Reborn\mods}, reader: mod manifest]
[318月2026 15:31:39.489] [main/INFO] [net.neoforged.fml.loading.moddiscovery.ModDiscoverer/SCAN]: Found mod file "[玉 🔍] Jade-1.21.1-NeoForge-15.10.6.jar" [locator: {mods folder locator at E:\Program Files\Earth2 Reborn\.minecraft\versions\Earth2 Reborn\mods}, reader: mod manifest]
[318月2026 15:31:39.509] [main/INFO] [net.neoforged.fml.loading.moddiscovery.ModDiscoverer/SCAN]: Found mod file "[现代化 UI] ModernUI-NeoForge-1.21.1-3.13.0.1-universal.jar" [locator: {mods folder locator at E:\Program Files\Earth2 Reborn\.minecraft\versions\Earth2 Reborn\mods}, reader: mod manifest]
[318月2026 15:31:39.511] [main/INFO] [net.neoforged.fml.loading.moddiscovery.ModDiscoverer/SCAN]: Found mod file "[现代化修复] modernfix-neoforge-5.27.23+mc1.21.1.jar" [locator: {mods folder locator at E:\Program Files\Earth2 Reborn\.minecraft\versions\Earth2 Reborn\mods}, reader: mod manifest]
[318月2026 15:31:39.512] [main/INFO] [net.neoforged.fml.loading.moddiscovery.ModDiscoverer/SCAN]: Found mod file "[直上九霄] flyhigher-1.21.1-1.0.2.jar" [locator: {mods folder locator at E:\Program Files\Earth2 Reborn\.minecraft\versions\Earth2 Reborn\mods}, reader: mod manifest]
[318月2026 15:31:39.513] [main/INFO] [net.neoforged.fml.loading.moddiscovery.ModDiscoverer/SCAN]: Found mod file "[碧海新生] upgrade_aquatic-1.21.1-7.0.1.jar" [locator: {mods folder locator at E:\Program Files\Earth2 Reborn\.minecraft\versions\Earth2 Reborn\mods}, reader: mod manifest]
[318月2026 15:31:39.514] [main/INFO] [net.neoforged.fml.loading.moddiscovery.ModDiscoverer/SCAN]: Found mod file "[经验机制改革] Clumps-neoforge-1.21.1-19.0.0.1.jar" [locator: {mods folder locator at E:\Program Files\Earth2 Reborn\.minecraft\versions\Earth2 Reborn\mods}, reader: mod manifest]
[318月2026 15:31:39.515] [main/INFO] [net.neoforged.fml.loading.moddiscovery.ModDiscoverer/SCAN]: Found mod file "[结构指南针] StructureCompass-1.21.1-4.2.1.jar" [locator: {mods folder locator at E:\Program Files\Earth2 Reborn\.minecraft\versions\Earth2 Reborn\mods}, reader: mod manifest]
[318月2026 15:31:39.516] [main/INFO] [net.neoforged.fml.loading.moddiscovery.ModDiscoverer/SCAN]: Found mod file "[网络音乐机] netmusic-1.5.1-neoforge+mc1.21.1.jar" [locator: {mods folder locator at E:\Program Files\Earth2 Reborn\.minecraft\versions\Earth2 Reborn\mods}, reader: mod manifest]
[318月2026 15:31:39.518] [main/INFO] [net.neoforged.fml.loading.moddiscovery.ModDiscoverer/SCAN]: Found mod file "[网络音乐机：播放列表] net_music_list-4.3.jar" [locator: {mods folder locator at E:\Program Files\Earth2 Reborn\.minecraft\versions\Earth2 Reborn\mods}, reader: mod manifest]
[318月2026 15:31:39.518] [main/INFO] [net.neoforged.fml.loading.moddiscovery.ModDiscoverer/SCAN]: Found mod file "[群系间谍] biomespy-neoforge-1.21.1-1.3.3.jar" [locator: {mods folder locator at E:\Program Files\Earth2 Reborn\.minecraft\versions\Earth2 Reborn\mods}, reader: mod manifest]
[318月2026 15:31:39.520] [main/INFO] [net.neoforged.fml.loading.moddiscovery.ModDiscoverer/SCAN]: Found mod file "[脚步声NeoForge版] PresenceFootsteps-1.21.1-1.12.0-beta.1-1.21NeoForge.jar" [locator: {mods folder locator at E:\Program Files\Earth2 Reborn\.minecraft\versions\Earth2 Reborn\mods}, reader: mod manifest]
[318月2026 15:31:39.521] [main/INFO] [net.neoforged.fml.loading.moddiscovery.ModDiscoverer/SCAN]: Found mod file "[自然罗盘／生物群系指南针] NaturesCompass-1.21.1-3.4.0-neoforge.jar" [locator: {mods folder locator at E:\Program Files\Earth2 Reborn\.minecraft\versions\Earth2 Reborn\mods}, reader: mod manifest]
[318月2026 15:31:39.521] [main/INFO] [net.neoforged.fml.loading.moddiscovery.ModDiscoverer/SCAN]: Found mod file "[自然音效] AmbientSounds_NEOFORGE_v6.3.8_mc1.21.1.jar" [locator: {mods folder locator at E:\Program Files\Earth2 Reborn\.minecraft\versions\Earth2 Reborn\mods}, reader: mod manifest]
[318月2026 15:31:39.522] [main/INFO] [net.neoforged.fml.loading.moddiscovery.ModDiscoverer/SCAN]: Found mod file "[航空学：Addition] aero_addition-1.0.2.jar" [locator: {mods folder locator at E:\Program Files\Earth2 Reborn\.minecraft\versions\Earth2 Reborn\mods}, reader: mod manifest]
[318月2026 15:31:39.523] [main/INFO] [net.neoforged.fml.loading.moddiscovery.ModDiscoverer/SCAN]: Found mod file "[航空学：传动与连结] create_aeronautics_transmission_linkage-0.2.7.jar" [locator: {mods folder locator at E:\Program Files\Earth2 Reborn\.minecraft\versions\Earth2 Reborn\mods}, reader: mod manifest]
[318月2026 15:31:39.525] [main/INFO] [net.neoforged.fml.loading.moddiscovery.ModDiscoverer/SCAN]: Found mod file "[节气] EclipticSeasons-1.21.1-neoforge-0.14.99-beta-2.jar" [locator: {mods folder locator at E:\Program Files\Earth2 Reborn\.minecraft\versions\Earth2 Reborn\mods}, reader: mod manifest]
[318月2026 15:31:39.526] [main/INFO] [net.neoforged.fml.loading.moddiscovery.ModDiscoverer/SCAN]: Found mod file "[节气：多维修补] Ecliptic-Seasons-MultiMod-Patch-1.21.1-neoforge-0.32.0-beta.jar" [locator: {mods folder locator at E:\Program Files\Earth2 Reborn\.minecraft\versions\Earth2 Reborn\mods}, reader: mod manifest]
[318月2026 15:31:39.528] [main/INFO] [net.neoforged.fml.loading.moddiscovery.ModDiscoverer/SCAN]: Found mod file "[节气：捆绑包] EclipticSeasons-Bundles-0.18.0.jar" [locator: {mods folder locator at E:\Program Files\Earth2 Reborn\.minecraft\versions\Earth2 Reborn\mods}, reader: mod manifest]
[318月2026 15:31:39.529] [main/INFO] [net.neoforged.fml.loading.moddiscovery.ModDiscoverer/SCAN]: Found mod file "[苦力怕改革 ／ 苦力怕革新] CreeperOverhaul-neoforge-1.21.1-4.0.6.jar" [locator: {mods folder locator at E:\Program Files\Earth2 Reborn\.minecraft\versions\Earth2 Reborn\mods}, reader: mod manifest]
[318月2026 15:31:39.529] [main/INFO] [net.neoforged.fml.loading.moddiscovery.ModDiscoverer/SCAN]: Found mod file "[苹果皮] appleskin-neoforge-mc1.21-3.0.9.jar" [locator: {mods folder locator at E:\Program Files\Earth2 Reborn\.minecraft\versions\Earth2 Reborn\mods}, reader: mod manifest]
[318月2026 15:31:39.530] [main/INFO] [net.neoforged.fml.loading.moddiscovery.ModDiscoverer/SCAN]: Found mod file "[装箱乐事] cratedelight-26.07.01-1.21-neoforge.jar" [locator: {mods folder locator at E:\Program Files\Earth2 Reborn\.minecraft\versions\Earth2 Reborn\mods}, reader: mod manifest]
[318月2026 15:31:39.531] [main/INFO] [net.neoforged.fml.loading.moddiscovery.ModDiscoverer/SCAN]: Found mod file "[装箱乐事：作物盛景] cratedelightcroptopia-24.12.27-1.21-neoforge.jar" [locator: {mods folder locator at E:\Program Files\Earth2 Reborn\.minecraft\versions\Earth2 Reborn\mods}, reader: mod manifest]
[318月2026 15:31:39.533] [main/INFO] [net.neoforged.fml.loading.moddiscovery.ModDiscoverer/SCAN]: Found mod file "[警卫村民] guardvillagers-2.4.12-1.21.1.jar" [locator: {mods folder locator at E:\Program Files\Earth2 Reborn\.minecraft\versions\Earth2 Reborn\mods}, reader: mod manifest]
[318月2026 15:31:39.534] [main/INFO] [net.neoforged.fml.loading.moddiscovery.ModDiscoverer/SCAN]: Found mod file "[超多生物群系] BiomesOPlenty-neoforge-1.21.1-21.1.0.14.jar" [locator: {mods folder locator at E:\Program Files\Earth2 Reborn\.minecraft\versions\Earth2 Reborn\mods}, reader: mod manifest]
[318月2026 15:31:39.536] [main/INFO] [net.neoforged.fml.loading.moddiscovery.ModDiscoverer/SCAN]: Found mod file "[跑酷！] ParCool-1.21.1-3.4.3.3-NF.jar" [locator: {mods folder locator at E:\Program Files\Earth2 Reborn\.minecraft\versions\Earth2 Reborn\mods}, reader: mod manifest]
[318月2026 15:31:39.537] [main/INFO] [net.neoforged.fml.loading.moddiscovery.ModDiscoverer/SCAN]: Found mod file "[轧压均质装甲：分叉版] rha-1.0.3b.jar" [locator: {mods folder locator at E:\Program Files\Earth2 Reborn\.minecraft\versions\Earth2 Reborn\mods}, reader: mod manifest]
[318月2026 15:31:39.538] [main/INFO] [net.neoforged.fml.loading.moddiscovery.ModDiscoverer/SCAN]: Found mod file "[输入法冲突修复] IMBlocker-5.5.4-neoforge+1.20.6-1.21.8.jar" [locator: {mods folder locator at E:\Program Files\Earth2 Reborn\.minecraft\versions\Earth2 Reborn\mods}, reader: mod manifest]
[318月2026 15:31:39.539] [main/INFO] [net.neoforged.fml.loading.moddiscovery.ModDiscoverer/SCAN]: Found mod file "[连锁破坏] ftb-ultimine-neoforge-2101.1.15.jar" [locator: {mods folder locator at E:\Program Files\Earth2 Reborn\.minecraft\versions\Earth2 Reborn\mods}, reader: mod manifest]
[318月2026 15:31:39.540] [main/INFO] [net.neoforged.fml.loading.moddiscovery.ModDiscoverer/SCAN]: Found mod file "[通用拼音搜索] jecharacters-1.21.1-neoforge-4.5.27.jar" [locator: {mods folder locator at E:\Program Files\Earth2 Reborn\.minecraft\versions\Earth2 Reborn\mods}, reader: mod manifest]
[318月2026 15:31:39.541] [main/INFO] [net.neoforged.fml.loading.moddiscovery.ModDiscoverer/SCAN]: Found mod file "[那不勒斯风味] neapolitan-1.21.1-6.0.1.jar" [locator: {mods folder locator at E:\Program Files\Earth2 Reborn\.minecraft\versions\Earth2 Reborn\mods}, reader: mod manifest]
[318月2026 15:31:39.543] [main/INFO] [net.neoforged.fml.loading.moddiscovery.ModDiscoverer/SCAN]: Found mod file "[配置界面] configured-neoforge-1.21.1-2.6.3.jar" [locator: {mods folder locator at E:\Program Files\Earth2 Reborn\.minecraft\versions\Earth2 Reborn\mods}, reader: mod manifest]
[318月2026 15:31:39.544] [main/INFO] [net.neoforged.fml.loading.moddiscovery.ModDiscoverer/SCAN]: Found mod file "[鈇] flerovium-neoforge-1.21.1-1.1.2-all.jar" [locator: {mods folder locator at E:\Program Files\Earth2 Reborn\.minecraft\versions\Earth2 Reborn\mods}, reader: mod manifest]
[318月2026 15:31:39.546] [main/INFO] [net.neoforged.fml.loading.moddiscovery.ModDiscoverer/SCAN]: Found mod file "[铁氧体磁芯] ferritecore-7.0.3-neoforge.jar" [locator: {mods folder locator at E:\Program Files\Earth2 Reborn\.minecraft\versions\Earth2 Reborn\mods}, reader: mod manifest]
[318月2026 15:31:39.547] [main/INFO] [net.neoforged.fml.loading.moddiscovery.ModDiscoverer/SCAN]: Found mod file "[锂] lithium-neoforge-0.15.4+mc1.21.1.jar" [locator: {mods folder locator at E:\Program Files\Earth2 Reborn\.minecraft\versions\Earth2 Reborn\mods}, reader: mod manifest]
[318月2026 15:31:39.550] [main/INFO] [net.neoforged.fml.loading.moddiscovery.ModDiscoverer/SCAN]: Found mod file "[锦致装饰] supplementaries-1.21.1-3.9.6-neoforge.jar" [locator: {mods folder locator at E:\Program Files\Earth2 Reborn\.minecraft\versions\Earth2 Reborn\mods}, reader: mod manifest]
[318月2026 15:31:39.551] [main/INFO] [net.neoforged.fml.loading.moddiscovery.ModDiscoverer/SCAN]: Found mod file "[键位冲突显示] Controlling-neoforge-1.21.1-19.0.5.jar" [locator: {mods folder locator at E:\Program Files\Earth2 Reborn\.minecraft\versions\Earth2 Reborn\mods}, reader: mod manifest]
[318月2026 15:31:39.553] [main/INFO] [net.neoforged.fml.loading.moddiscovery.ModDiscoverer/SCAN]: Found mod file "[附魔描述] enchdesc-neoforge-1.21.1-21.1.11.jar" [locator: {mods folder locator at E:\Program Files\Earth2 Reborn\.minecraft\versions\Earth2 Reborn\mods}, reader: mod manifest]
[318月2026 15:31:39.554] [main/INFO] [MultiVersionModReader/]: [Multiversion Loader NeoForge 1.21.1]: Found mod candidate at E:\Program Files\Earth2 Reborn\.minecraft\versions\Earth2 Reborn\mods\[音乐触发器] musictriggers-7.0.4.jar
[318月2026 15:31:39.554] [main/INFO] [MultiVersionModReader/]: [Multiversion Loader NeoForge 1.21.1]: Checking if file [音乐触发器] musictriggers-7.0.4.jar is the loader
[318月2026 15:31:39.554] [main/INFO] [The Impossible Library/]: Locating loader class mods.thecomputerizer.musictriggers.api.core.MTCoreEntryPoint (for = cpw.mods.cl.ModuleClassLoader@23fe1d71 | core = cpw.mods.cl.ModuleClassLoader@23fe1d71)
[318月2026 15:31:39.559] [main/INFO] [The Impossible Library/]: Constructing MTCoreEntryPoint on ClassLoader cpw.mods.cl.ModuleClassLoader@23fe1d71
[318月2026 15:31:39.559] [main/INFO] [The Impossible Library/]: SoundHandler name is net/minecraft/client/sounds/SoundManager
[318月2026 15:31:39.559] [main/INFO] [The Impossible Library/]: MusicTicker name is net/minecraft/client/sounds/MusicManager
[318月2026 15:31:39.559] [main/INFO] [The Impossible Library CoreAPI [1.21.1] [NeoForge] [dedicated_client]/]: Successfully instantiated coremod for musictriggers as `Music Triggers`!
[318月2026 15:31:39.559] [main/INFO] [The Impossible Library/]: Locating loader class mods.thecomputerizer.musictriggers.api.common.MTCommonEntryPoint (for = cpw.mods.cl.ModuleClassLoader@23fe1d71 | core = cpw.mods.cl.ModuleClassLoader@23fe1d71)
[318月2026 15:31:39.560] [main/INFO] [net.neoforged.fml.loading.moddiscovery.ModDiscoverer/SCAN]: Found mod file "[音乐触发器] musictriggers-7.0.4.jar" [parent: [音乐触发器] musictriggers-7.0.4.jar, locator: {mods folder locator at E:\Program Files\Earth2 Reborn\.minecraft\versions\Earth2 Reborn\mods}, reader: mods.thecomputerizer.theimpossiblelibrary.neoforge.v21.core.MultiVersionModReader@76e4212]
[318月2026 15:31:39.561] [main/INFO] [net.neoforged.fml.loading.moddiscovery.ModDiscoverer/SCAN]: Found mod file "[预生成区块] Chunky-NeoForge-1.4.23.jar" [locator: {mods folder locator at E:\Program Files\Earth2 Reborn\.minecraft\versions\Earth2 Reborn\mods}, reader: mod manifest]
[318月2026 15:31:39.562] [main/INFO] [net.neoforged.fml.loading.moddiscovery.ModDiscoverer/SCAN]: Found mod file "[鼠标手势] MouseTweaks-neoforge-mc1.21-2.26.1.jar" [locator: {mods folder locator at E:\Program Files\Earth2 Reborn\.minecraft\versions\Earth2 Reborn\mods}, reader: mod manifest]
[318月2026 15:31:39.563] [main/INFO] [net.neoforged.fml.loading.moddiscovery.ModDiscoverer/SCAN]: Found mod file "abnormals_delight-1.21.1-6.0.2.jar" [locator: {mods folder locator at E:\Program Files\Earth2 Reborn\.minecraft\versions\Earth2 Reborn\mods}, reader: mod manifest]
[318月2026 15:31:39.564] [main/INFO] [net.neoforged.fml.loading.moddiscovery.ModDiscoverer/SCAN]: Found mod file "aerocopycats-1.1.1.jar" [locator: {mods folder locator at E:\Program Files\Earth2 Reborn\.minecraft\versions\Earth2 Reborn\mods}, reader: mod manifest]
[318月2026 15:31:39.565] [main/INFO] [net.neoforged.fml.loading.moddiscovery.ModDiscoverer/SCAN]: Found mod file "aeronauticscompat-1.1.3.jar" [locator: {mods folder locator at E:\Program Files\Earth2 Reborn\.minecraft\versions\Earth2 Reborn\mods}, reader: mod manifest]
[318月2026 15:31:39.566] [main/INFO] [net.neoforged.fml.loading.moddiscovery.ModDiscoverer/SCAN]: Found mod file "aeronautscompass-1.1.0.jar" [locator: {mods folder locator at E:\Program Files\Earth2 Reborn\.minecraft\versions\Earth2 Reborn\mods}, reader: mod manifest]
[318月2026 15:31:39.567] [main/INFO] [net.neoforged.fml.loading.moddiscovery.ModDiscoverer/SCAN]: Found mod file "aerovive-fix-1.0.3.jar" [locator: {mods folder locator at E:\Program Files\Earth2 Reborn\.minecraft\versions\Earth2 Reborn\mods}, reader: mod manifest]
[318月2026 15:31:39.567] [main/INFO] [net.neoforged.fml.loading.moddiscovery.ModDiscoverer/SCAN]: Found mod file "aeroworks-1.5.0.jar" [locator: {mods folder locator at E:\Program Files\Earth2 Reborn\.minecraft\versions\Earth2 Reborn\mods}, reader: mod manifest]
[318月2026 15:31:39.569] [main/INFO] [net.neoforged.fml.loading.moddiscovery.ModDiscoverer/SCAN]: Found mod file "alexsdelight-1.6.jar" [locator: {mods folder locator at E:\Program Files\Earth2 Reborn\.minecraft\versions\Earth2 Reborn\mods}, reader: mod manifest]
[318月2026 15:31:39.571] [main/INFO] [net.neoforged.fml.loading.moddiscovery.ModDiscoverer/SCAN]: Found mod file "alexsmobs-2.1.8-neoforge+1.21.1.jar" [locator: {mods folder locator at E:\Program Files\Earth2 Reborn\.minecraft\versions\Earth2 Reborn\mods}, reader: mod manifest]
[318月2026 15:31:39.572] [main/INFO] [net.neoforged.fml.loading.moddiscovery.ModDiscoverer/SCAN]: Found mod file "alltheleaks-1.1.12+1.21.1-neoforge.jar" [locator: {mods folder locator at E:\Program Files\Earth2 Reborn\.minecraft\versions\Earth2 Reborn\mods}, reader: mod manifest]
[318月2026 15:31:39.573] [main/INFO] [net.neoforged.fml.loading.moddiscovery.ModDiscoverer/SCAN]: Found mod file "AlwaysEat-neoforge-1.0.0.jar" [locator: {mods folder locator at E:\Program Files\Earth2 Reborn\.minecraft\versions\Earth2 Reborn\mods}, reader: mod manifest]
[318月2026 15:31:39.574] [main/INFO] [net.neoforged.fml.loading.moddiscovery.ModDiscoverer/SCAN]: Found mod file "ambientgogga-1.0.0.jar" [locator: {mods folder locator at E:\Program Files\Earth2 Reborn\.minecraft\versions\Earth2 Reborn\mods}, reader: mod manifest]
[318月2026 15:31:39.575] [main/INFO] [net.neoforged.fml.loading.moddiscovery.ModDiscoverer/SCAN]: Found mod file "arcadia-better-creative-1.1.0.jar" [locator: {mods folder locator at E:\Program Files\Earth2 Reborn\.minecraft\versions\Earth2 Reborn\mods}, reader: mod manifest]
[318月2026 15:31:39.576] [main/INFO] [net.neoforged.fml.loading.moddiscovery.ModDiscoverer/SCAN]: Found mod file "architectury-13.0.11-neoforge.jar" [locator: {mods folder locator at E:\Program Files\Earth2 Reborn\.minecraft\versions\Earth2 Reborn\mods}, reader: mod manifest]
[318月2026 15:31:39.577] [main/INFO] [net.neoforged.fml.loading.moddiscovery.ModDiscoverer/SCAN]: Found mod file "balm-neoforge-1.21.1-21.0.65.jar" [locator: {mods folder locator at E:\Program Files\Earth2 Reborn\.minecraft\versions\Earth2 Reborn\mods}, reader: mod manifest]
[318月2026 15:31:39.578] [main/INFO] [net.neoforged.fml.loading.moddiscovery.ModDiscoverer/SCAN]: Found mod file "bclib-21.0.26.jar" [locator: {mods folder locator at E:\Program Files\Earth2 Reborn\.minecraft\versions\Earth2 Reborn\mods}, reader: mod manifest]
[318月2026 15:31:39.578] [main/INFO] [net.neoforged.fml.loading.moddiscovery.ModDiscoverer/SCAN]: Found mod file "better-advanced-tooltips-2101.1.0-build.5.jar" [locator: {mods folder locator at E:\Program Files\Earth2 Reborn\.minecraft\versions\Earth2 Reborn\mods}, reader: mod manifest]
[318月2026 15:31:39.581] [main/INFO] [net.neoforged.fml.loading.moddiscovery.ModDiscoverer/SCAN]: Found mod file "BetterEnd-21.0.34.jar" [locator: {mods folder locator at E:\Program Files\Earth2 Reborn\.minecraft\versions\Earth2 Reborn\mods}, reader: mod manifest]
[318月2026 15:31:39.582] [main/INFO] [net.neoforged.fml.loading.moddiscovery.ModDiscoverer/SCAN]: Found mod file "betterendfix-1.0.0.jar" [locator: {mods folder locator at E:\Program Files\Earth2 Reborn\.minecraft\versions\Earth2 Reborn\mods}, reader: mod manifest]
[318月2026 15:31:39.583] [main/INFO] [net.neoforged.fml.loading.moddiscovery.ModDiscoverer/SCAN]: Found mod file "BetterFoliageRenewed-NeoForge-1.21-0.0.0-indev.jar" [locator: {mods folder locator at E:\Program Files\Earth2 Reborn\.minecraft\versions\Earth2 Reborn\mods}, reader: mod manifest]
[318月2026 15:31:39.584] [main/INFO] [net.neoforged.fml.loading.moddiscovery.ModDiscoverer/SCAN]: Found mod file "biomespawnpoint-1.21.1-2.4.jar" [locator: {mods folder locator at E:\Program Files\Earth2 Reborn\.minecraft\versions\Earth2 Reborn\mods}, reader: mod manifest]
[318月2026 15:31:39.585] [main/INFO] [net.neoforged.fml.loading.moddiscovery.ModDiscoverer/SCAN]: Found mod file "bits_n_bobs-0.0.44.jar" [locator: {mods folder locator at E:\Program Files\Earth2 Reborn\.minecraft\versions\Earth2 Reborn\mods}, reader: mod manifest]
[318月2026 15:31:39.586] [main/INFO] [net.neoforged.fml.loading.moddiscovery.ModDiscoverer/SCAN]: Found mod file "blueprint-1.21.1-8.1.1.jar" [locator: {mods folder locator at E:\Program Files\Earth2 Reborn\.minecraft\versions\Earth2 Reborn\mods}, reader: mod manifest]
[318月2026 15:31:39.587] [main/INFO] [net.neoforged.fml.loading.moddiscovery.ModDiscoverer/SCAN]: Found mod file "bookshelf-neoforge-1.21.1-21.1.81.jar" [locator: {mods folder locator at E:\Program Files\Earth2 Reborn\.minecraft\versions\Earth2 Reborn\mods}, reader: mod manifest]
[318月2026 15:31:39.587] [main/INFO] [net.neoforged.fml.loading.moddiscovery.ModDiscoverer/SCAN]: Found mod file "bwgaddon-1.0.0.jar" [locator: {mods folder locator at E:\Program Files\Earth2 Reborn\.minecraft\versions\Earth2 Reborn\mods}, reader: mod manifest]
[318月2026 15:31:39.589] [main/INFO] [net.neoforged.fml.loading.moddiscovery.ModDiscoverer/SCAN]: Found mod file "byepregen-1.21.1-1.1.2.1.jar" [locator: {mods folder locator at E:\Program Files\Earth2 Reborn\.minecraft\versions\Earth2 Reborn\mods}, reader: mod manifest]
[318月2026 15:31:39.590] [main/INFO] [net.neoforged.fml.loading.moddiscovery.ModDiscoverer/SCAN]: Found mod file "carryon-neoforge-1.21.1-2.2.4.4-patched-no-slowness.jar" [locator: {mods folder locator at E:\Program Files\Earth2 Reborn\.minecraft\versions\Earth2 Reborn\mods}, reader: mod manifest]
[318月2026 15:31:39.591] [main/INFO] [net.neoforged.fml.loading.moddiscovery.ModDiscoverer/SCAN]: Found mod file "cbc_equally_opposite-0.1.3.jar" [locator: {mods folder locator at E:\Program Files\Earth2 Reborn\.minecraft\versions\Earth2 Reborn\mods}, reader: mod manifest]
[318月2026 15:31:39.593] [main/INFO] [net.neoforged.fml.loading.moddiscovery.ModDiscoverer/SCAN]: Found mod file "cc-tweaked-1.21.1-forge-1.120.2.jar" [locator: {mods folder locator at E:\Program Files\Earth2 Reborn\.minecraft\versions\Earth2 Reborn\mods}, reader: mod manifest]
[318月2026 15:31:39.593] [main/INFO] [net.neoforged.fml.loading.moddiscovery.ModDiscoverer/SCAN]: Found mod file "cc_sable-neoforge-1.3.4.jar" [locator: {mods folder locator at E:\Program Files\Earth2 Reborn\.minecraft\versions\Earth2 Reborn\mods}, reader: mod manifest]
[318月2026 15:31:39.594] [main/INFO] [net.neoforged.fml.loading.moddiscovery.ModDiscoverer/SCAN]: Found mod file "cesfix-1.0.0.jar" [locator: {mods folder locator at E:\Program Files\Earth2 Reborn\.minecraft\versions\Earth2 Reborn\mods}, reader: mod manifest]
[318月2026 15:31:39.595] [main/INFO] [net.neoforged.fml.loading.moddiscovery.ModDiscoverer/SCAN]: Found mod file "Chimes-v2.1.1-1.21.1-NeoForge.jar" [locator: {mods folder locator at E:\Program Files\Earth2 Reborn\.minecraft\versions\Earth2 Reborn\mods}, reader: mod manifest]
[318月2026 15:31:39.596] [main/INFO] [net.neoforged.fml.loading.moddiscovery.ModDiscoverer/SCAN]: Found mod file "chunksending-1.21-3.9.jar" [locator: {mods folder locator at E:\Program Files\Earth2 Reborn\.minecraft\versions\Earth2 Reborn\mods}, reader: mod manifest]
[318月2026 15:31:39.598] [main/INFO] [net.neoforged.fml.loading.moddiscovery.ModDiscoverer/SCAN]: Found mod file "citadel-2.7.1-1.21.1.jar" [locator: {mods folder locator at E:\Program Files\Earth2 Reborn\.minecraft\versions\Earth2 Reborn\mods}, reader: mod manifest]
[318月2026 15:31:39.599] [main/INFO] [net.neoforged.fml.loading.moddiscovery.ModDiscoverer/SCAN]: Found mod file "citresewn-neoforge-1.2.2+1.21.1.jar" [locator: {mods folder locator at E:\Program Files\Earth2 Reborn\.minecraft\versions\Earth2 Reborn\mods}, reader: mod manifest]
[318月2026 15:31:39.599] [main/INFO] [net.neoforged.fml.loading.moddiscovery.ModDiscoverer/SCAN]: Found mod file "clientsort-neoforge-3.89.0-beta.2+1.21.1.jar" [locator: {mods folder locator at E:\Program Files\Earth2 Reborn\.minecraft\versions\Earth2 Reborn\mods}, reader: mod manifest]
[318月2026 15:31:39.600] [main/INFO] [net.neoforged.fml.loading.moddiscovery.ModDiscoverer/SCAN]: Found mod file "cloth-config-15.0.140-neoforge.jar" [locator: {mods folder locator at E:\Program Files\Earth2 Reborn\.minecraft\versions\Earth2 Reborn\mods}, reader: mod manifest]
[318月2026 15:31:39.603] [main/INFO] [net.neoforged.fml.loading.moddiscovery.ModDiscoverer/SCAN]: Found mod file "cluttered-[NeoForge]-3.0.3-1.21.1.jar" [locator: {mods folder locator at E:\Program Files\Earth2 Reborn\.minecraft\versions\Earth2 Reborn\mods}, reader: mod manifest]
[318月2026 15:31:39.604] [main/INFO] [net.neoforged.fml.loading.moddiscovery.ModDiscoverer/SCAN]: Found mod file "codxlib-1.5.1-neoforge+1.21.1.jar" [locator: {mods folder locator at E:\Program Files\Earth2 Reborn\.minecraft\versions\Earth2 Reborn\mods}, reader: mod manifest]
[318月2026 15:31:39.605] [main/INFO] [net.neoforged.fml.loading.moddiscovery.ModDiscoverer/SCAN]: Found mod file "collective-1.21.1-8.39.jar" [locator: {mods folder locator at E:\Program Files\Earth2 Reborn\.minecraft\versions\Earth2 Reborn\mods}, reader: mod manifest]
[318月2026 15:31:39.606] [main/INFO] [net.neoforged.fml.loading.moddiscovery.ModDiscoverer/SCAN]: Found mod file "collectorsalbum-neoforge-2.8.0+1.21.1.jar" [locator: {mods folder locator at E:\Program Files\Earth2 Reborn\.minecraft\versions\Earth2 Reborn\mods}, reader: mod manifest]
[318月2026 15:31:39.607] [main/INFO] [net.neoforged.fml.loading.moddiscovery.ModDiscoverer/SCAN]: Found mod file "colorwheel-neoforge-1.2.9+mc1.21.1.jar" [locator: {mods folder locator at E:\Program Files\Earth2 Reborn\.minecraft\versions\Earth2 Reborn\mods}, reader: mod manifest]
[318月2026 15:31:39.608] [main/INFO] [net.neoforged.fml.loading.moddiscovery.ModDiscoverer/SCAN]: Found mod file "colorwheel_patcher-neoforge-1.0.5+mc1.21.1.jar" [locator: {mods folder locator at E:\Program Files\Earth2 Reborn\.minecraft\versions\Earth2 Reborn\mods}, reader: mod manifest]
[318月2026 15:31:39.609] [main/INFO] [net.neoforged.fml.loading.moddiscovery.ModDiscoverer/SCAN]: Found mod file "configuration-neoforge-1.21.1-3.1.1.jar" [locator: {mods folder locator at E:\Program Files\Earth2 Reborn\.minecraft\versions\Earth2 Reborn\mods}, reader: mod manifest]
[318月2026 15:31:39.609] [main/INFO] [net.neoforged.fml.loading.moddiscovery.ModDiscoverer/SCAN]: Found library file "ConfiguredDefaults-v21.1.3-1.21.1-NeoForge.jar" [locator: {mods folder locator at E:\Program Files\Earth2 Reborn\.minecraft\versions\Earth2 Reborn\mods}, reader: mod manifest]
[318月2026 15:31:39.611] [main/INFO] [net.neoforged.fml.loading.moddiscovery.ModDiscoverer/SCAN]: Found mod file "continuity-3.0.1-0.0.1.jar" [locator: {mods folder locator at E:\Program Files\Earth2 Reborn\.minecraft\versions\Earth2 Reborn\mods}, reader: mod manifest]
[318月2026 15:31:39.612] [main/INFO] [net.neoforged.fml.loading.moddiscovery.ModDiscoverer/SCAN]: Found mod file "Corgilib-NeoForge-1.21.1-5.0.0.9.jar" [locator: {mods folder locator at E:\Program Files\Earth2 Reborn\.minecraft\versions\Earth2 Reborn\mods}, reader: mod manifest]
[318月2026 15:31:39.613] [main/INFO] [net.neoforged.fml.loading.moddiscovery.ModDiscoverer/SCAN]: Found mod file "crawlondemand-1.21-1.21.5-1.2.0+neoforge.jar" [locator: {mods folder locator at E:\Program Files\Earth2 Reborn\.minecraft\versions\Earth2 Reborn\mods}, reader: mod manifest]
[318月2026 15:31:39.614] [main/INFO] [net.neoforged.fml.loading.moddiscovery.ModDiscoverer/SCAN]: Found mod file "create_easy_structures-0.2a-neoforge-1.21.1.jar" [locator: {mods folder locator at E:\Program Files\Earth2 Reborn\.minecraft\versions\Earth2 Reborn\mods}, reader: mod manifest]
[318月2026 15:31:39.615] [main/INFO] [net.neoforged.fml.loading.moddiscovery.ModDiscoverer/SCAN]: Found mod file "createaeronauticscurios-neoforge-1.21.1-2.2.jar" [locator: {mods folder locator at E:\Program Files\Earth2 Reborn\.minecraft\versions\Earth2 Reborn\mods}, reader: mod manifest]
[318月2026 15:31:39.616] [main/INFO] [net.neoforged.fml.loading.moddiscovery.ModDiscoverer/SCAN]: Found mod file "createbetterfps-1.21.1-1.1.4.jar" [locator: {mods folder locator at E:\Program Files\Earth2 Reborn\.minecraft\versions\Earth2 Reborn\mods}, reader: mod manifest]
[318月2026 15:31:39.617] [main/INFO] [net.neoforged.fml.loading.moddiscovery.ModDiscoverer/SCAN]: Found mod file "createcobblestone-1.5.0+neoforge-1.21.1-153.jar" [locator: {mods folder locator at E:\Program Files\Earth2 Reborn\.minecraft\versions\Earth2 Reborn\mods}, reader: mod manifest]
[318月2026 15:31:39.620] [main/INFO] [net.neoforged.fml.loading.moddiscovery.ModDiscoverer/SCAN]: Found mod file "createdeco-2.1.3.jar" [locator: {mods folder locator at E:\Program Files\Earth2 Reborn\.minecraft\versions\Earth2 Reborn\mods}, reader: mod manifest]
[318月2026 15:31:39.621] [main/INFO] [net.neoforged.fml.loading.moddiscovery.ModDiscoverer/SCAN]: Found mod file "createefficientvisuals-1.21.1-0.2.0.jar" [locator: {mods folder locator at E:\Program Files\Earth2 Reborn\.minecraft\versions\Earth2 Reborn\mods}, reader: mod manifest]
[318月2026 15:31:39.622] [main/INFO] [net.neoforged.fml.loading.moddiscovery.ModDiscoverer/SCAN]: Found mod file "CreativeCore_NEOFORGE_v2.13.44_mc1.21.1.jar" [locator: {mods folder locator at E:\Program Files\Earth2 Reborn\.minecraft\versions\Earth2 Reborn\mods}, reader: mod manifest]
[318月2026 15:31:39.623] [main/INFO] [net.neoforged.fml.loading.moddiscovery.ModDiscoverer/SCAN]: Found mod file "cupboard-1.21.1-4.1.jar" [locator: {mods folder locator at E:\Program Files\Earth2 Reborn\.minecraft\versions\Earth2 Reborn\mods}, reader: mod manifest]
[318月2026 15:31:39.624] [main/INFO] [net.neoforged.fml.loading.moddiscovery.ModDiscoverer/SCAN]: Found mod file "curios-neoforge-9.5.1+1.21.1.jar" [locator: {mods folder locator at E:\Program Files\Earth2 Reborn\.minecraft\versions\Earth2 Reborn\mods}, reader: mod manifest]
[318月2026 15:31:39.636] [main/INFO] [net.neoforged.fml.loading.moddiscovery.ModDiscoverer/SCAN]: Found mod file "Design-n-Decor-1.21.1-2.2b.jar" [locator: {mods folder locator at E:\Program Files\Earth2 Reborn\.minecraft\versions\Earth2 Reborn\mods}, reader: mod manifest]
[318月2026 15:31:39.637] [main/INFO] [net.neoforged.fml.loading.moddiscovery.ModDiscoverer/SCAN]: Found mod file "dnd_aero_compat-1.0.0.jar" [locator: {mods folder locator at E:\Program Files\Earth2 Reborn\.minecraft\versions\Earth2 Reborn\mods}, reader: mod manifest]
[318月2026 15:31:39.637] [main/INFO] [net.neoforged.fml.loading.moddiscovery.ModDiscoverer/SCAN]: Found mod file "do_a_barrel_roll-neoforge-3.7.3+1.21.jar" [locator: {mods folder locator at E:\Program Files\Earth2 Reborn\.minecraft\versions\Earth2 Reborn\mods}, reader: mod manifest]
[318月2026 15:31:39.639] [main/INFO] [net.neoforged.fml.loading.moddiscovery.ModDiscoverer/SCAN]: Found mod file "efficient_hashing-neoforge-1.0.0+1.21.1-mod.jar" [locator: {mods folder locator at E:\Program Files\Earth2 Reborn\.minecraft\versions\Earth2 Reborn\mods}, reader: mod manifest]
[318月2026 15:31:39.640] [main/INFO] [net.neoforged.fml.loading.moddiscovery.ModDiscoverer/SCAN]: Found mod file "ender_bags-1.0.0.jar" [locator: {mods folder locator at E:\Program Files\Earth2 Reborn\.minecraft\versions\Earth2 Reborn\mods}, reader: mod manifest]
[318月2026 15:31:39.641] [main/INFO] [net.neoforged.fml.loading.moddiscovery.ModDiscoverer/SCAN]: Found mod file "EpheroLib-1.21.1-NEO-FORGE-1.2.0.jar" [locator: {mods folder locator at E:\Program Files\Earth2 Reborn\.minecraft\versions\Earth2 Reborn\mods}, reader: mod manifest]
[318月2026 15:31:39.642] [main/INFO] [net.neoforged.fml.loading.moddiscovery.ModDiscoverer/SCAN]: Found mod file "exoticbirds-1.0.0.jar" [locator: {mods folder locator at E:\Program Files\Earth2 Reborn\.minecraft\versions\Earth2 Reborn\mods}, reader: mod manifest]
[318月2026 15:31:39.642] [main/INFO] [net.neoforged.fml.loading.moddiscovery.ModDiscoverer/SCAN]: Found mod file "fasttag-1.21.1-26.1-neoforge.jar" [locator: {mods folder locator at E:\Program Files\Earth2 Reborn\.minecraft\versions\Earth2 Reborn\mods}, reader: mod manifest]
[318月2026 15:31:39.643] [main/INFO] [net.neoforged.fml.loading.moddiscovery.ModDiscoverer/SCAN]: Found mod file "framework-neoforge-1.21.1-0.13.11.jar" [locator: {mods folder locator at E:\Program Files\Earth2 Reborn\.minecraft\versions\Earth2 Reborn\mods}, reader: mod manifest]
[318月2026 15:31:39.644] [main/INFO] [net.neoforged.fml.loading.moddiscovery.ModDiscoverer/SCAN]: Found mod file "ftb-essentials-neoforge-2101.1.10.jar" [locator: {mods folder locator at E:\Program Files\Earth2 Reborn\.minecraft\versions\Earth2 Reborn\mods}, reader: mod manifest]
[318月2026 15:31:39.645] [main/INFO] [net.neoforged.fml.loading.moddiscovery.ModDiscoverer/SCAN]: Found mod file "ftb-library-neoforge-2101.1.35.jar" [locator: {mods folder locator at E:\Program Files\Earth2 Reborn\.minecraft\versions\Earth2 Reborn\mods}, reader: mod manifest]
[318月2026 15:31:39.646] [main/INFO] [net.neoforged.fml.loading.moddiscovery.ModDiscoverer/SCAN]: Found mod file "ftbxaerocompat-neoforge-1.1.4.jar" [locator: {mods folder locator at E:\Program Files\Earth2 Reborn\.minecraft\versions\Earth2 Reborn\mods}, reader: mod manifest]
[318月2026 15:31:39.647] [main/INFO] [net.neoforged.fml.loading.moddiscovery.ModDiscoverer/SCAN]: Found mod file "geckolib-neoforge-1.21.1-4.9.2.jar" [locator: {mods folder locator at E:\Program Files\Earth2 Reborn\.minecraft\versions\Earth2 Reborn\mods}, reader: mod manifest]
[318月2026 15:31:39.647] [main/INFO] [net.neoforged.fml.loading.moddiscovery.ModDiscoverer/SCAN]: Found mod file "GlitchCore-neoforge-1.21.1-2.1.0.2.jar" [locator: {mods folder locator at E:\Program Files\Earth2 Reborn\.minecraft\versions\Earth2 Reborn\mods}, reader: mod manifest]
[318月2026 15:31:39.648] [main/INFO] [net.neoforged.fml.loading.moddiscovery.ModDiscoverer/SCAN]: Found mod file "globalrules-1.21.1-1.0.jar" [locator: {mods folder locator at E:\Program Files\Earth2 Reborn\.minecraft\versions\Earth2 Reborn\mods}, reader: mod manifest]
[318月2026 15:31:39.649] [main/INFO] [net.neoforged.fml.loading.moddiscovery.ModDiscoverer/SCAN]: Found mod file "graveyard-2.6.2 NeoForge 1.21.1.jar" [locator: {mods folder locator at E:\Program Files\Earth2 Reborn\.minecraft\versions\Earth2 Reborn\mods}, reader: mod manifest]
[318月2026 15:31:39.650] [main/INFO] [net.neoforged.fml.loading.moddiscovery.ModDiscoverer/SCAN]: Found mod file "horseman-neoforge-1.21.1-1.5.13.jar" [locator: {mods folder locator at E:\Program Files\Earth2 Reborn\.minecraft\versions\Earth2 Reborn\mods}, reader: mod manifest]
[318月2026 15:31:39.650] [main/INFO] [net.neoforged.fml.loading.moddiscovery.ModDiscoverer/SCAN]: Found mod file "ImmediatelyFast-NeoForge-1.6.13+1.21.1.jar" [locator: {mods folder locator at E:\Program Files\Earth2 Reborn\.minecraft\versions\Earth2 Reborn\mods}, reader: mod manifest]
[318月2026 15:31:39.651] [main/INFO] [net.neoforged.fml.loading.moddiscovery.ModDiscoverer/SCAN]: Found mod file "iris-neoforge-1.8.14-beta.1+mc1.21.1.jar" [locator: {mods folder locator at E:\Program Files\Earth2 Reborn\.minecraft\versions\Earth2 Reborn\mods}, reader: mod manifest]
[318月2026 15:31:39.653] [main/INFO] [net.neoforged.fml.loading.moddiscovery.ModDiscoverer/SCAN]: Found mod file "irisveil-0.3.0.jar" [locator: {mods folder locator at E:\Program Files\Earth2 Reborn\.minecraft\versions\Earth2 Reborn\mods}, reader: mod manifest]
[318月2026 15:31:39.654] [main/INFO] [net.neoforged.fml.loading.moddiscovery.ModDiscoverer/SCAN]: Found mod file "Jade-VS-neoforge-1.21.1-2.0.0.jar" [locator: {mods folder locator at E:\Program Files\Earth2 Reborn\.minecraft\versions\Earth2 Reborn\mods}, reader: mod manifest]
[318月2026 15:31:39.654] [main/INFO] [net.neoforged.fml.loading.moddiscovery.ModDiscoverer/SCAN]: Found mod file "JadeAddons-1.21.1-NeoForge-6.1.0.jar" [locator: {mods folder locator at E:\Program Files\Earth2 Reborn\.minecraft\versions\Earth2 Reborn\mods}, reader: mod manifest]
[318月2026 15:31:39.655] [main/INFO] [net.neoforged.fml.loading.moddiscovery.ModDiscoverer/SCAN]: Found mod file "jumpoverfences-1.0-SNAPSHOT.jar" [locator: {mods folder locator at E:\Program Files\Earth2 Reborn\.minecraft\versions\Earth2 Reborn\mods}, reader: mod manifest]
[318月2026 15:31:39.656] [main/INFO] [net.neoforged.fml.loading.moddiscovery.ModDiscoverer/SCAN]: Found mod file "Kiwi-1.21.1-NeoForge-15.8.7.jar" [locator: {mods folder locator at E:\Program Files\Earth2 Reborn\.minecraft\versions\Earth2 Reborn\mods}, reader: mod manifest]
[318月2026 15:31:39.657] [main/INFO] [net.neoforged.fml.loading.moddiscovery.ModDiscoverer/SCAN]: Found library file "kotlinforforge-5.12.0-all.jar" [locator: {mods folder locator at E:\Program Files\Earth2 Reborn\.minecraft\versions\Earth2 Reborn\mods}, reader: mod manifest]
[318月2026 15:31:39.659] [main/INFO] [net.neoforged.fml.loading.moddiscovery.ModDiscoverer/SCAN]: Found mod file "krypton_fnp-neoforge-1.21.1-0.2.28.1-1.21.1.jar" [locator: {mods folder locator at E:\Program Files\Earth2 Reborn\.minecraft\versions\Earth2 Reborn\mods}, reader: mod manifest]
[318月2026 15:31:39.660] [main/INFO] [net.neoforged.fml.loading.moddiscovery.ModDiscoverer/SCAN]: Found mod file "kubejs-create-neoforge-2101.3.1-build.18.jar" [locator: {mods folder locator at E:\Program Files\Earth2 Reborn\.minecraft\versions\Earth2 Reborn\mods}, reader: mod manifest]
[318月2026 15:31:39.661] [main/INFO] [net.neoforged.fml.loading.moddiscovery.ModDiscoverer/SCAN]: Found mod file "kubejs-neoforge-2101.7.2-build.374.jar" [locator: {mods folder locator at E:\Program Files\Earth2 Reborn\.minecraft\versions\Earth2 Reborn\mods}, reader: mod manifest]
[318月2026 15:31:39.662] [main/INFO] [net.neoforged.fml.loading.moddiscovery.ModDiscoverer/SCAN]: Found mod file "ldlib2-neoforge-1.21.1-2.2.37-all.jar" [locator: {mods folder locator at E:\Program Files\Earth2 Reborn\.minecraft\versions\Earth2 Reborn\mods}, reader: mod manifest]
[318月2026 15:31:39.663] [main/INFO] [net.neoforged.fml.loading.moddiscovery.ModDiscoverer/SCAN]: Found mod file "leaky-1.21-3.4.jar" [locator: {mods folder locator at E:\Program Files\Earth2 Reborn\.minecraft\versions\Earth2 Reborn\mods}, reader: mod manifest]
[318月2026 15:31:39.663] [main/INFO] [net.neoforged.fml.loading.moddiscovery.ModDiscoverer/SCAN]: Found mod file "libraryferret-neoforge-1.21.1-4.0.0.jar" [locator: {mods folder locator at E:\Program Files\Earth2 Reborn\.minecraft\versions\Earth2 Reborn\mods}, reader: mod manifest]
[318月2026 15:31:39.666] [main/INFO] [net.neoforged.fml.loading.moddiscovery.ModDiscoverer/SCAN]: Found mod file "lightmanscurrency-1.21-2.3.0.5.jar" [locator: {mods folder locator at E:\Program Files\Earth2 Reborn\.minecraft\versions\Earth2 Reborn\mods}, reader: mod manifest]
[318月2026 15:31:39.666] [main/INFO] [net.neoforged.fml.loading.moddiscovery.ModDiscoverer/SCAN]: Found mod file "lightspeed-1.21.1-1.2.3.jar" [locator: {mods folder locator at E:\Program Files\Earth2 Reborn\.minecraft\versions\Earth2 Reborn\mods}, reader: mod manifest]
[318月2026 15:31:39.667] [main/INFO] [net.neoforged.fml.loading.moddiscovery.ModDiscoverer/SCAN]: Found mod file "lionfishapi-3.1.jar" [locator: {mods folder locator at E:\Program Files\Earth2 Reborn\.minecraft\versions\Earth2 Reborn\mods}, reader: mod manifest]
[318月2026 15:31:39.668] [main/INFO] [net.neoforged.fml.loading.moddiscovery.ModDiscoverer/SCAN]: Found mod file "lmft-1.1.1+1.21.9-neoforge.jar" [locator: {mods folder locator at E:\Program Files\Earth2 Reborn\.minecraft\versions\Earth2 Reborn\mods}, reader: mod manifest]
[318月2026 15:31:39.669] [main/INFO] [net.neoforged.fml.loading.moddiscovery.ModDiscoverer/SCAN]: Found mod file "lootjs-neoforge-1.21.1-3.7.0.jar" [locator: {mods folder locator at E:\Program Files\Earth2 Reborn\.minecraft\versions\Earth2 Reborn\mods}, reader: mod manifest]
[318月2026 15:31:39.669] [main/INFO] [net.neoforged.fml.loading.moddiscovery.ModDiscoverer/SCAN]: Found mod file "lootr-neoforge-1.21.1-1.11.38.124.jar" [locator: {mods folder locator at E:\Program Files\Earth2 Reborn\.minecraft\versions\Earth2 Reborn\mods}, reader: mod manifest]
[318月2026 15:31:39.670] [main/INFO] [net.neoforged.fml.loading.moddiscovery.ModDiscoverer/SCAN]: Found mod file "LostTrinkets-21.1.4-mc1.21.1-neoforge.jar" [locator: {mods folder locator at E:\Program Files\Earth2 Reborn\.minecraft\versions\Earth2 Reborn\mods}, reader: mod manifest]
[318月2026 15:31:39.671] [main/INFO] [net.neoforged.fml.loading.moddiscovery.ModDiscoverer/SCAN]: Found mod file "maxhealthfix-neoforge-1.21.1-21.1.4.jar" [locator: {mods folder locator at E:\Program Files\Earth2 Reborn\.minecraft\versions\Earth2 Reborn\mods}, reader: mod manifest]
[318月2026 15:31:39.672] [main/INFO] [net.neoforged.fml.loading.moddiscovery.ModDiscoverer/SCAN]: Found mod file "moonlight-1.21.1-3.5.2-neoforge.jar" [locator: {mods folder locator at E:\Program Files\Earth2 Reborn\.minecraft\versions\Earth2 Reborn\mods}, reader: mod manifest]
[318月2026 15:31:39.673] [main/INFO] [net.neoforged.fml.loading.moddiscovery.ModDiscoverer/SCAN]: Found mod file "neo-voxy-0.4.3-beta.1-mc1.21.1-neoforge-integrations.jar" [locator: {mods folder locator at E:\Program Files\Earth2 Reborn\.minecraft\versions\Earth2 Reborn\mods}, reader: mod manifest]
[318月2026 15:31:39.673] [main/INFO] [net.neoforged.fml.loading.moddiscovery.ModDiscoverer/SCAN]: Found mod file "Oh-The-Trees-Youll-Grow-neoforge-1.21.1-5.3.2.jar" [locator: {mods folder locator at E:\Program Files\Earth2 Reborn\.minecraft\versions\Earth2 Reborn\mods}, reader: mod manifest]
[318月2026 15:31:39.676] [main/INFO] [net.neoforged.fml.loading.moddiscovery.ModDiscoverer/SCAN]: Found mod file "pasterdream-0.9.7-pre.1.jar" [locator: {mods folder locator at E:\Program Files\Earth2 Reborn\.minecraft\versions\Earth2 Reborn\mods}, reader: mod manifest]
[318月2026 15:31:39.676] [main/INFO] [net.neoforged.fml.loading.moddiscovery.ModDiscoverer/SCAN]: Found mod file "pasterdreammeltdream-0.9.7-pre.1.jar" [locator: {mods folder locator at E:\Program Files\Earth2 Reborn\.minecraft\versions\Earth2 Reborn\mods}, reader: mod manifest]
[318月2026 15:31:39.677] [main/INFO] [net.neoforged.fml.loading.moddiscovery.ModDiscoverer/SCAN]: Found mod file "pasterdreamsanity-0.9.7-pre.1.jar" [locator: {mods folder locator at E:\Program Files\Earth2 Reborn\.minecraft\versions\Earth2 Reborn\mods}, reader: mod manifest]
[318月2026 15:31:39.677] [main/INFO] [net.neoforged.fml.loading.moddiscovery.ModDiscoverer/SCAN]: Found mod file "pasterdreamspells-0.9.7-pre.1.jar" [locator: {mods folder locator at E:\Program Files\Earth2 Reborn\.minecraft\versions\Earth2 Reborn\mods}, reader: mod manifest]
[318月2026 15:31:39.679] [main/INFO] [net.neoforged.fml.loading.moddiscovery.ModDiscoverer/SCAN]: Found mod file "Paxi-1.21.1-NeoForge-5.1.3.jar" [locator: {mods folder locator at E:\Program Files\Earth2 Reborn\.minecraft\versions\Earth2 Reborn\mods}, reader: mod manifest]
[318月2026 15:31:39.680] [main/INFO] [net.neoforged.fml.loading.moddiscovery.ModDiscoverer/SCAN]: Found mod file "pfsable-1.0.jar" [locator: {mods folder locator at E:\Program Files\Earth2 Reborn\.minecraft\versions\Earth2 Reborn\mods}, reader: mod manifest]
[318月2026 15:31:39.681] [main/INFO] [net.neoforged.fml.loading.moddiscovery.ModDiscoverer/SCAN]: Found mod file "polytone-1.21-4.1.0-neoforge.jar" [locator: {mods folder locator at E:\Program Files\Earth2 Reborn\.minecraft\versions\Earth2 Reborn\mods}, reader: mod manifest]
[318月2026 15:31:39.681] [main/INFO] [net.neoforged.fml.loading.moddiscovery.ModDiscoverer/SCAN]: Found mod file "prickle-neoforge-1.21.1-21.1.11.jar" [locator: {mods folder locator at E:\Program Files\Earth2 Reborn\.minecraft\versions\Earth2 Reborn\mods}, reader: mod manifest]
[318月2026 15:31:39.682] [main/INFO] [net.neoforged.fml.loading.moddiscovery.ModDiscoverer/SCAN]: Found mod file "redirected-neoforge-1.0.0-1.21.1.jar" [locator: {mods folder locator at E:\Program Files\Earth2 Reborn\.minecraft\versions\Earth2 Reborn\mods}, reader: mod manifest]
[318月2026 15:31:39.683] [main/INFO] [net.neoforged.fml.loading.moddiscovery.ModDiscoverer/SCAN]: Found mod file "resourcederivator-neoforge-1.21.1-1.0.0-beta.jar" [locator: {mods folder locator at E:\Program Files\Earth2 Reborn\.minecraft\versions\Earth2 Reborn\mods}, reader: mod manifest]
[318月2026 15:31:39.684] [main/INFO] [net.neoforged.fml.loading.moddiscovery.ModDiscoverer/SCAN]: Found mod file "resourcefulconfig-neoforge-1.21-3.0.11.jar" [locator: {mods folder locator at E:\Program Files\Earth2 Reborn\.minecraft\versions\Earth2 Reborn\mods}, reader: mod manifest]
[318月2026 15:31:39.685] [main/INFO] [net.neoforged.fml.loading.moddiscovery.ModDiscoverer/SCAN]: Found mod file "resourcefullib-neoforge-1.21-3.0.12.jar" [locator: {mods folder locator at E:\Program Files\Earth2 Reborn\.minecraft\versions\Earth2 Reborn\mods}, reader: mod manifest]
[318月2026 15:31:39.686] [main/INFO] [net.neoforged.fml.loading.moddiscovery.ModDiscoverer/SCAN]: Found mod file "reterraforged-0.0.6005.jar" [locator: {mods folder locator at E:\Program Files\Earth2 Reborn\.minecraft\versions\Earth2 Reborn\mods}, reader: mod manifest]
[318月2026 15:31:39.686] [main/INFO] [net.neoforged.fml.loading.moddiscovery.ModDiscoverer/SCAN]: Found mod file "Retraining-neoforge-1.21-2.0.0.jar" [locator: {mods folder locator at E:\Program Files\Earth2 Reborn\.minecraft\versions\Earth2 Reborn\mods}, reader: mod manifest]
[318月2026 15:31:39.687] [main/INFO] [net.neoforged.fml.loading.moddiscovery.ModDiscoverer/SCAN]: Found mod file "ritchiesprojectilelib-2.1.2+mc.1.21.1-neoforge.jar" [locator: {mods folder locator at E:\Program Files\Earth2 Reborn\.minecraft\versions\Earth2 Reborn\mods}, reader: mod manifest]
[318月2026 15:31:39.689] [main/INFO] [net.neoforged.fml.loading.moddiscovery.ModDiscoverer/SCAN]: Found mod file "sable-neoforge-1.21.1-2.0.5.jar" [locator: {mods folder locator at E:\Program Files\Earth2 Reborn\.minecraft\versions\Earth2 Reborn\mods}, reader: mod manifest]
[318月2026 15:31:39.690] [main/INFO] [net.neoforged.fml.loading.moddiscovery.ModDiscoverer/SCAN]: Found mod file "sable-photomancy-1.0.1.jar" [locator: {mods folder locator at E:\Program Files\Earth2 Reborn\.minecraft\versions\Earth2 Reborn\mods}, reader: mod manifest]
[318月2026 15:31:39.690] [main/INFO] [net.neoforged.fml.loading.moddiscovery.ModDiscoverer/SCAN]: Found mod file "sable_createaddition_compat-0.1.13.jar" [locator: {mods folder locator at E:\Program Files\Earth2 Reborn\.minecraft\versions\Earth2 Reborn\mods}, reader: mod manifest]
[318月2026 15:31:39.691] [main/INFO] [net.neoforged.fml.loading.moddiscovery.ModDiscoverer/SCAN]: Found mod file "sable_fix_mod-1.1.0.jar" [locator: {mods folder locator at E:\Program Files\Earth2 Reborn\.minecraft\versions\Earth2 Reborn\mods}, reader: mod manifest]
[318月2026 15:31:39.692] [main/INFO] [net.neoforged.fml.loading.moddiscovery.ModDiscoverer/SCAN]: Found mod file "sableexplosionfix-1.0.0.jar" [locator: {mods folder locator at E:\Program Files\Earth2 Reborn\.minecraft\versions\Earth2 Reborn\mods}, reader: mod manifest]
[318月2026 15:31:39.693] [main/INFO] [net.neoforged.fml.loading.moddiscovery.ModDiscoverer/SCAN]: Found mod file "sablejade-1.3.0.jar" [locator: {mods folder locator at E:\Program Files\Earth2 Reborn\.minecraft\versions\Earth2 Reborn\mods}, reader: mod manifest]
[318月2026 15:31:39.694] [main/INFO] [net.neoforged.fml.loading.moddiscovery.ModDiscoverer/SCAN]: Found mod file "sablephysicscompat-1.3.0.jar" [locator: {mods folder locator at E:\Program Files\Earth2 Reborn\.minecraft\versions\Earth2 Reborn\mods}, reader: mod manifest]
[318月2026 15:31:39.696] [main/INFO] [net.neoforged.fml.loading.moddiscovery.ModDiscoverer/SCAN]: Found mod file "sablexaeromaps-1.21.1-1.4.0.jar" [locator: {mods folder locator at E:\Program Files\Earth2 Reborn\.minecraft\versions\Earth2 Reborn\mods}, reader: mod manifest]
[318月2026 15:31:39.697] [main/INFO] [net.neoforged.fml.loading.moddiscovery.ModDiscoverer/SCAN]: Found mod file "Searchables-neoforge-1.21.1-1.0.2.jar" [locator: {mods folder locator at E:\Program Files\Earth2 Reborn\.minecraft\versions\Earth2 Reborn\mods}, reader: mod manifest]
[318月2026 15:31:39.697] [main/INFO] [net.neoforged.fml.loading.moddiscovery.ModDiscoverer/SCAN]: Found mod file "SereneShrubbery-NeoForge-1.21.1-v2.4.0.jar" [locator: {mods folder locator at E:\Program Files\Earth2 Reborn\.minecraft\versions\Earth2 Reborn\mods}, reader: mod manifest]
[318月2026 15:31:39.699] [main/INFO] [net.neoforged.fml.loading.moddiscovery.ModDiscoverer/SCAN]: Found mod file "serverwarashi-1.21.1-2.1.0.1.jar" [locator: {mods folder locator at E:\Program Files\Earth2 Reborn\.minecraft\versions\Earth2 Reborn\mods}, reader: mod manifest]
[318月2026 15:31:39.700] [main/INFO] [net.neoforged.fml.loading.moddiscovery.ModDiscoverer/SCAN]: Found mod file "showcaseitem-1.21.1-1.1.0.jar" [locator: {mods folder locator at E:\Program Files\Earth2 Reborn\.minecraft\versions\Earth2 Reborn\mods}, reader: mod manifest]
[318月2026 15:31:39.700] [main/INFO] [net.neoforged.fml.loading.moddiscovery.ModDiscoverer/SCAN]: Found mod file "sim_copycats-1.3.2.jar" [locator: {mods folder locator at E:\Program Files\Earth2 Reborn\.minecraft\versions\Earth2 Reborn\mods}, reader: mod manifest]
[318月2026 15:31:39.701] [main/INFO] [net.neoforged.fml.loading.moddiscovery.ModDiscoverer/SCAN]: Found mod file "smart_bounds-1.0.0.jar" [locator: {mods folder locator at E:\Program Files\Earth2 Reborn\.minecraft\versions\Earth2 Reborn\mods}, reader: mod manifest]
[318月2026 15:31:39.702] [main/INFO] [net.neoforged.fml.loading.moddiscovery.ModDiscoverer/SCAN]: Found mod file "structure_layout_optimizer-neoforge-1.0.12.jar" [locator: {mods folder locator at E:\Program Files\Earth2 Reborn\.minecraft\versions\Earth2 Reborn\mods}, reader: mod manifest]
[318月2026 15:31:39.702] [main/INFO] [net.neoforged.fml.loading.moddiscovery.ModDiscoverer/SCAN]: Found mod file "swingthroughgrass-neoforge-1.0.1-1.21.1.jar" [locator: {mods folder locator at E:\Program Files\Earth2 Reborn\.minecraft\versions\Earth2 Reborn\mods}, reader: mod manifest]
[318月2026 15:31:39.704] [main/INFO] [net.neoforged.fml.loading.moddiscovery.ModDiscoverer/SCAN]: Found mod file "tacz-neoforge-1.21.1-1.1.8-hotfix-r6.jar" [locator: {mods folder locator at E:\Program Files\Earth2 Reborn\.minecraft\versions\Earth2 Reborn\mods}, reader: mod manifest]
[318月2026 15:31:39.704] [main/INFO] [net.neoforged.fml.loading.moddiscovery.ModDiscoverer/SCAN]: Found mod file "tacz-pack-upgrader-2.1.3.jar" [locator: {mods folder locator at E:\Program Files\Earth2 Reborn\.minecraft\versions\Earth2 Reborn\mods}, reader: mod manifest]
[318月2026 15:31:39.705] [main/INFO] [net.neoforged.fml.loading.moddiscovery.ModDiscoverer/SCAN]: Found mod file "tacz_c-1.0.2+neoforge.1.21.1.jar" [locator: {mods folder locator at E:\Program Files\Earth2 Reborn\.minecraft\versions\Earth2 Reborn\mods}, reader: mod manifest]
[318月2026 15:31:39.706] [main/INFO] [net.neoforged.fml.loading.moddiscovery.ModDiscoverer/SCAN]: Found mod file "TerraBlender-neoforge-1.21.1-4.1.0.8.jar" [locator: {mods folder locator at E:\Program Files\Earth2 Reborn\.minecraft\versions\Earth2 Reborn\mods}, reader: mod manifest]
[318月2026 15:31:39.707] [main/INFO] [net.neoforged.fml.loading.moddiscovery.ModDiscoverer/SCAN]: Found mod file "tlm_shogi-1.0.0-beta-neoforge+mc1.21.1.jar" [locator: {mods folder locator at E:\Program Files\Earth2 Reborn\.minecraft\versions\Earth2 Reborn\mods}, reader: mod manifest]
[318月2026 15:31:39.709] [main/INFO] [net.neoforged.fml.loading.moddiscovery.ModDiscoverer/SCAN]: Found mod file "touhoulittlemaid-1.5.3-neoforge+mc1.21.1-snapshot.jar" [locator: {mods folder locator at E:\Program Files\Earth2 Reborn\.minecraft\versions\Earth2 Reborn\mods}, reader: mod manifest]
[318月2026 15:31:39.710] [main/INFO] [net.neoforged.fml.loading.moddiscovery.ModDiscoverer/SCAN]: Found mod file "tracks-neoforge-1.21.1-1.0.1.jar" [locator: {mods folder locator at E:\Program Files\Earth2 Reborn\.minecraft\versions\Earth2 Reborn\mods}, reader: mod manifest]
[318月2026 15:31:39.711] [main/INFO] [net.neoforged.fml.loading.moddiscovery.ModDiscoverer/SCAN]: Found mod file "txnilib-neoforge-1.0.24-1.21.1.jar" [locator: {mods folder locator at E:\Program Files\Earth2 Reborn\.minecraft\versions\Earth2 Reborn\mods}, reader: mod manifest]
[318月2026 15:31:39.712] [main/INFO] [net.neoforged.fml.loading.moddiscovery.ModDiscoverer/SCAN]: Found mod file "valhelsia_core-neoforge-1.21.1-1.1.5.jar" [locator: {mods folder locator at E:\Program Files\Earth2 Reborn\.minecraft\versions\Earth2 Reborn\mods}, reader: mod manifest]
[318月2026 15:31:39.714] [main/INFO] [net.neoforged.fml.loading.moddiscovery.ModDiscoverer/SCAN]: Found mod file "valhelsia_furniture-neoforge-1.21.1-1.1.1.jar" [locator: {mods folder locator at E:\Program Files\Earth2 Reborn\.minecraft\versions\Earth2 Reborn\mods}, reader: mod manifest]
[318月2026 15:31:39.715] [main/INFO] [net.neoforged.fml.loading.moddiscovery.ModDiscoverer/SCAN]: Found mod file "valhelsia_furniture_fix-1.0.0.jar" [locator: {mods folder locator at E:\Program Files\Earth2 Reborn\.minecraft\versions\Earth2 Reborn\mods}, reader: mod manifest]
[318月2026 15:31:39.716] [main/INFO] [net.neoforged.fml.loading.moddiscovery.ModDiscoverer/SCAN]: Found mod file "valhelsia_structures-neoforge-1.21.1-1.1.2.jar" [locator: {mods folder locator at E:\Program Files\Earth2 Reborn\.minecraft\versions\Earth2 Reborn\mods}, reader: mod manifest]
[318月2026 15:31:39.716] [main/INFO] [net.neoforged.fml.loading.moddiscovery.ModDiscoverer/SCAN]: Found mod file "VS-Sable-HoseConnectors-0.1.8-1.21.1.jar" [locator: {mods folder locator at E:\Program Files\Earth2 Reborn\.minecraft\versions\Earth2 Reborn\mods}, reader: mod manifest]
[318月2026 15:31:39.717] [main/INFO] [net.neoforged.fml.loading.moddiscovery.ModDiscoverer/SCAN]: Found mod file "worldweaver-21.0.25.jar" [locator: {mods folder locator at E:\Program Files\Earth2 Reborn\.minecraft\versions\Earth2 Reborn\mods}, reader: mod manifest]
[318月2026 15:31:39.718] [main/INFO] [net.neoforged.fml.loading.moddiscovery.ModDiscoverer/SCAN]: Found mod file "wunderlib-21.0.10.jar" [locator: {mods folder locator at E:\Program Files\Earth2 Reborn\.minecraft\versions\Earth2 Reborn\mods}, reader: mod manifest]
[318月2026 15:31:39.719] [main/INFO] [net.neoforged.fml.loading.moddiscovery.ModDiscoverer/SCAN]: Found mod file "YungsApi-1.21.1-NeoForge-5.1.8.jar" [locator: {mods folder locator at E:\Program Files\Earth2 Reborn\.minecraft\versions\Earth2 Reborn\mods}, reader: mod manifest]
[318月2026 15:31:39.719] [main/INFO] [net.neoforged.fml.loading.moddiscovery.ModDiscoverer/SCAN]: Found mod file "Zeta-1.1-40.jar" [locator: {mods folder locator at E:\Program Files\Earth2 Reborn\.minecraft\versions\Earth2 Reborn\mods}, reader: mod manifest]
[318月2026 15:31:39.729] [main/INFO] [net.neoforged.fml.loading.moddiscovery.ModDiscoverer/SCAN]: Found mod file "Ixeris-4.6.5+1.21.1-neoforge-mod.jar" [parent: , locator: jarinjar, reader: mod manifest]
[318月2026 15:31:40.670] [main/WARN] [net.neoforged.jarjar.selection.JarSelector/]: Attempted to select a dependency jar for JarJar which was passed in as source: fabric_renderer_api_v1. Using Mod File: 
[318月2026 15:31:40.670] [main/WARN] [net.neoforged.jarjar.selection.JarSelector/]: Attempted to select a dependency jar for JarJar which was passed in as source: fabric_block_view_api_v2. Using Mod File: 
[318月2026 15:31:40.670] [main/WARN] [net.neoforged.jarjar.selection.JarSelector/]: Attempted to select a dependency jar for JarJar which was passed in as source: resourcefulconfig. Using Mod File: E:\Program Files\Earth2 Reborn\.minecraft\versions\Earth2 Reborn\mods\resourcefulconfig-neoforge-1.21-3.0.11.jar
[318月2026 15:31:40.670] [main/WARN] [net.neoforged.jarjar.selection.JarSelector/]: Attempted to select a dependency jar for JarJar which was passed in as source: fabric_rendering_data_attachment_v1. Using Mod File: 
[318月2026 15:31:40.670] [main/WARN] [net.neoforged.jarjar.selection.JarSelector/]: Attempted to select a dependency jar for JarJar which was passed in as source: fabric_api_base. Using Mod File: 
[318月2026 15:31:40.670] [main/WARN] [net.neoforged.jarjar.selection.JarSelector/]: Attempted to select a dependency jar for JarJar which was passed in as source: betteradvancedtooltips. Using Mod File: E:\Program Files\Earth2 Reborn\.minecraft\versions\Earth2 Reborn\mods\better-advanced-tooltips-2101.1.0-build.5.jar
[318月2026 15:31:40.670] [main/INFO] [net.neoforged.fml.loading.moddiscovery.locators.JarInJarDependencyLocator/]: Found 117 dependencies adding them to mods collection
[318月2026 15:31:40.670] [main/INFO] [net.neoforged.fml.loading.moddiscovery.ModDiscoverer/SCAN]: Found mod file "kuma-api-neoforge-21.0.8+1.21.jar" [parent: balm-neoforge-1.21.1-21.0.65.jar, locator: jarinjar, reader: mod manifest]
[318月2026 15:31:40.670] [main/INFO] [net.neoforged.fml.loading.moddiscovery.ModDiscoverer/SCAN]: Found library file "PinIn-1.6.0.jar" [parent: [通用拼音搜索] jecharacters-1.21.1-neoforge-4.5.27.jar, locator: jarinjar]
[318月2026 15:31:40.670] [main/INFO] [net.neoforged.fml.loading.moddiscovery.ModDiscoverer/SCAN]: Found mod file "codecui-neoforge-1.21.1-1.4.1.jar" [parent: polytone-1.21-4.1.0-neoforge.jar, locator: jarinjar, reader: mod manifest]
[318月2026 15:31:40.670] [main/INFO] [net.neoforged.fml.loading.moddiscovery.ModDiscoverer/SCAN]: Found library file "glsl-processor-0.2.3.jar" [parent: veil-neoforge-1.21.1-4.3.2.jar, locator: jarinjar]
[318月2026 15:31:40.670] [main/INFO] [net.neoforged.fml.loading.moddiscovery.ModDiscoverer/SCAN]: Found library file "sewlia-config-1.0.0-20250810.044244-13.jar" [parent: krypton_fnp-neoforge-1.21.1-0.2.28.1-1.21.1.jar, locator: jarinjar]
[318月2026 15:31:40.670] [main/INFO] [net.neoforged.fml.loading.moddiscovery.ModDiscoverer/SCAN]: Found mod file "ponder-neoforge-1.0.82+mc1.21.1.jar" [parent: [机械动力] create-1.21.1-6.0.10.jar, locator: jarinjar, reader: mod manifest]
[318月2026 15:31:40.670] [main/INFO] [net.neoforged.fml.loading.moddiscovery.ModDiscoverer/SCAN]: Found mod file "fabric-item-api-v1-11.1.1+57cdfa8219.jar" [parent: forgified-fabric-api-0.115.6+2.1.0+1.21.1.jar, locator: jarinjar, reader: mod manifest]
[318月2026 15:31:40.670] [main/INFO] [net.neoforged.fml.loading.moddiscovery.ModDiscoverer/SCAN]: Found mod file "fabric-rendering-fluids-v1-3.1.6+857185bc19.jar" [parent: forgified-fabric-api-0.115.6+2.1.0+1.21.1.jar, locator: jarinjar, reader: mod manifest]
[318月2026 15:31:40.670] [main/INFO] [net.neoforged.fml.loading.moddiscovery.ModDiscoverer/SCAN]: Found library file "rocksdbjni-10.2.1.jar" [parent: neo-voxy-0.4.3-beta.1-mc1.21.1-neoforge-integrations.jar, locator: jarinjar]
[318月2026 15:31:40.670] [main/INFO] [net.neoforged.fml.loading.moddiscovery.ModDiscoverer/SCAN]: Found library file "arc3d-compiler-2026.2.0.jar" [parent: [现代化 UI] ModernUI-NeoForge-1.21.1-3.13.0.1-universal.jar, locator: jarinjar]
[318月2026 15:31:40.670] [main/INFO] [net.neoforged.fml.loading.moddiscovery.ModDiscoverer/SCAN]: Found library file "commons-math3-3.6.1.jar" [parent: tacz-neoforge-1.21.1-1.1.8-hotfix-r6.jar, locator: jarinjar]
[318月2026 15:31:40.670] [main/INFO] [net.neoforged.fml.loading.moddiscovery.ModDiscoverer/SCAN]: Found library file "kotlinx-coroutines-core-jvm-1.11.0.jar" [parent: kotlinforforge-5.12.0-all.jar, locator: jarinjar]
[318月2026 15:31:40.670] [main/INFO] [net.neoforged.fml.loading.moddiscovery.ModDiscoverer/SCAN]: Found mod file "fabric-convention-tags-v1-2.1.4+7f945d5b19.jar" [parent: forgified-fabric-api-0.115.6+2.1.0+1.21.1.jar, locator: jarinjar, reader: mod manifest]
[318月2026 15:31:40.670] [main/INFO] [net.neoforged.fml.loading.moddiscovery.ModDiscoverer/SCAN]: Found mod file "fabric-command-api-v2-2.2.28+36d727be19.jar" [parent: forgified-fabric-api-0.115.6+2.1.0+1.21.1.jar, locator: jarinjar, reader: mod manifest]
[318月2026 15:31:40.670] [main/INFO] [net.neoforged.fml.loading.moddiscovery.ModDiscoverer/SCAN]: Found mod file "fabric-convention-tags-v2-2.11.0+87e5848019.jar" [parent: forgified-fabric-api-0.115.6+2.1.0+1.21.1.jar, locator: jarinjar, reader: mod manifest]
[318月2026 15:31:40.670] [main/INFO] [net.neoforged.fml.loading.moddiscovery.ModDiscoverer/SCAN]: Found mod file "fabric-data-attachment-api-v1-1.4.3+58235da019.jar" [parent: forgified-fabric-api-0.115.6+2.1.0+1.21.1.jar, locator: jarinjar, reader: mod manifest]
[318月2026 15:31:40.670] [main/INFO] [net.neoforged.fml.loading.moddiscovery.ModDiscoverer/SCAN]: Found gamelibrary file "RecipeSearch-1.3.jar" [parent: [快速配方查找] fastrecipesearch-1.21.1-26.8.4-neoforge.jar, locator: jarinjar, reader: mod manifest]
[318月2026 15:31:40.670] [main/INFO] [net.neoforged.fml.loading.moddiscovery.ModDiscoverer/SCAN]: Found mod file "veil-neoforge-1.21.1-4.3.2.jar" [parent: sable-neoforge-1.21.1-2.0.5.jar, locator: jarinjar, reader: mod manifest]
[318月2026 15:31:40.670] [main/INFO] [net.neoforged.fml.loading.moddiscovery.ModDiscoverer/SCAN]: Found mod file "biolith-neoforge-3.0.10.jar" [parent: [夸克] Quark-4.1-482.jar, locator: jarinjar, reader: mod manifest]
[318月2026 15:31:40.670] [main/INFO] [net.neoforged.fml.loading.moddiscovery.ModDiscoverer/SCAN]: Found mod file "dev.simulated_team.simulated.simulated-neoforge-1.21.1-1.3.2.jar" [parent: [机械动力：航空学] create-aeronautics-bundled-1.21.1-1.3.2.jar, locator: jarinjar, reader: mod manifest]
[318月2026 15:31:40.671] [main/INFO] [net.neoforged.fml.loading.moddiscovery.ModDiscoverer/SCAN]: Found library file "kotlin-stdlib-jdk7-2.4.0.jar" [parent: kotlinforforge-5.12.0-all.jar, locator: jarinjar]
[318月2026 15:31:40.671] [main/INFO] [net.neoforged.fml.loading.moddiscovery.ModDiscoverer/SCAN]: Found library file "kotlin-stdlib-jdk8-2.4.0.jar" [parent: kotlinforforge-5.12.0-all.jar, locator: jarinjar]
[318月2026 15:31:40.671] [main/INFO] [net.neoforged.fml.loading.moddiscovery.ModDiscoverer/SCAN]: Found mod file "fabric-screen-api-v1-2.0.25+4228281319.jar" [parent: forgified-fabric-api-0.115.6+2.1.0+1.21.1.jar, locator: jarinjar, reader: mod manifest]
[318月2026 15:31:40.671] [main/INFO] [net.neoforged.fml.loading.moddiscovery.ModDiscoverer/SCAN]: Found library file "forgified-fabric-loader-2.5.29+0.16.0+1.21-full.jar" [parent: forgified-fabric-api-0.115.6+2.1.0+1.21.1.jar, locator: jarinjar, reader: mod manifest]
[318月2026 15:31:40.671] [main/INFO] [net.neoforged.fml.loading.moddiscovery.ModDiscoverer/SCAN]: Found mod file "forgified-fabric-api-0.115.6+2.1.0+1.21.1.jar" [parent: txnilib-neoforge-1.0.24-1.21.1.jar, locator: jarinjar, reader: mod manifest]
[318月2026 15:31:40.671] [main/INFO] [net.neoforged.fml.loading.moddiscovery.ModDiscoverer/SCAN]: Found mod file "fabric-content-registries-v0-8.0.18+0a0c14ff19.jar" [parent: forgified-fabric-api-0.115.6+2.1.0+1.21.1.jar, locator: jarinjar, reader: mod manifest]
[318月2026 15:31:40.671] [main/INFO] [net.neoforged.fml.loading.moddiscovery.ModDiscoverer/SCAN]: Found library file "kotlinx-serialization-json-jvm-1.11.0.jar" [parent: kotlinforforge-5.12.0-all.jar, locator: jarinjar]
[318月2026 15:31:40.671] [main/INFO] [net.neoforged.fml.loading.moddiscovery.ModDiscoverer/SCAN]: Found library file "bytecodecs-1.1.2.jar" [parent: resourcefullib-neoforge-1.21-3.0.12.jar, locator: jarinjar]
[318月2026 15:31:40.671] [main/INFO] [net.neoforged.fml.loading.moddiscovery.ModDiscoverer/SCAN]: Found library file "jedis-5.1.0.jar" [parent: neo-voxy-0.4.3-beta.1-mc1.21.1-neoforge-integrations.jar, locator: jarinjar]
[318月2026 15:31:40.671] [main/INFO] [net.neoforged.fml.loading.moddiscovery.ModDiscoverer/SCAN]: Found library file "sqlite-jdbc-3.49.1.0.jar" [parent: neo-voxy-0.4.3-beta.1-mc1.21.1-neoforge-integrations.jar, locator: jarinjar]
[318月2026 15:31:40.671] [main/INFO] [net.neoforged.fml.loading.moddiscovery.ModDiscoverer/SCAN]: Found library file "exp4j-0.4.8.jar" [parent: polytone-1.21-4.1.0-neoforge.jar, locator: jarinjar]
[318月2026 15:31:40.671] [main/INFO] [net.neoforged.fml.loading.moddiscovery.ModDiscoverer/SCAN]: Found library file "snakeyaml-2.4.jar" [parent: krypton_fnp-neoforge-1.21.1-0.2.28.1-1.21.1.jar, locator: jarinjar]
[318月2026 15:31:40.671] [main/INFO] [net.neoforged.fml.loading.moddiscovery.ModDiscoverer/SCAN]: Found gamelibrary file "mixinextras-neoforge-0.5.3.jar" [parent: neoforge-21.1.248-universal.jar, locator: jarinjar, reader: mod manifest]
[318月2026 15:31:40.671] [main/INFO] [net.neoforged.fml.loading.moddiscovery.ModDiscoverer/SCAN]: Found gamelibrary file "l2serial-3.0.9+5.jar" [parent: [烧烤乐事] barbequesdelight-1.3.0.jar, locator: jarinjar, reader: mod manifest]
[318月2026 15:31:40.671] [main/INFO] [net.neoforged.fml.loading.moddiscovery.ModDiscoverer/SCAN]: Found mod file "fabric-game-rule-api-v1-1.0.53+36d727be19.jar" [parent: forgified-fabric-api-0.115.6+2.1.0+1.21.1.jar, locator: jarinjar, reader: mod manifest]
[318月2026 15:31:40.671] [main/INFO] [net.neoforged.fml.loading.moddiscovery.ModDiscoverer/SCAN]: Found mod file "fabric-api-lookup-api-v1-1.6.70+c21168c319.jar" [parent: forgified-fabric-api-0.115.6+2.1.0+1.21.1.jar, locator: jarinjar, reader: mod manifest]
[318月2026 15:31:40.671] [main/INFO] [net.neoforged.fml.loading.moddiscovery.ModDiscoverer/SCAN]: Found gamelibrary file "mixinlite-0.2.0.jar" [parent: byepregen-1.21.1-1.1.2.1.jar, locator: jarinjar, reader: mod manifest]
[318月2026 15:31:40.671] [main/INFO] [net.neoforged.fml.loading.moddiscovery.ModDiscoverer/SCAN]: Found gamelibrary file "dev.ryanhcode.sable.sable-sable_rapier-1.21.1-2.0.5.jar" [parent: sable-neoforge-1.21.1-2.0.5.jar, locator: jarinjar, reader: mod manifest]
[318月2026 15:31:40.671] [main/INFO] [net.neoforged.fml.loading.moddiscovery.ModDiscoverer/SCAN]: Found mod file "TorqueAPI-1.21.1-neoforge-1.2.2.jar" [parent: [机械动力：蓝图校验] createschematicchecker-2.27.45-6.0-neoforge-1.21.1.jar, locator: jarinjar, reader: mod manifest]
[318月2026 15:31:40.671] [main/INFO] [net.neoforged.fml.loading.moddiscovery.ModDiscoverer/SCAN]: Found library file "bcel-6.6.1.jar" [parent: tacz-neoforge-1.21.1-1.1.8-hotfix-r6.jar, locator: jarinjar]
[318月2026 15:31:40.671] [main/INFO] [net.neoforged.fml.loading.moddiscovery.ModDiscoverer/SCAN]: Found mod file "dynamiccrosshair-api-9.11+1.21.1-neoforge.jar" [parent: [动态准星] dynamiccrosshair-9.11+1.21.1-neoforge.jar, locator: jarinjar, reader: mod manifest]
[318月2026 15:31:40.671] [main/INFO] [net.neoforged.fml.loading.moddiscovery.ModDiscoverer/SCAN]: Found library file "jcpp-1.4.14.jar" [parent: iris-neoforge-1.8.14-beta.1+mc1.21.1.jar, locator: jarinjar]
[318月2026 15:31:40.671] [main/INFO] [net.neoforged.fml.loading.moddiscovery.ModDiscoverer/SCAN]: Found library file "kotlin-stdlib-2.4.20-RC.jar" [parent: ldlib2-neoforge-1.21.1-2.2.37-all.jar, locator: jarinjar]
[318月2026 15:31:40.671] [main/INFO] [net.neoforged.fml.loading.moddiscovery.ModDiscoverer/SCAN]: Found mod file "simplebedrockmodel-2.2.1-neoforge+mc1.21.1.jar" [parent: tacz-neoforge-1.21.1-1.1.8-hotfix-r6.jar, locator: jarinjar, reader: mod manifest]
[318月2026 15:31:40.671] [main/INFO] [net.neoforged.fml.loading.moddiscovery.ModDiscoverer/SCAN]: Found gamelibrary file "l2modularblocks-3.0.0+4.jar" [parent: [烧烤乐事] barbequesdelight-1.3.0.jar, locator: jarinjar, reader: mod manifest]
[318月2026 15:31:40.671] [main/INFO] [net.neoforged.fml.loading.moddiscovery.ModDiscoverer/SCAN]: Found library file "taffy-1.1.4.jar" [parent: ldlib2-neoforge-1.21.1-2.2.37-all.jar, locator: jarinjar]
[318月2026 15:31:40.671] [main/INFO] [net.neoforged.fml.loading.moddiscovery.ModDiscoverer/SCAN]: Found gamelibrary file "mixinsquared-forge-0.3.7-beta.3.jar" [parent: [锦致装饰] supplementaries-1.21.1-3.9.6-neoforge.jar, locator: jarinjar, reader: mod manifest]
[318月2026 15:31:40.671] [main/INFO] [net.neoforged.fml.loading.moddiscovery.ModDiscoverer/SCAN]: Found mod file "omegaconfig-neoforge-1.5.1.jar" [parent: [更多自然生成结构] mostructures-neoforge-1.6.0+1.21.1.jar, locator: jarinjar, reader: mod manifest]
[318月2026 15:31:40.671] [main/INFO] [net.neoforged.fml.loading.moddiscovery.ModDiscoverer/SCAN]: Found library file "JustEnoughCharacters.coremod-neoforge.jar" [parent: [通用拼音搜索] jecharacters-1.21.1-neoforge-4.5.27.jar, locator: jarinjar, reader: mod manifest]
[318月2026 15:31:40.671] [main/INFO] [net.neoforged.fml.loading.moddiscovery.ModDiscoverer/SCAN]: Found mod file "fabric-entity-events-v1-1.7.0+1af6e62419.jar" [parent: forgified-fabric-api-0.115.6+2.1.0+1.21.1.jar, locator: jarinjar, reader: mod manifest]
[318月2026 15:31:40.671] [main/INFO] [net.neoforged.fml.loading.moddiscovery.ModDiscoverer/SCAN]: Found library file "MixinSquared-0.3.7-beta.3.jar" [parent: mixinsquared-forge-0.3.7-beta.3.jar, locator: jarinjar]
[318月2026 15:31:40.671] [main/INFO] [net.neoforged.fml.loading.moddiscovery.ModDiscoverer/SCAN]: Found library file "resourceful-cosmetics-4j-1.0.3.jar" [parent: [苦力怕改革 ／ 苦力怕革新] CreeperOverhaul-neoforge-1.21.1-4.0.6.jar, locator: jarinjar]
[318月2026 15:31:40.671] [main/INFO] [net.neoforged.fml.loading.moddiscovery.ModDiscoverer/SCAN]: Found library file "commonmark-0.25.0.jar" [parent: [现代化 UI] ModernUI-NeoForge-1.21.1-3.13.0.1-universal.jar, locator: jarinjar]
[318月2026 15:31:40.671] [main/INFO] [net.neoforged.fml.loading.moddiscovery.ModDiscoverer/SCAN]: Found mod file "fabric-loot-api-v2-3.0.15+a3ee712d19.jar" [parent: forgified-fabric-api-0.115.6+2.1.0+1.21.1.jar, locator: jarinjar, reader: mod manifest]
[318月2026 15:31:40.671] [main/INFO] [net.neoforged.fml.loading.moddiscovery.ModDiscoverer/SCAN]: Found mod file "conditional-mixin-neoforge-0.6.4.jar" [parent: [机械动力：龙+] CreateDragonsPlus-1.11.7b.jar, locator: jarinjar, reader: mod manifest]
[318月2026 15:31:40.671] [main/INFO] [net.neoforged.fml.loading.moddiscovery.ModDiscoverer/SCAN]: Found mod file "fabric-loot-api-v3-1.0.3+333dfad919.jar" [parent: forgified-fabric-api-0.115.6+2.1.0+1.21.1.jar, locator: jarinjar, reader: mod manifest]
[318月2026 15:31:40.671] [main/INFO] [net.neoforged.fml.loading.moddiscovery.ModDiscoverer/SCAN]: Found mod file "fabric-networking-api-v1-4.3.0+4f690eb619.jar" [parent: forgified-fabric-api-0.115.6+2.1.0+1.21.1.jar, locator: jarinjar, reader: mod manifest]
[318月2026 15:31:40.671] [main/INFO] [net.neoforged.fml.loading.moddiscovery.ModDiscoverer/SCAN]: Found library file "kotlinx-serialization-core-jvm-1.11.0.jar" [parent: kotlinforforge-5.12.0-all.jar, locator: jarinjar]
[318月2026 15:31:40.671] [main/INFO] [net.neoforged.fml.loading.moddiscovery.ModDiscoverer/SCAN]: Found gamelibrary file "Registrate-MC1.21-1.3.0+67.jar" [parent: [机械动力] create-1.21.1-6.0.10.jar, locator: jarinjar, reader: mod manifest]
[318月2026 15:31:40.671] [main/INFO] [net.neoforged.fml.loading.moddiscovery.ModDiscoverer/SCAN]: Found library file "lwjgl-zstd-3.3.3.jar" [parent: neo-voxy-0.4.3-beta.1-mc1.21.1-neoforge-integrations.jar, locator: jarinjar]
[318月2026 15:31:40.671] [main/INFO] [net.neoforged.fml.loading.moddiscovery.ModDiscoverer/SCAN]: Found mod file "fabric-lifecycle-events-v1-2.5.0+a2ee258a19.jar" [parent: forgified-fabric-api-0.115.6+2.1.0+1.21.1.jar, locator: jarinjar, reader: mod manifest]
[318月2026 15:31:40.671] [main/INFO] [net.neoforged.fml.loading.moddiscovery.ModDiscoverer/SCAN]: Found mod file "fabric-key-binding-api-v1-1.0.47+62cc7ce119.jar" [parent: forgified-fabric-api-0.115.6+2.1.0+1.21.1.jar, locator: jarinjar, reader: mod manifest]
[318月2026 15:31:40.671] [main/INFO] [net.neoforged.fml.loading.moddiscovery.ModDiscoverer/SCAN]: Found mod file "fabric-client-tags-api-v1-1.1.15+e053909619.jar" [parent: forgified-fabric-api-0.115.6+2.1.0+1.21.1.jar, locator: jarinjar, reader: mod manifest]
[318月2026 15:31:40.671] [main/INFO] [net.neoforged.fml.loading.moddiscovery.ModDiscoverer/SCAN]: Found mod file "fabric-transfer-api-v1-5.4.2+a25cb45619.jar" [parent: forgified-fabric-api-0.115.6+2.1.0+1.21.1.jar, locator: jarinjar, reader: mod manifest]
[318月2026 15:31:40.671] [main/INFO] [net.neoforged.fml.loading.moddiscovery.ModDiscoverer/SCAN]: Found library file "mvel2-2.5.3.Final.jar" [parent: polytone-1.21-4.1.0-neoforge.jar, locator: jarinjar]
[318月2026 15:31:40.671] [main/INFO] [net.neoforged.fml.loading.moddiscovery.ModDiscoverer/SCAN]: Found library file "luaj-core-3.0.8-figura.jar" [parent: tacz-neoforge-1.21.1-1.1.8-hotfix-r6.jar, locator: jarinjar]
[318月2026 15:31:40.671] [main/INFO] [net.neoforged.fml.loading.moddiscovery.ModDiscoverer/SCAN]: Found mod file "fabric-model-loading-api-v1-2.0.0+986ae77219.jar" [parent: forgified-fabric-api-0.115.6+2.1.0+1.21.1.jar, locator: jarinjar, reader: mod manifest]
[318月2026 15:31:40.671] [main/INFO] [net.neoforged.fml.loading.moddiscovery.ModDiscoverer/SCAN]: Found library file "net.neoforged.neoforge-coremods-21.1.248.jar" [parent: neoforge-21.1.248-universal.jar, locator: jarinjar, reader: mod manifest]
[318月2026 15:31:40.671] [main/INFO] [net.neoforged.fml.loading.moddiscovery.ModDiscoverer/SCAN]: Found library file "mae-1.1.2.jar" [parent: simplebedrockmodel-2.2.1-neoforge+mc1.21.1.jar, locator: jarinjar]
[318月2026 15:31:40.671] [main/INFO] [net.neoforged.fml.loading.moddiscovery.ModDiscoverer/SCAN]: Found mod file "dev.eriksonn.aeronautics.aeronautics-neoforge-1.21.1-1.3.2.jar" [parent: [机械动力：航空学] create-aeronautics-bundled-1.21.1-1.3.2.jar, locator: jarinjar, reader: mod manifest]
[318月2026 15:31:40.671] [main/INFO] [net.neoforged.fml.loading.moddiscovery.ModDiscoverer/SCAN]: Found mod file "xaerolib-neoforge-1.21.1-1.7.1.jar" [parent: [Xaero的小地图] xaerominimap-neoforge-1.21.1-26.4.2.jar, locator: jarinjar, reader: mod manifest]
[318月2026 15:31:40.671] [main/INFO] [net.neoforged.fml.loading.moddiscovery.ModDiscoverer/SCAN]: Found mod file "fabric-screen-handler-api-v1-1.3.88+8dbc56dd19.jar" [parent: forgified-fabric-api-0.115.6+2.1.0+1.21.1.jar, locator: jarinjar, reader: mod manifest]
[318月2026 15:31:40.671] [main/INFO] [net.neoforged.fml.loading.moddiscovery.ModDiscoverer/SCAN]: Found library file "cobalt-0.9.9.jar" [parent: cc-tweaked-1.21.1-forge-1.120.2.jar, locator: jarinjar]
[318月2026 15:31:40.671] [main/INFO] [net.neoforged.fml.loading.moddiscovery.ModDiscoverer/SCAN]: Found mod file "fabric-resource-loader-v0-1.3.1+4ea8954419.jar" [parent: forgified-fabric-api-0.115.6+2.1.0+1.21.1.jar, locator: jarinjar, reader: mod manifest]
[318月2026 15:31:40.671] [main/INFO] [net.neoforged.fml.loading.moddiscovery.ModDiscoverer/SCAN]: Found mod file "com.pasterdream.pasterdreammod.PasterDreamAPI-0.9.7-pre.1.jar" [parent: pasterdream-0.9.7-pre.1.jar, locator: jarinjar, reader: mod manifest]
[318月2026 15:31:40.671] [main/INFO] [net.neoforged.fml.loading.moddiscovery.ModDiscoverer/SCAN]: Found mod file "fabric-rendering-v1-5.0.5+077ba95f19.jar" [parent: forgified-fabric-api-0.115.6+2.1.0+1.21.1.jar, locator: jarinjar, reader: mod manifest]
[318月2026 15:31:40.671] [main/INFO] [net.neoforged.fml.loading.moddiscovery.ModDiscoverer/SCAN]: Found mod file "libbamboo-2.25+1.21.1-neoforge.jar" [parent: [动态准星] dynamiccrosshair-9.11+1.21.1-neoforge.jar, locator: jarinjar, reader: mod manifest]
[318月2026 15:31:40.671] [main/INFO] [net.neoforged.fml.loading.moddiscovery.ModDiscoverer/SCAN]: Found mod file "fabric-renderer-indigo-1.7.0+4198af7119.jar" [parent: forgified-fabric-api-0.115.6+2.1.0+1.21.1.jar, locator: jarinjar, reader: mod manifest]
[318月2026 15:31:40.671] [main/INFO] [net.neoforged.fml.loading.moddiscovery.ModDiscoverer/SCAN]: Found library file "yabn-1.0.3.jar" [parent: resourcefullib-neoforge-1.21-3.0.12.jar, locator: jarinjar]
[318月2026 15:31:40.671] [main/INFO] [net.neoforged.fml.loading.moddiscovery.ModDiscoverer/SCAN]: Found gamelibrary file "mixinsquared-neoforge-0.3.7-beta.1.jar" [parent: [节气：多维修补] Ecliptic-Seasons-MultiMod-Patch-1.21.1-neoforge-0.32.0-beta.jar, locator: jarinjar, reader: mod manifest]
[318月2026 15:31:40.671] [main/INFO] [net.neoforged.fml.loading.moddiscovery.ModDiscoverer/SCAN]: Found library file "kotlinx-coroutines-jdk8-1.11.0.jar" [parent: kotlinforforge-5.12.0-all.jar, locator: jarinjar]
[318月2026 15:31:40.671] [main/INFO] [net.neoforged.fml.loading.moddiscovery.ModDiscoverer/SCAN]: Found mod file "whitenoise-1.21.1-neoforge-2.2.0.jar" [parent: [烟花苦力怕] creeperfireworks-1.21.1-1.0.2.2-NEOFORGE.jar, locator: jarinjar, reader: mod manifest]
[318月2026 15:31:40.671] [main/INFO] [net.neoforged.fml.loading.moddiscovery.ModDiscoverer/SCAN]: Found library file "molang-compiler-3.1.1.19.jar" [parent: veil-neoforge-1.21.1-4.3.2.jar, locator: jarinjar]
[318月2026 15:31:40.671] [main/INFO] [net.neoforged.fml.loading.moddiscovery.ModDiscoverer/SCAN]: Found library file "Reflect-1.6.2.jar" [parent: ImmediatelyFast-NeoForge-1.6.13+1.21.1.jar, locator: jarinjar]
[318月2026 15:31:40.671] [main/INFO] [net.neoforged.fml.loading.moddiscovery.ModDiscoverer/SCAN]: Found mod file "fabric-particles-v1-4.0.2+824f924c19.jar" [parent: forgified-fabric-api-0.115.6+2.1.0+1.21.1.jar, locator: jarinjar, reader: mod manifest]
[318月2026 15:31:40.671] [main/INFO] [net.neoforged.fml.loading.moddiscovery.ModDiscoverer/SCAN]: Found library file "animated-gif-lib-for-java-animated-gif-lib-1.7.jar" [parent: kubejs-neoforge-2101.7.2-build.374.jar, locator: jarinjar]
[318月2026 15:31:40.671] [main/INFO] [net.neoforged.fml.loading.moddiscovery.ModDiscoverer/SCAN]: Found library file "lwjgl-lmdb-3.3.3.jar" [parent: neo-voxy-0.4.3-beta.1-mc1.21.1-neoforge-integrations.jar, locator: jarinjar]
[318月2026 15:31:40.671] [main/INFO] [net.neoforged.fml.loading.moddiscovery.ModDiscoverer/SCAN]: Found mod file "fabric-transitive-access-wideners-v1-6.2.0+6c854b6f19.jar" [parent: forgified-fabric-api-0.115.6+2.1.0+1.21.1.jar, locator: jarinjar, reader: mod manifest]
[318月2026 15:31:40.671] [main/INFO] [net.neoforged.fml.loading.moddiscovery.ModDiscoverer/SCAN]: Found mod file "dev.ryanhcode.offroad.offroad-neoforge-1.21.1-1.3.2.jar" [parent: [机械动力：航空学] create-aeronautics-bundled-1.21.1-1.3.2.jar, locator: jarinjar, reader: mod manifest]
[318月2026 15:31:40.671] [main/INFO] [net.neoforged.fml.loading.moddiscovery.ModDiscoverer/SCAN]: Found library file "xz-1.10.jar" [parent: neo-voxy-0.4.3-beta.1-mc1.21.1-neoforge-integrations.jar, locator: jarinjar]
[318月2026 15:31:40.671] [main/INFO] [net.neoforged.fml.loading.moddiscovery.ModDiscoverer/SCAN]: Found library file "jzlib-1.1.3.jar" [parent: cc-tweaked-1.21.1-forge-1.120.2.jar, locator: jarinjar]
[318月2026 15:31:40.671] [main/INFO] [net.neoforged.fml.loading.moddiscovery.ModDiscoverer/SCAN]: Found mod file "fabric-blockrenderlayer-v1-1.1.52+b089b4bd19.jar" [parent: forgified-fabric-api-0.115.6+2.1.0+1.21.1.jar, locator: jarinjar, reader: mod manifest]
[318月2026 15:31:40.671] [main/INFO] [net.neoforged.fml.loading.moddiscovery.ModDiscoverer/SCAN]: Found mod file "fabric-block-api-v1-1.0.22+a6e994cd19.jar" [parent: forgified-fabric-api-0.115.6+2.1.0+1.21.1.jar, locator: jarinjar, reader: mod manifest]
[318月2026 15:31:40.671] [main/INFO] [net.neoforged.fml.loading.moddiscovery.ModDiscoverer/SCAN]: Found library file "thedarkcolour.kfflang-5.12.0.jar" [parent: kotlinforforge-5.12.0-all.jar, locator: jarinjar, reader: mod manifest]
[318月2026 15:31:40.671] [main/INFO] [net.neoforged.fml.loading.moddiscovery.ModDiscoverer/SCAN]: Found gamelibrary file "thedarkcolour.kfflib-5.12.0.jar" [parent: kotlinforforge-5.12.0-all.jar, locator: jarinjar, reader: mod manifest]
[318月2026 15:31:40.671] [main/INFO] [net.neoforged.fml.loading.moddiscovery.ModDiscoverer/SCAN]: Found mod file "fabric-resource-conditions-api-v1-4.3.0+5bdd099819.jar" [parent: forgified-fabric-api-0.115.6+2.1.0+1.21.1.jar, locator: jarinjar, reader: mod manifest]
[318月2026 15:31:40.671] [main/INFO] [net.neoforged.fml.loading.moddiscovery.ModDiscoverer/SCAN]: Found library file "luaj-jse-3.0.8-figura.jar" [parent: tacz-neoforge-1.21.1-1.1.8-hotfix-r6.jar, locator: jarinjar]
[318月2026 15:31:40.671] [main/INFO] [net.neoforged.fml.loading.moddiscovery.ModDiscoverer/SCAN]: Found library file "glsl-transformer-3.0.0-pre3.jar" [parent: iris-neoforge-1.8.14-beta.1+mc1.21.1.jar, locator: jarinjar]
[318月2026 15:31:40.671] [main/INFO] [net.neoforged.fml.loading.moddiscovery.ModDiscoverer/SCAN]: Found mod file "thedarkcolour.kffmod-5.12.0.jar" [parent: kotlinforforge-5.12.0-all.jar, locator: jarinjar, reader: mod manifest]
[318月2026 15:31:40.671] [main/INFO] [net.neoforged.fml.loading.moddiscovery.ModDiscoverer/SCAN]: Found library file "kotlin-reflect-2.4.0.jar" [parent: kotlinforforge-5.12.0-all.jar, locator: jarinjar]
[318月2026 15:31:40.671] [main/INFO] [net.neoforged.fml.loading.moddiscovery.ModDiscoverer/SCAN]: Found mod file "sable-companion-common-1.21.1-1.6.0.jar" [parent: [锦致装饰] supplementaries-1.21.1-3.9.6-neoforge.jar, locator: jarinjar, reader: mod manifest]
[318月2026 15:31:40.671] [main/INFO] [net.neoforged.fml.loading.moddiscovery.ModDiscoverer/SCAN]: Found mod file "flywheel-neoforge-1.21.1-1.0.6.jar" [parent: [机械动力] create-1.21.1-6.0.10.jar, locator: jarinjar, reader: mod manifest]
[318月2026 15:31:40.671] [main/INFO] [net.neoforged.fml.loading.moddiscovery.ModDiscoverer/SCAN]: Found library file "velocity-native-3.4.0-SNAPSHOT.jar" [parent: krypton_fnp-neoforge-1.21.1-0.2.28.1-1.21.1.jar, locator: jarinjar]
[318月2026 15:31:40.671] [main/INFO] [net.neoforged.fml.loading.moddiscovery.ModDiscoverer/SCAN]: Found mod file "fabric-item-group-api-v1-4.1.7+e324903319.jar" [parent: forgified-fabric-api-0.115.6+2.1.0+1.21.1.jar, locator: jarinjar, reader: mod manifest]
[318月2026 15:31:40.671] [main/INFO] [net.neoforged.fml.loading.moddiscovery.ModDiscoverer/SCAN]: Found library file "yoga-1.0.0.jar" [parent: ldlib2-neoforge-1.21.1-2.2.37-all.jar, locator: jarinjar]
[318月2026 15:31:40.671] [main/INFO] [net.neoforged.fml.loading.moddiscovery.ModDiscoverer/SCAN]: Found mod file "fabric-gametest-api-v1-2.0.5+29f188ce19.jar" [parent: forgified-fabric-api-0.115.6+2.1.0+1.21.1.jar, locator: jarinjar, reader: mod manifest]
[318月2026 15:31:40.671] [main/INFO] [net.neoforged.fml.loading.moddiscovery.ModDiscoverer/SCAN]: Found mod file "l2core-3.0.8+1.jar" [parent: [烧烤乐事] barbequesdelight-1.3.0.jar, locator: jarinjar, reader: mod manifest]
[318月2026 15:31:40.672] [main/INFO] [net.neoforged.fml.loading.moddiscovery.ModDiscoverer/SCAN]: Found mod file "fabric-biome-api-v1-13.0.31+1e62d33c19.jar" [parent: forgified-fabric-api-0.115.6+2.1.0+1.21.1.jar, locator: jarinjar, reader: mod manifest]
[318月2026 15:31:40.672] [main/INFO] [net.neoforged.fml.loading.moddiscovery.ModDiscoverer/SCAN]: Found mod file "fabric-registry-sync-v0-5.2.0+867470b919.jar" [parent: forgified-fabric-api-0.115.6+2.1.0+1.21.1.jar, locator: jarinjar, reader: mod manifest]
[318月2026 15:31:40.672] [main/INFO] [net.neoforged.fml.loading.moddiscovery.ModDiscoverer/SCAN]: Found mod file "fabric-recipe-api-v1-5.0.14+59440bcc19.jar" [parent: forgified-fabric-api-0.115.6+2.1.0+1.21.1.jar, locator: jarinjar, reader: mod manifest]
[318月2026 15:31:40.672] [main/INFO] [net.neoforged.fml.loading.moddiscovery.ModDiscoverer/SCAN]: Found mod file "fabric-object-builder-api-v1-15.2.1+cc242efd19.jar" [parent: forgified-fabric-api-0.115.6+2.1.0+1.21.1.jar, locator: jarinjar, reader: mod manifest]
[318月2026 15:31:40.672] [main/INFO] [net.neoforged.fml.loading.moddiscovery.ModDiscoverer/SCAN]: Found mod file "fabric-sound-api-v1-1.0.23+10b84f8419.jar" [parent: forgified-fabric-api-0.115.6+2.1.0+1.21.1.jar, locator: jarinjar, reader: mod manifest]
[318月2026 15:31:40.672] [main/INFO] [net.neoforged.fml.loading.moddiscovery.ModDiscoverer/SCAN]: Found mod file "fabric-message-api-v1-6.0.13+e053909619.jar" [parent: forgified-fabric-api-0.115.6+2.1.0+1.21.1.jar, locator: jarinjar, reader: mod manifest]
[318月2026 15:31:40.672] [main/INFO] [net.neoforged.fml.loading.moddiscovery.ModDiscoverer/SCAN]: Found mod file "expandability-neoforge-12.0.0.jar" [parent: [奇异饰品] artifacts-neoforge-13.2.3.jar, locator: jarinjar, reader: mod manifest]
[318月2026 15:31:40.672] [main/INFO] [net.neoforged.fml.loading.moddiscovery.ModDiscoverer/SCAN]: Found library file "tiny-java-server-1.0.0-build.33.jar" [parent: kubejs-neoforge-2101.7.2-build.374.jar, locator: jarinjar]
[318月2026 15:31:40.672] [main/INFO] [net.neoforged.fml.loading.moddiscovery.ModDiscoverer/SCAN]: Found mod file "fabric-data-generation-api-v1-20.2.28+2d91a6db19.jar" [parent: forgified-fabric-api-0.115.6+2.1.0+1.21.1.jar, locator: jarinjar, reader: mod manifest]
[318月2026 15:31:40.672] [main/INFO] [net.neoforged.fml.loading.moddiscovery.ModDiscoverer/SCAN]: Found mod file "fabric-events-interaction-v0-0.7.13+7b71cc1619.jar" [parent: forgified-fabric-api-0.115.6+2.1.0+1.21.1.jar, locator: jarinjar, reader: mod manifest]
[318月2026 15:31:40.674] [main/INFO] [net.neoforged.fml.loading.moddiscovery.ModDiscoverer/]: 
     Mod List:
		Name Version (Mod Id)

		Abnormals Delight 6.0.2 (abnormals_delight)
		aero_copycats 1.1.0 (aerocopycats)
		Aeronaut's Compass 1.1.0 (mapcompass)
		Aeronautics Addition 1.0.2 (aero_addition)
		Aeronautics: Simulated Copycats 1.3.2 (sim_copycats)
		AeronauticsCompat 1.1.3 (aeronauticscompat)
		Aerovive Fix 1.0.3 (aero_vive_veil_fbo_fix)
		Alex's Mobs Continued 2.1.8 (alexsmobs)
		Alexs Delight 1.6 (alexsdelight)
		All The Leaks 1.1.12+1.21.1-neoforge (alltheleaks)
		Always Eat 1.0.0 (always_eat)
		Ambient Gogga 1.0.0 (ambientgogga)
		AmbientSounds 6.3.8 (ambientsounds)
		AppleSkin 3.0.9+mc1.21 (appleskin)
		Aquaculture 2 2.7.21 (aquaculture)
		Aquaculture Delight 1.2.0 (aquaculturedelight)
		Arcadia Better Creative 1.1.0 (arcadiabettercreative)
		Architectury 13.0.11 (architectury)
		Artifacts 13.2.3 (artifacts)
		AttributeFix 21.1.3 (attributefix)
		Balm 21.0.65 (balm)
		Barbeque's Delight 1.3.0 (barbequesdelight)
		BCLib 21.0.26 (bclib)
		Better Advanced Tooltips 2101.1.0-build.5 (betteradvancedtooltips)
		Better Advancements 0.4.3.21 (betteradvancements)
		Better Climbing 4 (better_climbing)
		Better End 21.0.34 (betterend)
		Better Foliage 1 (betterfoliage)
		Better Ping Display 1.1 (betterpingdisplay)
		Better village 3.3.1 (bettervillage)
		BetterEnd Fix 1.0.0 (betterendfix)
		Biolith 3.0.10 (biolith)
		Biome Spawn Point 2.4 (biomespawnpoint)
		Biomes O' Plenty 21.1.0.14 (biomesoplenty)
		BiomeSpy 1.3.3 (biomespy)
		Blueprint 8.1.1 (blueprint)
		Bookshelf 21.1.81 (bookshelf)
		Bow Infinity Fix 3.1.1 (bowinfinityfix)
		BWG Addon 1.0.0 (bwgaddon)
		ByePregen 1.1.2.1 (byepregen)
		Carry On 2.2.4 (carryon)
		Castle in the Sky 1.21.1.1 (castle_in_the_sky)
		CC: Sable 1.3.4 (cc_sable)
		CC: Tweaked 1.120.2 (computercraft)
		Chimes 2.1.1 (chimes)
		chunksending mod 3.9 (chunksending)
		Chunky 1.4.23 (chunky)
		CIT Resewn 1.2.2+1.21.1 (citresewn)
		Citadel 2.7.1 (citadel)
		clientcrafting mod 2.1 (clientcrafting)
		ClientSort 3.89.0-beta.2 (clientsort)
		Cloth Config v15 API 15.0.140 (cloth_config)
		Clumps 19.0.0.1 (clumps)
		Cluttered 3.0.3-1.21.1 (cluttered)
		CodecUI 1.21.1-1.4.1 (codecui)
		CodxLib 1.5.1 (codxlib)
		Collective 8.39 (collective)
		Collector's Album 2.8.0 (collectorsalbum)
		Colorful Hearts 10.5.9 (colorfulhearts)
		Colorwheel 1.2.9+mc1.21.1 (colorwheel)
		Colorwheel Patcher 1.0.5+mc1.21.1 (colorwheel_patcher)
		conditional mixin 0.6.4 (conditional_mixin)
		Configuration 3.1.1 (configuration)
		Configured 2.6.3 (configured)
		Configured Defaults 21.1.3 (configureddefaults)
		Construction Wand KOTS 2.16.12 (constructionwand)
		Controlling 19.0.5 (controlling)
		CorgiLib 5.0.0.9 (corgilib)
		Crate Delight 26.07.01-1.21-neoforge (cratedelight)
		Crate Delight: Croptopia 24.12.27-1.21-neoforge (cratedelightcroptopia)
		Crawl on Demand 1.2.0 (crawlondemand)
		Create 6.0.10 (create)
		Create Aeronautics 1.3.2 (aeronautics_bundled)
		Create Aeronautics 1.3.2 (aeronautics)
		Create Aeronautics Curios Compat 2.0 (aeronautics_curios_compat)
		Create Aeronautics: Toolgun 0.3.6 (create_aeronautics_toolgun)
		Create Aeronautics: Transmission & Linkage 0.2.7 (aeronautics_utility_objects)
		Create Big Cannons 5.11.7 (createbigcannons)
		Create Big Cannons: Equally Opposite 0.1.3 (cbc_equally_opposite)
		Create Bits 'n' Bobs 0.0.44 (bits_n_bobs)
		Create cobblestone 1.5.0+neoforge-1.21.1-153 (createcobblestone)
		Create Compact Transmission 1.0.7 (create_compact_transmission)
		Create Confectionery 1.1.3. (create_confectionery)
		Create Crafts & Additions 1.7.0 (createaddition)
		Create Deco 2.1.3 (createdeco)
		Create Diesel Generators 1.21.1-1.3.15 (createdieselgenerators)
		Create Efficient Visuals 0.2.0 (createefficientvisuals)
		Create Offroad 1.3.2 (offroad)
		Create Ore Excavation 1.6.8 (createoreexcavation)
		Create Propulsion: Simulated 1.1.5 (createpropulsion)
		Create Simulated 1.3.2 (simulated)
		Create Tracks 1.0.1 (tracks)
		Create Tweaked Controllers 1.21.1-1.2.7 (create_tweaked_controllers)
		Create: Aeroworks 1.5.0 (aeroworks)
		Create: Connected 1.3.2-mc1.21.1 (create_connected)
		Create: Copycats+ 3.0.8+mc.1.21.1-neoforge (copycats)
		Create: Design n' Decor - Aeronautics Compat 1.0.0 (dnd_aero_compat)
		Create: Dragons Plus 1.11.7b (create_dragons_plus)
		Create: Easy Structures 0.2 (create_easy_structures)
		Create: Easy Structures fix 1.0.0 (cesfix)
		Create: Enchantment Industry 2.5.3b (create_enchantment_industry)
		Create: Fast Schematic Cannon 1.4.1-neoforge (createfastschematiccannon)
		Create: Interiors 0.6.1 (interiors)
		Create: Radars 0.4.9.4-1.21.1 (create_radar)
		Create: Smart Bounds 1.0.0 (smart_bounds)
		Create: Steam 'n' Rails 1.21.1 0.3.0-beta.2+neoforge-mc1.21.1 (railways)
		Create: Trading Floor 3.0.16 (trading_floor)
		Create:Schematic Checker 2.27.45-6.0 (createschematicchecker)
		CreateBetterFps 1.1.4 (createbetterfps)
		CreativeCore 2.13.44 (creativecore)
		Creeper Overhaul 4.0.6 (creeperoverhaul)
		CreeperFireworks 1.0.2.2 (creeperfireworks)
		Croptopia 4.2.4 (croptopia)
		Cultural Delights 0.17.8 (culturaldelights)
		Cupboard mod 4.1 (cupboard)
		Curios API 9.5.1+1.21.1 (curios)
		Design n' Decor 2.2b (dndecor)
		Do a Barrel Roll 3.7.3 (do_a_barrel_roll)
		Dynamic Crosshair 9.11 (dynamiccrosshair)
		Dynamic Crosshair API 1.2 (dynamiccrosshairapi)
		Ecliptic Seasons 0.14.99-beta-2 (eclipticseasons)
		Ecliptic Seasons : Bundles 0.18.0 (eclipticseasons_bundles)
		Ecliptic Seasons: MultiMod Patch 0.32.0-beta (eclipticseasons_multimodpatch)
		Efficient Hashing 1.0.0 (efficient_hashing)
		EnchantmentDescriptions 21.1.11 (enchdesc)
		End's Delight 2.6.1+neoforge.1.21.1 (ends_delight)
		Ender Bags Continue 1.0.0 (ender_bags)
		EnhancedVisuals 1.8.31 (enhancedvisuals)
		EpheroLib 1.2.0 (epherolib)
		Eternal Starlight 0.9.0+1.21.1+neoforge (eternal_starlight)
		Exotic Birds 1.0.0 (exoticbirds)
		ExpandAbility 12.0.0 (expandability)
		Exposure 1.9.18 (exposure)
		Farmer's Delight 1.3.4 (farmersdelight)
		Fast Recipe Search 1.21.1-26.8.4-neoforge (fastrecipesearch)
		Fast Tag 1.21.1-26.1-neoforge (fasttag)
		FastLeafDecay 35 (fastleafdecay)
		Ferrite Core 7.0.3 (ferritecore)
		FishingReal 1.9.1 (fishingreal)
		Flerovium 1.1.2 (flerovium)
		Fly Higher 1.0.2 (flyhigher)
		Flywheel 1.0.6 (flywheel)
		Forgified Fabric API 0.115.6+2.1.0+1.21.1 (fabric_api)
		Forgified Fabric API Base 0.4.42+d1308ded19 (fabric_api_base)
		Forgified Fabric API Lookup API (v1) 1.6.70+c21168c319 (fabric_api_lookup_api_v1)
		Forgified Fabric Biome API (v1) 13.0.31+1e62d33c19 (fabric_biome_api_v1)
		Forgified Fabric Block API (v1) 1.0.22+a6e994cd19 (fabric_block_api_v1)
		Forgified Fabric BlockRenderLayer Registration (v1) 1.1.52+b089b4bd19 (fabric_blockrenderlayer_v1)
		Forgified Fabric BlockView API (v2) 1.0.10+9afaaf8c19 (fabric_block_view_api_v2)
		Forgified Fabric Client Tags 1.1.15+e053909619 (fabric_client_tags_api_v1)
		Forgified Fabric Command API (v2) 2.2.28+36d727be19 (fabric_command_api_v2)
		Forgified Fabric Content Registries (v0) 8.0.18+0a0c14ff19 (fabric_content_registries_v0)
		Forgified Fabric Convention Tags 2.1.4+7f945d5b19 (fabric_convention_tags_v1)
		Forgified Fabric Convention Tags (v2) 2.11.0+87e5848019 (fabric_convention_tags_v2)
		Forgified Fabric Data Attachment API (v1) 1.4.3+58235da019 (fabric_data_attachment_api_v1)
		Forgified Fabric Data Generation API (v1) 20.2.28+2d91a6db19 (fabric_data_generation_api_v1)
		Forgified Fabric Entity Events (v1) 1.7.0+1af6e62419 (fabric_entity_events_v1)
		Forgified Fabric Events Interaction (v0) 0.7.13+7b71cc1619 (fabric_events_interaction_v0)
		Forgified Fabric Game Rule API (v1) 1.0.53+36d727be19 (fabric_game_rule_api_v1)
		Forgified Fabric Game Test API (v1) 2.0.5+29f188ce19 (fabric_gametest_api_v1)
		Forgified Fabric Item API (v1) 11.1.1+57cdfa8219 (fabric_item_api_v1)
		Forgified Fabric Item Group API (v1) 4.1.7+e324903319 (fabric_item_group_api_v1)
		Forgified Fabric Key Binding API (v1) 1.0.47+62cc7ce119 (fabric_key_binding_api_v1)
		Forgified Fabric Lifecycle Events (v1) 2.5.0+a2ee258a19 (fabric_lifecycle_events_v1)
		Forgified Fabric Loot API (v2) 3.0.15+a3ee712d19 (fabric_loot_api_v2)
		Forgified Fabric Loot API (v3) 1.0.3+333dfad919 (fabric_loot_api_v3)
		Forgified Fabric Message API (v1) 6.0.13+e053909619 (fabric_message_api_v1)
		Forgified Fabric Model Loading API (v1) 2.0.0+986ae77219 (fabric_model_loading_api_v1)
		Forgified Fabric Networking API (v1) 4.3.0+4f690eb619 (fabric_networking_api_v1)
		Forgified Fabric Object Builder API (v1) 15.2.1+cc242efd19 (fabric_object_builder_api_v1)
		Forgified Fabric Particles (v1) 4.0.2+824f924c19 (fabric_particles_v1)
		Forgified Fabric Recipe API (v1) 5.0.14+59440bcc19 (fabric_recipe_api_v1)
		Forgified Fabric Registry Sync (v0) 5.2.0+867470b919 (fabric_registry_sync_v0)
		Forgified Fabric Renderer - Indigo 1.7.0+4198af7119 (fabric_renderer_indigo)
		Forgified Fabric Renderer API (v1) 3.4.1+9125b6dc19 (fabric_renderer_api_v1)
		Forgified Fabric Rendering (v1) 5.0.5+077ba95f19 (fabric_rendering_v1)
		Forgified Fabric Rendering Data Attachment (v1) 0.3.48+73761d2e19 (fabric_rendering_data_attachment_v1)
		Forgified Fabric Rendering Fluids (v1) 3.1.6+857185bc19 (fabric_rendering_fluids_v1)
		Forgified Fabric Resource Conditions API (v1) 4.3.0+5bdd099819 (fabric_resource_conditions_api_v1)
		Forgified Fabric Resource Loader (v0) 1.3.1+4ea8954419 (fabric_resource_loader_v0)
		Forgified Fabric Screen API (v1) 2.0.25+4228281319 (fabric_screen_api_v1)
		Forgified Fabric Screen Handler API (v1) 1.3.88+8dbc56dd19 (fabric_screen_handler_api_v1)
		Forgified Fabric Sound API (v1) 1.0.23+10b84f8419 (fabric_sound_api_v1)
		Forgified Fabric Transfer API (v1) 5.4.2+a25cb45619 (fabric_transfer_api_v1)
		Forgified Fabric Transitive Access Wideners (v1) 6.2.0+6c854b6f19 (fabric_transitive_access_wideners_v1)
		Framework 0.13.11 (framework)
		FTB Chunks 2101.1.21 (ftbchunks)
		FTB Chunks x Xaero's Map Compat 1.1.4 (ftbxaerocompat)
		FTB Essentials 2101.1.10 (ftbessentials)
		FTB Library 2101.1.35 (ftblibrary)
		FTB Quests 2101.1.34 (ftbquests)
		FTB Teams 2101.1.11 (ftbteams)
		FTB Ultimine 2101.1.15 (ftbultimine)
		GeckoLib 4 4.9.2 (geckolib)
		GlitchCore 2.1.0.2 (glitchcore)
		GlobalGamerules-Neo 1.21.1-1.0 (globalrules)
		Gpu memory leak fix 1.8 (gpumemleakfix)
		Guard Villagers 2.4.12 (guardvillagers)
		Horseman 1.5.13 (horseman)
		Iceberg 1.3.2 (iceberg)
		IMBlocker 5.5.4 (imblocker)
		ImmediatelyFast 1.6.13+1.21.1 (immediatelyfast)
		Immersive Melodies 0.7.1+1.21.1 (immersive_melodies)
		Iris 1.8.14-beta.1+mc1.21.1 (iris)
		Iris Veil Compat 0.3.0 (irisveil)
		Ixeris 4.6.5+1.21.1-neoforge (ixeris)
		Jade 15.10.6+neoforge (jade)
		Jade Addons 6.1.0+neoforge (jadeaddons)
		Jade Sable Compat 1.3.0 (sablejade)
		Jade-VS 2.0.0 (jade_vs)
		JumpOverFences 1.0-SNAPSHOT (jumpoverfences)
		Just Enough Characters 4.5.27 (jecharacters)
		Just Enough Items 19.50.0.414 (jei)
		Just Enough Professions (JEP) 4.0.5 (justenoughprofessions)
		Kaleidoscope Compat 2.9.7-neoforge+mc1.21.1 (kaleidoscope_compat)
		Kaleidoscope Contraption 1.0.3 (kaleidoscope_contraption)
		Kaleidoscope Cookery 1.4.1-neoforge+mc1.21.1 (kaleidoscope_cookery)
		Kaleidoscope Tavern 1.2.0-neoforge+mc1.21.1 (kaleidoscope_tavern)
		Kiwi Library 15.8.7+neoforge (kiwi)
		Kotlin For Forge 5.12.0 (kotlinforforge)
		Krypton FNP 0.2.28.1-1.21.1 (krypton_fnp)
		KubeJS 2101.7.2-build.374 (kubejs)
		KubeJS Create 2101.3.1-build.18 (kubejs_create)
		KumaAPI 21.0.8 (kuma_api)
		L2Core 3.0.8+1 (l2core)
		L_Ender's Cataclysm 1.21.1 3.33 (cataclysm)
		leaky mod 3.4 (leaky)
		legendary_monsters 1.21.1 (legendary_monsters)
		LibBamboo 2.25 (libbamboo)
		Library ferret 4.0.0 (libraryferret)
		Lightman's Currency 1.21-2.3.0.5 (lightmanscurrency)
		Lightspeed 1.21.1-1.2.3 (lightspeed)
		lionfishapi 3.1 (lionfishapi)
		Lithium 0.15.4+mc1.21.1 (lithium)
		Load My F***ing Tags 1.1.1+1.21.9 (lmft)
		LootJS 1.21.1-3.7.0 (lootjs)
		Lootr 1.21.1-1.11.38.124 (lootr)
		Lost Trinkets 21.1.4-mc1.21.1 (losttrinkets)
		LowDragLib2 2.2.37 (ldlib2)
		Maidsoul Kitchen 0.1.4 (maidsoulkitchen)
		MaidUseHandCrank 1.6.2 (muhc)
		MaxHealthFix 21.1.4 (maxhealthfix)
		Minecraft 1.21.1 (minecraft)
		Mo' Structures 1.6.0+1.21.1 (mostructures)
		Modern UI 3.13.0.1 (modernui)
		ModernFix 5.27.23+mc1.21.1 (modernfix)
		Moonlight Lib 1.21.1-3.5.2 (moonlight)
		Mouse Tweaks 2.26.1 (mousetweaks)
		MrCrayfish's Furniture Mod: Refurbished 1.0.22 (refurbished_furniture)
		Multiversion Language Provider 0.4.7 (multiversionprovider)
		Music Triggers 7.0.4 (musictriggers)
		Nature's Compass 1.21.1-3.4.0-neoforge (naturescompass)
		Neapolitan 6.0.1 (neapolitan)
		Neat 1.21-47-NEOFORGE (neat)
		Neo-Voxy 0.4.3-beta.1 (voxy)
		NeoContinuity 3.0.1-0.0.1 (continuity)
		NeoForge 21.1.248 (neoforge)
		Net Music Mod 1.5.1-neoforge+mc1.21.1 (netmusic)
		Net Music: Better Experience 4.3 (net_music_list)
		Oh The Biomes We've Gone 2.6.0 (biomeswevegone)
		Oh The Trees You'll Grow 5.3.2 (ohthetreesyoullgrow)
		Omega Config Architectury 1.5.1 (omegaconfig)
		Paraglider 21.1.5 (paraglider)
		ParCool! 3.4.3.3 (parcool)
		Passable Foliage 9.2.0+neoforge (passablefoliage)
		PasterDream 0.9.7-pre.1 (pasterdream)
		PasterDream API 0.9.7-pre.1 (pasterdreamapi)
		PasterDreamMeltDream 0.9.7-pre.1 (pasterdreammeltdream)
		PasterDreamSanity 0.9.7-pre.1 (pasterdreamsanity)
		PasterDreamSpells 0.9.7-pre.1 (pasterdreamspells)
		Patchouli 1.21.1-93-NEOFORGE (patchouli)
		Paxi 1.21.1-NeoForge-5.1.3 (paxi)
		Polymorph 1.1.0+1.21.1 (polymorph)
		Polytone 1.21-4.1.0 (polytone)
		Ponder 1.0.82+mc1.21.1 (ponder)
		Presence Footsteps (NeoForge) 1.21.1-1.12.0-beta.1 (presencefootsteps)
		Presence Footsteps x Sable 1.0 (pfsable)
		PrickleMC 21.1.11 (prickle)
		Quark 4.1-482 (quark)
		Redden's Stone Lanterns 1.0.4 (reddensstonelantern)
		Redirected 1.0.0 (redirected)
		Resource Derivator 1.0.0-beta (resourcederivator)
		Resourceful Lib 3.0.12 (resourcefullib)
		Resourcefulconfig 3.0.11 (resourcefulconfig)
		ReTerraForged 0.0.6005 (reterraforged)
		Retraining 2.0.0 (retraining)
		Rhino 2101.2.8-build.91 (rhino)
		Ritchie's Projectile Library 2.1.2 (ritchiesprojectilelib)
		Rolled Homongenous: Forked 1.0.3 (rha)
		Sable 2.0.5 (sable)
		Sable Companion 1.6.0 (sablecompanion)
		Sable Create Addition Compat 0.1.13 (sable_createaddition_compat)
		Sable Explosion Fix 1.0.0 (sableexplosionfix)
		Sable Fix Mod 1.1.0 (sable_fix_mod)
		Sable Photomancy 1.0.1 (sable_schematic_api)
		Sable Sublevels on Xaero's Maps 1.4.0 (sablexaeromaps)
		Sable: Physics Compat 1.3.0 (sablephysicscompat)
		Save My Shit Network 1.4.3-1.21.1 (smsn)
		SaveMyRecipeBook 1.0.0 (smrb)
		Searchables 1.0.2 (searchables)
		Serene Shrubbery 2.4.0 (serene_shrubbery)
		ServerWarashi 2.1.0.1 (serverwarashi)
		Showcase Item 1.21.1-1.1.0 (showcaseitem)
		SimpleBedrockModel 2.2.1-neoforge+mc1.21.1 (simplebedrockmodel)
		Slash Blade:Resharpened 2.0.7-1.21.1 (slashblade)
		Sodium 0.8.13+mc1.21.1 (sodium)
		spark 1.10.124 (spark)
		Storage Drawers 13.11.4 (storagedrawers)
		Structure Compass Mod 4.2.1 (structurecompass)
		Structure Layout Optimizer 1.0.12 (structure_layout_optimizer)
		Supplementaries 1.21.1-3.9.6 (supplementaries)
		SwingThroughGrass 1.0.1 (swingthroughgrass)
		TaCZ Pack Upgrader 2.1.3 (taczpackupgrader)
		TerraBlender 4.1.0.8 (terrablender)
		The Graveyard 2.6.2 (graveyard)
		The Impossible Library 0.4.7 (theimpossiblelibrary)
		Timeless & Classics Guns: Zero 1.1.8-hotfix-r6 (tacz)
		Timeless and Classics Zero: Creatified 1.0.2+neoforge.1.21.1 (tacz_c)
		Tips 21.1.3 (tipsmod)
		Torchmaster 21.1.9 (torchmaster)
		TorqueAPI 1.2.2 (torqueapi)
		Touhou Little Maid 1.5.3-neoforge+mc1.21.1 (touhou_little_maid)
		Touhou Little Maid Shogi 1.0.0-beta (tlm_shogi)
		Towers of The Wild: Modded 1.0.9 (totw_modded)
		Traveler's Backpack 10.1.39 (travelersbackpack)
		Traveler's Titles 1.21.1-NeoForge-5.1.3 (travelerstitles)
		TxniLib 1.0.24 (txnilib)
		Untitled Duck Mod 1.6.0 (untitledduckmod)
		Upgrade Aquatic 7.0.1 (upgrade_aquatic)
		Valhelsia Core 1.1.5 (valhelsia_core)
		Valhelsia Furniture 1.1.1 (valhelsia_furniture)
		Valhelsia Furniture Fix 1.0.0 (valhelsia_furniture_fix)
		Valhelsia Structures 1.1.2 (valhelsia_structures)
		Veil 4.3.2 (veil)
		VS Sable Hose Connectors 0.1.8 (vsfluidlink)
		Waystones 21.1.41 (waystones)
		WhiteNoise 2.2.0 (whitenoise)
		WorldWeaver 21.0.25 (wover)
		WunderLib 21.0.10 (wunderlib)
		Xaero's Minimap 26.4.2 (xaerominimap)
		Xaero's World Map 1.45.0 (xaeroworldmap)
		XaeroLib 1.7.1 (xaerolib)
		Yes Steve Model 2.6.5-neoforge+mc1.21.1 (yes_steve_model)
		YUNG's API 1.21.1-NeoForge-5.1.8 (yungsapi)
		Yuushya 2.3.0 (yuushya)
		Yuushya Modelling 2.4.1 (yuushya_modelling)
		Zeta 1.1-40 (zeta)
[318月2026 15:31:40.753] [ForkJoinPool.commonPool-worker-12/INFO] [The Impossible Library/]: Called computeLoaderURI on TILLoaderJarModuleDataProvider and returning URI is union:/E:/Program%20Files/Earth2%20Reborn/.minecraft/versions/Earth2%20Reborn/mods/theimpossiblelibrary-0.4.7-neoforge-1.21.1.jar%23470!/
[318月2026 15:31:40.784] [main/INFO] [Configured Defaults/]: Applying default files...
[318月2026 15:31:41.080] [background-scan-handler-1/INFO] [NeoForge Mod Loading/]: Starting multiversion mod scan
[318月2026 15:31:41.081] [background-scan-handler-6/INFO] [NeoForge Mod Loading/]: Starting multiversion mod scan
[318月2026 15:31:41.095] [main/INFO] [net.neoforged.fml.loading.FMLServiceProvider/CORE]: Loading coremod script-engine for [theimpossiblelibrary, xaerominimap, xaeroworldmap]
[318月2026 15:31:41.527] [background-scan-handler-6/INFO] [The Impossible Library/]: Adding file path to scan (total paths = [E:\Program Files\Earth2 Reborn\.minecraft\versions\Earth2 Reborn\mods\theimpossiblelibrary-0.4.7-neoforge-1.21.1.jar])
[318月2026 15:31:41.743] [background-scan-handler-1/INFO] [The Impossible Library/]: Adding file path to scan (total paths = [E:\Program Files\Earth2 Reborn\.minecraft\versions\Earth2 Reborn\mods\theimpossiblelibrary-0.4.7-neoforge-1.21.1.jar, E:\Program Files\Earth2 Reborn\.minecraft\versions\Earth2 Reborn\mods\[音乐触发器] musictriggers-7.0.4.jar])
[318月2026 15:31:41.849] [main/INFO] [The Impossible Library/]: [Multiversion Transformer (Forge)]: Initializing 2 coremod(s)
[318月2026 15:31:41.872] [main/INFO] [The Impossible Library/]: [Multiversion Transformer (Forge)]: <Music Triggers Core>: Initializing with ID `musictriggers_core`
[318月2026 15:31:41.876] [main/INFO] [The Impossible Library/]: [Multiversion Transformer (Forge)]: <The Impossible Library Core>: Initializing with ID `theimpossiblelibrary_core`
[318月2026 15:31:41.959] [main/INFO] [The Impossible Library/]: Collecting class targets as [net.minecraft.client.sounds.SoundManager, net.minecraft.client.sounds.MusicManager]
[318月2026 15:31:41.962] [main/INFO] [The Impossible Library/]: [Multiversion Transformer (Forge)]: <Music Triggers Core>: Requesting transformation of 2 classes
[318月2026 15:31:41.962] [main/INFO] [The Impossible Library/]: Collecting class targets as [net.minecraft.client.sounds.SoundManager, net.minecraft.client.sounds.MusicManager]
[318月2026 15:31:41.976] [main/INFO] [The Impossible Library/]: [Multiversion Transformer (Forge)]: <The Impossible Library Core>: Requesting transformation of 1 classes
[318月2026 15:31:42.081] [ForkJoinPool.commonPool-worker-2/INFO] [The Impossible Library/]: Called computeLoaderURI on TILLoaderJarModuleDataProvider and returning URI is union:/E:/Program%20Files/Earth2%20Reborn/.minecraft/versions/Earth2%20Reborn/mods/theimpossiblelibrary-0.4.7-neoforge-1.21.1.jar%23470!/
[318月2026 15:31:43.541] [main/INFO] [mixin/]: Compatibility level set to JAVA_21
[318月2026 15:31:43.763] [main/INFO] [net.fabricmc.loader.impl.bootstrap.FabricLoaderBootstrap/]: Propagating FML mod list to Fabric Loader
[318月2026 15:31:43.792] [main/INFO] [cpw.mods.modlauncher.LaunchServiceHandler/MODLAUNCHER]: Launching target 'forgeclient' with arguments [--version, Earth2 Reborn, --gameDir, E:\Program Files\Earth2 Reborn\.minecraft\versions\Earth2 Reborn, --assetsDir, E:\Program Files\Earth2 Reborn\.minecraft\assets, --uuid, 0000000000003005998F50309BD60A34, --username, sange, --assetIndex, 17, --accessToken, ❄❄❄❄❄❄❄❄, --clientId, ${clientid}, --xuid, ${auth_xuid}, --userType, msa, --versionType, PCL, --width, 854, --height, 480]
[318月2026 15:31:43.984] [main/WARN] [mixin/]: Reference map 'slashblade.refmap.json' for slashblade.mixins.json could not be read. If this is a development environment you can ignore this message
[318月2026 15:31:43.986] [main/WARN] [mixin/]: Reference map 'slashblade.refmap.json' for slashblade.ar.mixins.json could not be read. If this is a development environment you can ignore this message
[318月2026 15:31:43.987] [main/WARN] [mixin/]: Reference map 'slashblade.refmap.json' for slashblade.emi.mixins.json could not be read. If this is a development environment you can ignore this message
[318月2026 15:31:43.989] [main/WARN] [mixin/]: Reference map 'slashblade.refmap.json' for slashblade.patchouli.mixins.json could not be read. If this is a development environment you can ignore this message
[318月2026 15:31:43.991] [main/WARN] [mixin/]: Reference map 'slashblade.refmap.json' for slashblade.thetwilightforest.mixins.json could not be read. If this is a development environment you can ignore this message
[318月2026 15:31:43.991] [main/WARN] [mixin/]: Reference map 'neat.refmap.json' for neat.mixins.json could not be read. If this is a development environment you can ignore this message
[318月2026 15:31:44.063] [main/INFO] [ModernFix/]: Loaded configuration file for ModernFix 5.27.23+mc1.21.1: 89 options available, 0 override(s) found
[318月2026 15:31:44.063] [main/INFO] [ModernFix/]: Applying Nashorn fix
[318月2026 15:31:44.064] [main/INFO] [ModernFix/]: Configuring Minecraft's max.bg.threads option with 21 threads
[318月2026 15:31:44.140] [main/INFO] [one.pkg.config.SewliaConfig/]: All configurations saved
[318月2026 15:31:44.143] [main/INFO] [one.pkg.config.SewliaConfig/]: Reloaded configuration: ModConfig
[318月2026 15:31:44.143] [main/INFO] [one.pkg.config.SewliaConfig/]: Successfully initialized configuration manager, loaded 1 configuration classes
[318月2026 15:31:44.144] [main/WARN] [mixin/]: Reference map '' for krypton_fnp.mixins.json could not be read. If this is a development environment you can ignore this message
[318月2026 15:31:44.147] [main/WARN] [mixin/]: Reference map 'yungsapi.refmap.json' for yungsapi.mixins.json could not be read. If this is a development environment you can ignore this message
[318月2026 15:31:44.147] [main/WARN] [mixin/]: Reference map 'maxhealthfix.refmap.json' for maxhealthfix.mixins.json could not be read. If this is a development environment you can ignore this message
[318月2026 15:31:44.149] [main/WARN] [mixin/]: Reference map 'iris.refmap.json' for mixins.iris.json could not be read. If this is a development environment you can ignore this message
[318月2026 15:31:44.149] [main/WARN] [mixin/]: Reference map 'iris.refmap.json' for mixins.iris.fantastic.json could not be read. If this is a development environment you can ignore this message
[318月2026 15:31:44.149] [main/WARN] [mixin/]: Reference map 'iris.refmap.json' for mixins.iris.vertexformat.json could not be read. If this is a development environment you can ignore this message
[318月2026 15:31:44.149] [main/WARN] [mixin/]: Reference map 'iris.refmap.json' for iris-batched-entity-rendering.mixins.json could not be read. If this is a development environment you can ignore this message
[318月2026 15:31:44.149] [main/WARN] [mixin/]: Reference map 'iris.refmap.json' for mixins.iris.compat.sodium.json could not be read. If this is a development environment you can ignore this message
[318月2026 15:31:44.151] [main/WARN] [mixin/]: Reference map 'clientcrafting.refmap.json' for clientcrafting.mixins.json could not be read. If this is a development environment you can ignore this message
[318月2026 15:31:44.185] [main/WARN] [mixin/]: Reference map 'guardvillagers.refmap.json' for guardvillagers.mixins.json could not be read. If this is a development environment you can ignore this message
[318月2026 15:31:44.187] [main/WARN] [mixin/]: Reference map 'createdieselgenerators.refmap.json' for createdieselgenerators.mixins.json could not be read. If this is a development environment you can ignore this message
[318月2026 15:31:44.187] [main/WARN] [mixin/]: Reference map 'clientsort.refmap.json' for clientsort.mixins.json could not be read. If this is a development environment you can ignore this message
[318月2026 15:31:44.187] [main/WARN] [mixin/]: Reference map 'clientsort.refmap.json' for clientsort.neoforge.mixins.json could not be read. If this is a development environment you can ignore this message
[318月2026 15:31:44.189] [main/WARN] [mixin/]: Reference map 'balm.refmap.json' for balm.mixins.json could not be read. If this is a development environment you can ignore this message
[318月2026 15:31:44.189] [main/WARN] [mixin/]: Reference map 'prickle.refmap.json' for prickle.mixins.json could not be read. If this is a development environment you can ignore this message
[318月2026 15:31:44.205] [main/WARN] [mixin/]: Reference map 'createbetterfps.refmap.json' for createbetterfps.mixins.json could not be read. If this is a development environment you can ignore this message
[318月2026 15:31:44.208] [main/WARN] [mixin/]: Reference map 'yuushya.refmap.json' for yuushya_modelling.mixins.json could not be read. If this is a development environment you can ignore this message
[318月2026 15:31:44.208] [main/WARN] [mixin/]: Reference map 'betterpingdisplay.refmap.json' for betterpingdisplay.mixins.json could not be read. If this is a development environment you can ignore this message
[318月2026 15:31:44.209] [main/WARN] [mixin/]: Reference map 'torchmaster.refmap.json' for torchmaster.mixins.json could not be read. If this is a development environment you can ignore this message
[318月2026 15:31:44.210] [main/WARN] [mixin/]: Reference map 'do_a_barrel_roll.refmap.json' for do_a_barrel_roll.mixins.json could not be read. If this is a development environment you can ignore this message
[318月2026 15:31:44.211] [main/WARN] [mixin/]: Reference map 'curios.refmap.json' for curios.neoforge.mixins.json could not be read. If this is a development environment you can ignore this message
[318月2026 15:31:44.211] [main/WARN] [mixin/]: Reference map 'curios.refmap.json' for curios.mixins.json could not be read. If this is a development environment you can ignore this message
[318月2026 15:31:44.211] [main/WARN] [mixin/]: Reference map '${mod_id}.refmap.json' for trading_floor.mixins.json could not be read. If this is a development environment you can ignore this message
[318月2026 15:31:44.212] [main/WARN] [mixin/]: Reference map 'searchables.refmap.json' for searchables.mixins.json could not be read. If this is a development environment you can ignore this message
[318月2026 15:31:44.212] [main/WARN] [mixin/]: Reference map 'searchables.refmap.json' for searchables.neoforge.mixins.json could not be read. If this is a development environment you can ignore this message
[318月2026 15:31:44.214] [main/WARN] [mixin/]: Reference map 'jadeaddons.refmap.json' for jadeaddons.mixins.json could not be read. If this is a development environment you can ignore this message
[318月2026 15:31:44.217] [main/WARN] [mixin/]: Reference map 'create_tweaked_controllers.refmap.json' for create_tweaked_controllers.mixins.json could not be read. If this is a development environment you can ignore this message
[318月2026 15:31:44.219] [main/WARN] [mixin/]: Reference map 'kiwi.refmap.json' for kiwi.mixins.json could not be read. If this is a development environment you can ignore this message
[318月2026 15:31:44.219] [main/WARN] [mixin/]: Reference map '${mod_id}.refmap.json' for bits_n_bobs.mixins.json could not be read. If this is a development environment you can ignore this message
[318月2026 15:31:44.223] [main/WARN] [mixin/]: Reference map 'aeronautics.refmap.json' for aeronautics.mixins.json could not be read. If this is a development environment you can ignore this message
[318月2026 15:31:44.235] [main/INFO] [LithiumConfig/]: Option 'mixin.experimental.entity.block_caching.suffocation' requires 'mixin.util.block_tracking=true' but found 'false'. Setting 'mixin.experimental.entity.block_caching.suffocation=false'.
[318月2026 15:31:44.235] [main/INFO] [LithiumConfig/]: Option 'mixin.experimental.entity.block_caching.block_support' requires 'mixin.util.block_tracking=true' but found 'false'. Setting 'mixin.experimental.entity.block_caching.block_support=false'.
[318月2026 15:31:44.235] [main/INFO] [LithiumConfig/]: Option 'mixin.experimental.entity.block_caching.block_touching' requires 'mixin.util.block_tracking=true' but found 'false'. Setting 'mixin.experimental.entity.block_caching.block_touching=false'.
[318月2026 15:31:44.235] [main/INFO] [LithiumConfig/]: Option 'mixin.experimental.entity.block_caching' requires 'mixin.util.block_tracking=true' but found 'false'. Setting 'mixin.experimental.entity.block_caching=false'.
[318月2026 15:31:44.235] [main/INFO] [Lithium/]: Loaded configuration file for Lithium: 148 options available, 5 override(s) found
[318月2026 15:31:44.237] [main/WARN] [mixin/]: Reference map 'attributefix.refmap.json' for attributefix.mixins.json could not be read. If this is a development environment you can ignore this message
[318月2026 15:31:44.241] [main/WARN] [mixin/]: Reference map 'yes_steve_model.refmap.json' for yes_steve_model.mixins.json could not be read. If this is a development environment you can ignore this message
[318月2026 15:31:44.242] [main/WARN] [mixin/]: Reference map 'passablefoliage.refmap.json' for passablefoliage.mixins.json could not be read. If this is a development environment you can ignore this message
[318月2026 15:31:44.243] [main/WARN] [mixin/]: Reference map 'arcadiabettercreative.refmap.json' for arcadia-better-creative.mixins.json could not be read. If this is a development environment you can ignore this message
[318月2026 15:31:44.245] [main/WARN] [mixin/]: Reference map 'glitchcore.refmap.json' for glitchcore.mixins.json could not be read. If this is a development environment you can ignore this message
[318月2026 15:31:44.245] [main/WARN] [mixin/]: Reference map 'glitchcore.refmap.json' for glitchcore.neoforge.mixins.json could not be read. If this is a development environment you can ignore this message
[318月2026 15:31:44.251] [main/INFO] [Sodium/]: Loaded configuration file for Sodium: 45 options available, 1 override(s) found
[318月2026 15:31:44.253] [main/WARN] [mixin/]: Reference map '${mixin_refmap}' for createschematicchecker.mixins.json could not be read. If this is a development environment you can ignore this message
[318月2026 15:31:44.253] [main/WARN] [mixin/]: Reference map 'offroad.refmap.json' for offroad.mixins.json could not be read. If this is a development environment you can ignore this message
[318月2026 15:31:44.254] [main/WARN] [mixin/]: Reference map 'terrablender.refmap.json' for terrablender.mixins.json could not be read. If this is a development environment you can ignore this message
[318月2026 15:31:44.254] [main/WARN] [mixin/]: Reference map 'terrablender.refmap.json' for terrablender_neoforge.mixins.json could not be read. If this is a development environment you can ignore this message
[318月2026 15:31:44.254] [main/WARN] [mixin/]: Reference map 'biomesoplenty.refmap.json' for biomesoplenty.mixins.json could not be read. If this is a development environment you can ignore this message
[318月2026 15:31:44.255] [main/WARN] [mixin/]: Reference map 'biomesoplenty.refmap.json' for biomesoplenty.neoforge.mixins.json could not be read. If this is a development environment you can ignore this message
[318月2026 15:31:44.279] [main/WARN] [mixin/]: Reference map 'eclipticseasons.refmap.json' for eclipticseasons.mixins.json could not be read. If this is a development environment you can ignore this message
[318月2026 15:31:44.280] [main/WARN] [mixin/]: Reference map 'xaerominimap.refmap.json' for xaerohud.mixins.json could not be read. If this is a development environment you can ignore this message
[318月2026 15:31:44.280] [main/WARN] [mixin/]: Reference map 'xaerominimap.refmap.json' for xaerominimap.mixins.json could not be read. If this is a development environment you can ignore this message
[318月2026 15:31:44.281] [main/WARN] [mixin/]: Reference map 'polymorph.refmap.json' for polymorph.mixins.json could not be read. If this is a development environment you can ignore this message
[318月2026 15:31:44.282] [main/WARN] [mixin/]: Reference map 'polymorph.refmap.json' for polymorph-compatibility.mixins.json could not be read. If this is a development environment you can ignore this message
[318月2026 15:31:44.283] [main/WARN] [mixin/]: Reference map 'zeta.mixins.refmap.json' for zeta.mixins.json could not be read. If this is a development environment you can ignore this message
[318月2026 15:31:44.284] [main/WARN] [mixin/]: Reference map 'zeta.mixins.refmap.json' for zeta_forge.mixins.json could not be read. If this is a development environment you can ignore this message
[318月2026 15:31:44.307] [main/INFO] [ModernUI-MC/Init]: Iris API installed...
[318月2026 15:31:44.330] [main/WARN] [mixin/]: Reference map 'immersive_melodies.refmap.json' for immersive_melodies.mixins.json could not be read. If this is a development environment you can ignore this message
[318月2026 15:31:44.332] [main/WARN] [mixin/]: Reference map 'chunksending.refmap.json' for chunksending.mixins.json could not be read. If this is a development environment you can ignore this message
[318月2026 15:31:44.333] [main/WARN] [mixin/]: Reference map 'kuma_api.refmap.json' for kuma_api.mixins.json could not be read. If this is a development environment you can ignore this message
[318月2026 15:31:44.340] [main/WARN] [mixin/]: Reference map 'geckolib.refmap.json' for geckolib.mixins.json could not be read. If this is a development environment you can ignore this message
[318月2026 15:31:44.343] [main/WARN] [mixin/]: Reference map 'tipsmod.refmap.json' for tipsmod.mixins.json could not be read. If this is a development environment you can ignore this message
[318月2026 15:31:44.344] [main/WARN] [mixin/]: Reference map 'gpumemleakfix.refmap.json' for gpumemleakfix.mixins.json could not be read. If this is a development environment you can ignore this message
[318月2026 15:31:44.344] [main/WARN] [mixin/]: Reference map 'kaleidoscope_tavern.refmap.json' for kaleidoscope_tavern.mixins.json could not be read. If this is a development environment you can ignore this message
[318月2026 15:31:44.344] [main/WARN] [mixin/]: Reference map 'controlling.refmap.json' for controlling.mixins.json could not be read. If this is a development environment you can ignore this message
[318月2026 15:31:44.345] [main/WARN] [mixin/]: Reference map 'controlling.refmap.json' for controlling.neoforge.mixins.json could not be read. If this is a development environment you can ignore this message
[318月2026 15:31:44.345] [main/WARN] [mixin/]: Reference map 'xaeroworldmap.refmap.json' for xaeroworldmap.mixins.json could not be read. If this is a development environment you can ignore this message
[318月2026 15:31:44.345] [main/WARN] [mixin/]: Reference map 'enhancedvisuals.mixin.refmap.json' for enhancedvisuals.mixins.json could not be read. If this is a development environment you can ignore this message
[318月2026 15:31:44.346] [main/WARN] [mixin/]: Reference map 'citadel.refmap.json' for citadel.mixins.json could not be read. If this is a development environment you can ignore this message
[318月2026 15:31:44.347] [main/WARN] [mixin/]: Reference map 'bookshelf.refmap.json' for bookshelf.mixins.json could not be read. If this is a development environment you can ignore this message
[318月2026 15:31:44.347] [main/WARN] [mixin/]: Reference map 'biomespy.refmap.json' for biomespy.mixins.json could not be read. If this is a development environment you can ignore this message
[318月2026 15:31:44.349] [main/WARN] [mixin/]: Reference map 'simulated.refmap.json' for simulated.mixins.json could not be read. If this is a development environment you can ignore this message
[318月2026 15:31:44.352] [main/WARN] [mixin/]: Reference map 'carryon.refmap.json' for carryon.mixins.json could not be read. If this is a development environment you can ignore this message
[318月2026 15:31:44.353] [main/WARN] [mixin/]: Reference map 'better_climbing.refmap.json' for better_climbing.xplat_mixins.json could not be read. If this is a development environment you can ignore this message
[318月2026 15:31:44.356] [main/WARN] [mixin/]: Reference map 'create_connected.refmap.json' for create_connected.mixins.json could not be read. If this is a development environment you can ignore this message
[318月2026 15:31:44.359] [main/WARN] [mixin/]: Reference map 'paxi.refmap.json' for paxi.mixins.json could not be read. If this is a development environment you can ignore this message
[318月2026 15:31:44.359] [main/WARN] [mixin/]: Reference map 'paxi.refmap.json' for paxi_neoforge.mixins.json could not be read. If this is a development environment you can ignore this message
[318月2026 15:31:44.359] [main/WARN] [mixin/]: Reference map 'ambientsounds.mixins.refmap.json' for ambientsounds.mixins.json could not be read. If this is a development environment you can ignore this message
[318月2026 15:31:44.360] [main/WARN] [mixin/]: Reference map 'valhelsia_structures.refmap.json' for valhelsia_structures.mixins.json could not be read. If this is a development environment you can ignore this message
[318月2026 15:31:44.364] [main/WARN] [mixin/]: Reference map 'lionfishapi.refmap.json' for lionfishapi.mixins.json could not be read. If this is a development environment you can ignore this message
[318月2026 15:31:44.364] [main/WARN] [mixin/]: Reference map 'leaky.refmap.json' for leaky.mixins.json could not be read. If this is a development environment you can ignore this message
[318月2026 15:31:44.365] [main/WARN] [mixin/]: Reference map 'touhou_little_maid.refmap.json' for touhou_little_maid.mixins.json could not be read. If this is a development environment you can ignore this message
[318月2026 15:31:44.366] [main/WARN] [mixin/]: Reference map 'maidsoulkitchen.refmap.json' for maidsoulkitchen.mixins.json could not be read. If this is a development environment you can ignore this message
[318月2026 15:31:44.370] [main/WARN] [mixin/]: Reference map 'maidsoulkitchen.refmap.json' for maidsoulkitchen-compat.mixins.json could not be read. If this is a development environment you can ignore this message
[318月2026 15:31:44.371] [main/WARN] [mixin/]: Reference map 'cataclysm.refmap.json' for cataclysm.mixins.json could not be read. If this is a development environment you can ignore this message
[318月2026 15:31:44.371] [main/WARN] [mixin/]: Reference map 'patchouli.refmap.json' for patchouli_xplat.mixins.json could not be read. If this is a development environment you can ignore this message
[318月2026 15:31:44.372] [main/WARN] [mixin/]: Reference map 'pasterdream.refmap.json' for pasterdream.mixins.json could not be read. If this is a development environment you can ignore this message
[318月2026 15:31:44.372] [main/WARN] [mixin/]: Reference map 'croptopia.refmap.json' for croptopia.mixins.json could not be read. If this is a development environment you can ignore this message
[318月2026 15:31:44.373] [main/WARN] [mixin/]: Reference map 'simplebedrockmodel.refmap.json' for simplebedrockmodel.mixins.json could not be read. If this is a development environment you can ignore this message
[318月2026 15:31:44.373] [main/WARN] [mixin/]: Reference map 'creeperfireworks.refmap.json' for creeperfireworks.mixins.json could not be read. If this is a development environment you can ignore this message
[318月2026 15:31:44.377] [main/WARN] [mixin/]: Reference map 'refurbished_furniture.refmap.json' for refurbished_furniture.common.mixins.json could not be read. If this is a development environment you can ignore this message
[318月2026 15:31:44.377] [main/WARN] [mixin/]: Reference map 'crawlondemand.refmap.json' for crawlondemand.mixins.json could not be read. If this is a development environment you can ignore this message
[318月2026 15:31:44.377] [main/WARN] [mixin/]: Reference map 'crawlondemand.refmap.json' for crawlondemand.neoforge.mixins.json could not be read. If this is a development environment you can ignore this message
[318月2026 15:31:44.379] [main/WARN] [mixin/]: Reference map 'collectorsalbum.refmap.json' for collectorsalbum.mixins.json could not be read. If this is a development environment you can ignore this message
[318月2026 15:31:44.380] [main/WARN] [mixin/]: Reference map 'net_music_list.refmap.json' for net_music_list.mixins.json could not be read. If this is a development environment you can ignore this message
[318月2026 15:31:44.383] [main/WARN] [mixin/]: Reference map 'xaerolib.refmap.json' for xaerolib.mixins.json could not be read. If this is a development environment you can ignore this message
[318月2026 15:31:44.384] [main/WARN] [mixin/]: Reference map 'tacz.refmap.json' for tacz.mixins.json could not be read. If this is a development environment you can ignore this message
[318月2026 15:31:44.384] [main/WARN] [mixin/]: Reference map 'tacz.refmap.json' for tacz.compat.acceleratedrendering.mixins.json could not be read. If this is a development environment you can ignore this message
[318月2026 15:31:44.385] [main/WARN] [mixin/]: Reference map 'waystones.refmap.json' for waystones.mixins.json could not be read. If this is a development environment you can ignore this message
[318月2026 15:31:44.385] [main/WARN] [mixin/]: Reference map 'clumps.refmap.json' for clumps.mixins.json could not be read. If this is a development environment you can ignore this message
[318月2026 15:31:44.387] [main/WARN] [mixin/]: Reference map 'blueprint.refmap.json' for blueprint.mixins.json could not be read. If this is a development environment you can ignore this message
[318月2026 15:31:44.387] [main/WARN] [mixin/]: Reference map 'upgrade_aquatic.refmap.json' for upgrade_aquatic.mixins.json could not be read. If this is a development environment you can ignore this message
[318月2026 15:31:44.387] [main/WARN] [mixin/]: Reference map 'neapolitan.refmap.json' for neapolitan.mixins.json could not be read. If this is a development environment you can ignore this message
[318月2026 15:31:44.389] [main/WARN] [mixin/]: Reference map 'ixeris.mixins.refmap.json' for ixeris.mixins.json could not be read. If this is a development environment you can ignore this message
[318月2026 15:31:44.390] [main/WARN] [mixin/]: Reference map 'travelerstitles.refmap.json' for travelerstitles.mixins.json could not be read. If this is a development environment you can ignore this message
[318月2026 15:31:44.391] [main/INFO] [ReTerraForged/]: Enabling Terrablender compat
[318月2026 15:31:44.392] [main/INFO] [ReTerraForged/]: Enabling Biolith preview compat
[318月2026 15:31:44.393] [main/WARN] [mixin/]: Reference map 'enchdesc.refmap.json' for enchdesc.mixins.json could not be read. If this is a development environment you can ignore this message
[318月2026 15:31:44.394] [main/WARN] [mixin/]: Reference map 'configuration.refmap.json' for configuration.mixins.json could not be read. If this is a development environment you can ignore this message
[318月2026 15:31:44.395] [main/WARN] [mixin/]: Reference map 'retraining.refmap.json' for retraining.mixins.json could not be read. If this is a development environment you can ignore this message
[318月2026 15:31:44.395] [main/WARN] [mixin/]: Reference map 'creativecore.mixins.refmap.json' for creativecore.mixins.json could not be read. If this is a development environment you can ignore this message
[318月2026 15:31:44.395] [main/WARN] [mixin/]: Reference map 'creativecore.mixins.refmap.json' for creativecore.forge.mixins.json could not be read. If this is a development environment you can ignore this message
[318月2026 15:31:44.413] [main/WARN] [mixin/]: Reference map 'quark.mixins.refmap.json' for quark.mixins.json could not be read. If this is a development environment you can ignore this message
[318月2026 15:31:44.414] [main/WARN] [mixin/]: Reference map 'createradar.refmap.json' for create_radar.mixins.json could not be read. If this is a development environment you can ignore this message
[318月2026 15:31:44.419] [main/WARN] [mixin/]: Reference map 'eclipticseasons_multimodpatch.refmap.json' for eclipticseasons_multimodpatch.mixins.json could not be read. If this is a development environment you can ignore this message
[318月2026 15:31:44.440] [main/WARN] [mixin/]: Reference map '${refmap_target}refmap.json' for ferritecore.predicates.mixin.json could not be read. If this is a development environment you can ignore this message
[318月2026 15:31:44.441] [main/WARN] [mixin/]: Reference map '${refmap_target}refmap.json' for ferritecore.fastmap.mixin.json could not be read. If this is a development environment you can ignore this message
[318月2026 15:31:44.442] [main/WARN] [mixin/]: Reference map '${refmap_target}refmap.json' for ferritecore.mrl.mixin.json could not be read. If this is a development environment you can ignore this message
[318月2026 15:31:44.443] [main/WARN] [mixin/]: Reference map '${refmap_target}refmap.json' for ferritecore.dedupmultipart.mixin.json could not be read. If this is a development environment you can ignore this message
[318月2026 15:31:44.443] [main/WARN] [mixin/]: Reference map '${refmap_target}refmap.json' for ferritecore.blockstatecache.mixin.json could not be read. If this is a development environment you can ignore this message
[318月2026 15:31:44.444] [main/WARN] [mixin/]: Reference map '${refmap_target}refmap.json' for ferritecore.dedupbakedquad.mixin.json could not be read. If this is a development environment you can ignore this message
[318月2026 15:31:44.445] [main/WARN] [mixin/]: Reference map '${refmap_target}refmap.json' for ferritecore.threaddetec.mixin.json could not be read. If this is a development environment you can ignore this message
[318月2026 15:31:44.445] [main/WARN] [mixin/]: Reference map '${refmap_target}refmap.json' for ferritecore.modelsides.mixin.json could not be read. If this is a development environment you can ignore this message
[318月2026 15:31:44.446] [main/WARN] [mixin/]: Reference map '${refmap_target}refmap.json' for ferritecore.datacomponents.mixin.json could not be read. If this is a development environment you can ignore this message
[318月2026 15:31:44.446] [main/WARN] [mixin/]: Reference map '${refmap_target}refmap.json' for ferritecore.accessors.mixin.json could not be read. If this is a development environment you can ignore this message
[318月2026 15:31:44.453] [main/WARN] [mixin/]: Reference map 'ponder.refmap.json' for ponder-common.mixins.json could not be read. If this is a development environment you can ignore this message
[318月2026 15:31:44.455] [main/WARN] [mixin/]: Reference map 'dndecor.refmap.json' for dndecor.mixins.json could not be read. If this is a development environment you can ignore this message
[318月2026 15:31:44.457] [main/WARN] [mixin/]: Reference map 'create_compact_transmission.refmap.json' for create_compact_transmission.mixins.json could not be read. If this is a development environment you can ignore this message
[318月2026 15:31:44.463] [main/INFO] [dev.ryanhcode.sable.mixin.AbstractSableMixinPlugin/]: Using Sodium renderer mixins
[318月2026 15:31:44.464] [main/INFO] [dev.ryanhcode.sable.mixin.AbstractSableMixinPlugin/]: Using Sodium renderer mixins
[318月2026 15:31:44.469] [main/WARN] [mixin/]: Reference map 'jade_vs.refmap.json' for jade_vs.mixins.json could not be read. If this is a development environment you can ignore this message
[318月2026 15:31:44.472] [main/WARN] [mixin/]: Reference map 'createpropulsion.refmap.json' for createpropulsion.mixins.json could not be read. If this is a development environment you can ignore this message
[318月2026 15:31:44.481] [main/INFO] [STDOUT/]: [sh.rsap.aeronauticscompat.mixin.AeronauticsCompatMixinPlugin:onLoad:66]: [AeronauticsCompat] Mod detection: sable=true etched=false waterframes=false citadel=true thick_air=false bnb=true simulated=true pneumaticcraft=false cobblemon=false storagedrawers=true chameleon=true camera=false
[318月2026 15:31:44.487] [main/WARN] [mixin/]: Reference map 'kaleidoscope_cookery.refmap.json' for kaleidoscope_cookery.mixins.json could not be read. If this is a development environment you can ignore this message
[318月2026 15:31:44.488] [main/WARN] [mixin/]: Reference map 'kaleidoscope_contraption.refmap.json' for kaleidoscope_contraption_tavern.mixins.json could not be read. If this is a development environment you can ignore this message
[318月2026 15:31:44.489] [main/WARN] [mixin/]: Reference map 'kaleidoscope_contraption.refmap.json' for kaleidoscope_contraption_cookery.mixins.json could not be read. If this is a development environment you can ignore this message
[318月2026 15:31:44.490] [main/WARN] [mixin/]: Reference map 'tlm_shogi.refmap.json' for tlm_shogi.mixins.json could not be read. If this is a development environment you can ignore this message
[318月2026 15:31:44.508] [main/WARN] [mixin/]: Reference map 'EpheroLib-refmap.json' for epherolib.mixins.json could not be read. If this is a development environment you can ignore this message
[318月2026 15:31:44.509] [main/WARN] [mixin/]: Reference map 'quark.mixins.refmap.json' for quark_integrations.mixins.json could not be read. If this is a development environment you can ignore this message
[318月2026 15:31:44.605] [main/WARN] [mixin/]: Error loading class: xaero/common/patreon/Patreon (java.lang.ClassNotFoundException: xaero.common.patreon.Patreon)
[318月2026 15:31:44.606] [main/WARN] [mixin/]: @Mixin target xaero.common.patreon.Patreon was not found smsn.mixins.json:xaero.minimap.PatreonMixin from mod smsn
[318月2026 15:31:44.607] [main/WARN] [mixin/]: Error loading class: xaero/map/patreon/Patreon (java.lang.ClassNotFoundException: xaero.map.patreon.Patreon)
[318月2026 15:31:44.607] [main/WARN] [mixin/]: @Mixin target xaero.map.patreon.Patreon was not found smsn.mixins.json:xaero.world_map.PatreonMixin from mod smsn
[318月2026 15:31:44.652] [main/INFO] [The Impossible Library/]: [Multiversion Transformer (Forge)]: <The Impossible Library Core>: Requested transformation of net/minecraft/client/gui/Gui
[318月2026 15:31:44.653] [main/INFO] [The Impossible Library/]: Editing class node for net/minecraft/client/gui/Gui
[318月2026 15:31:44.653] [main/INFO] [The Impossible Library/]: Building RENDER_DEBUG_INFO invoker for gui with ordinal 3
[318月2026 15:31:44.885] [main/INFO] [KryptonFNP MixinBootstrap/]: Mixin one.pkg.kfnp.mixin.network.experimental.RconClientMixin disabled
[318月2026 15:31:44.886] [main/INFO] [KryptonFNP MixinBootstrap/]: Mixin one.pkg.kfnp.mixin.network.microopt.ServerEntityMixin enabled
[318月2026 15:31:44.886] [main/INFO] [KryptonFNP MixinBootstrap/]: Mixin one.pkg.kfnp.mixin.network.microopt.Utf8StringMixin enabled
[318月2026 15:31:44.886] [main/INFO] [KryptonFNP MixinBootstrap/]: Mixin one.pkg.kfnp.mixin.network.microopt.VarIntMixin enabled
[318月2026 15:31:44.886] [main/INFO] [KryptonFNP MixinBootstrap/]: Mixin one.pkg.kfnp.mixin.network.microopt.VarLongMixin enabled
[318月2026 15:31:44.886] [main/INFO] [KryptonFNP MixinBootstrap/]: Mixin one.pkg.kfnp.mixin.network.pipeline.LegacyQueryHandlerMixin enabled
[318月2026 15:31:44.886] [main/INFO] [KryptonFNP MixinBootstrap/]: Mixin one.pkg.kfnp.mixin.network.pipeline.Varint21FrameDecoderMixin enabled
[318月2026 15:31:44.886] [main/INFO] [KryptonFNP MixinBootstrap/]: Mixin one.pkg.kfnp.mixin.network.pipeline.compression.ConnectionMixin enabled
[318月2026 15:31:44.886] [main/INFO] [KryptonFNP MixinBootstrap/]: Mixin one.pkg.kfnp.mixin.network.pipeline.encryption.ConnectionMixin enabled
[318月2026 15:31:44.886] [main/INFO] [KryptonFNP MixinBootstrap/]: Mixin one.pkg.kfnp.mixin.network.pipeline.encryption.ServerLoginPacketListenerImplMixin enabled
[318月2026 15:31:44.887] [main/INFO] [KryptonFNP MixinBootstrap/]: Mixin one.pkg.kfnp.mixin.network.pipeline.prepender.ConnectionMixin enabled
[318月2026 15:31:44.887] [main/INFO] [KryptonFNP MixinBootstrap/]: Mixin one.pkg.kfnp.mixin.network.thread.ServerLoginPacketListenerImplMixin enabled
[318月2026 15:31:44.888] [main/INFO] [KryptonFNP MixinBootstrap/]: Mixin one.pkg.kfnp.mixin.network.pipeline.encryption.ClientLoginMixin enabled
[318月2026 15:31:44.958] [main/WARN] [mixin/]: Error loading class: com/portingdeadmods/cable_facades/events/GameClientEvents$2 (java.lang.ClassNotFoundException: com.portingdeadmods.cable_facades.events.GameClientEvents$2)
[318月2026 15:31:44.959] [main/WARN] [mixin/]: Error loading class: com/direwolf20/justdirethings/client/renderers/OurRenderTypes (java.lang.ClassNotFoundException: com.direwolf20.justdirethings.client.renderers.OurRenderTypes)
[318月2026 15:31:44.959] [main/WARN] [mixin/]: Error loading class: mekanism/client/render/entity/RenderFlame (java.lang.ClassNotFoundException: mekanism.client.render.entity.RenderFlame)
[318月2026 15:31:44.960] [main/WARN] [mixin/]: Error loading class: mekanism/client/render/armor/MekaSuitArmor (java.lang.ClassNotFoundException: mekanism.client.render.armor.MekaSuitArmor)
[318月2026 15:31:44.961] [main/WARN] [mixin/]: Error loading class: mekanism/client/render/lib/effect/BillboardingEffectRenderer (java.lang.ClassNotFoundException: mekanism.client.render.lib.effect.BillboardingEffectRenderer)
[318月2026 15:31:44.963] [main/WARN] [mixin/]: Error loading class: blusunrize/immersiveengineering/client/utils/IEGLShaders (java.lang.ClassNotFoundException: blusunrize.immersiveengineering.client.utils.IEGLShaders)
[318月2026 15:31:45.084] [main/WARN] [mixin/]: Error loading class: fuzs/easyanvils/world/inventory/ModAnvilMenu (java.lang.ClassNotFoundException: fuzs.easyanvils.world.inventory.ModAnvilMenu)
[318月2026 15:31:45.084] [main/WARN] [mixin/]: @Mixin target fuzs.easyanvils.world.inventory.ModAnvilMenu was not found exposure-common.mixins.json:compat.easy_anvils.ModAnvilMenuMixin from mod exposure
[318月2026 15:31:45.092] [main/WARN] [mixin/]: Error loading class: fuzs/easyanvils/client/gui/screens/inventory/ModAnvilScreen (java.lang.ClassNotFoundException: fuzs.easyanvils.client.gui.screens.inventory.ModAnvilScreen)
[318月2026 15:31:45.092] [main/WARN] [mixin/]: @Mixin target fuzs.easyanvils.client.gui.screens.inventory.ModAnvilScreen was not found exposure-common.mixins.json:compat.easy_anvils.ModAnvilScreenMixin from mod exposure
[318月2026 15:31:45.095] [main/WARN] [mixin/]: Error loading class: dev/latvian/mods/kubejs/client/KubeJSGameClientEventHandler (java.lang.ClassNotFoundException: dev.latvian.mods.kubejs.client.KubeJSGameClientEventHandler)
[318月2026 15:31:45.095] [main/WARN] [mixin/]: @Mixin target dev.latvian.mods.kubejs.client.KubeJSGameClientEventHandler was not found exposure-neoforge.mixins.json:KubeJSGameClientEventHandlerMixin from mod exposure
[318月2026 15:31:45.114] [main/WARN] [mixin/]: Error loading class: org/embeddedt/embeddium/impl/render/chunk/compile/pipeline/FluidRenderer (java.lang.ClassNotFoundException: org.embeddedt.embeddium.impl.render.chunk.compile.pipeline.FluidRenderer)
[318月2026 15:31:45.148] [main/WARN] [mixin/]: Error loading class: traben/entity_model_features/models/parts/EMFModelPartCustom (java.lang.ClassNotFoundException: traben.entity_model_features.models.parts.EMFModelPartCustom)
[318月2026 15:31:45.171] [main/INFO] [The Impossible Library/]: [Multiversion Transformer (Forge)]: <Music Triggers Core>: Requested transformation of net/minecraft/client/sounds/MusicManager
[318月2026 15:31:45.181] [main/INFO] [The Impossible Library/]: Injected music ticker override to tick
[318月2026 15:31:45.184] [main/WARN] [mixin/]: Error loading class: org/embeddedt/embeddium/impl/render/EmbeddiumWorldRenderer (java.lang.ClassNotFoundException: org.embeddedt.embeddium.impl.render.EmbeddiumWorldRenderer)
[318月2026 15:31:45.184] [main/WARN] [mixin/]: @Mixin target org.embeddedt.embeddium.impl.render.EmbeddiumWorldRenderer was not found yuushya_modelling.mixins.json:compat.EmbeddiumWorldRenderMixin from mod yuushya_modelling
[318月2026 15:31:45.234] [main/INFO] [fastrecipesearch/]: ingredient_sync is false, disabling sync mixin
[318月2026 15:31:45.245] [main/WARN] [mixin/]: Error loading class: xfacthd/framedblocks/common/blockentity/doubled/slab/FramedAdjustableDoubleBlockEntity (java.lang.ClassNotFoundException: xfacthd.framedblocks.common.blockentity.doubled.slab.FramedAdjustableDoubleBlockEntity)
[318月2026 15:31:45.245] [main/WARN] [mixin/]: @Mixin target xfacthd.framedblocks.common.blockentity.doubled.slab.FramedAdjustableDoubleBlockEntity was not found createbigcannons.mixins.json:compat.framedblocks.FramedAdjustableDoubleBlockEntityAccessor from mod createbigcannons
[318月2026 15:31:45.259] [main/INFO] [Lithium/]: Force-disabling mixin 'alloc.nbt.CompoundTagMixin' as rule 'mixin.alloc.nbt' (added by mods [byepregen]) disables it and children
[318月2026 15:31:45.259] [main/INFO] [Lithium/]: Force-disabling mixin 'alloc.nbt.CompoundTagMixin$Type' as rule 'mixin.alloc.nbt' (added by mods [byepregen]) disables it and children
[318月2026 15:31:45.262] [main/INFO] [Lithium/]: Force-disabling mixin 'entity.collisions.unpushable_cramming.EntityMixin' as rule 'mixin.entity.collisions.unpushable_cramming' (added by mods [sable]) disables it and children
[318月2026 15:31:45.262] [main/INFO] [Lithium/]: Force-disabling mixin 'entity.collisions.unpushable_cramming.EntitySectionMixin' as rule 'mixin.entity.collisions.unpushable_cramming' (added by mods [sable]) disables it and children
[318月2026 15:31:45.262] [main/INFO] [Lithium/]: Force-disabling mixin 'entity.collisions.unpushable_cramming.EntitySelectorMixin' as rule 'mixin.entity.collisions.unpushable_cramming' (added by mods [sable]) disables it and children
[318月2026 15:31:45.263] [main/INFO] [Lithium/]: Force-disabling mixin 'entity.collisions.unpushable_cramming.LivingEntityMixin' as rule 'mixin.entity.collisions.unpushable_cramming' (added by mods [sable]) disables it and children
[318月2026 15:31:45.268] [main/INFO] [Lithium/]: Force-disabling mixin 'world.chunk_access.ChunkHolderMixin' as rule 'mixin.world.chunk_access' (added by mods [byepregen, sable]) disables it and children
[318月2026 15:31:45.268] [main/INFO] [Lithium/]: Force-disabling mixin 'world.chunk_access.GenerationChunkHolderAccessor' as rule 'mixin.world.chunk_access' (added by mods [byepregen, sable]) disables it and children
[318月2026 15:31:45.268] [main/INFO] [Lithium/]: Force-disabling mixin 'world.chunk_access.LevelMixin' as rule 'mixin.world.chunk_access' (added by mods [byepregen, sable]) disables it and children
[318月2026 15:31:45.268] [main/INFO] [Lithium/]: Force-disabling mixin 'world.chunk_access.ServerChunkCacheMixin' as rule 'mixin.world.chunk_access' (added by mods [byepregen, sable]) disables it and children
[318月2026 15:31:45.268] [main/INFO] [Lithium/]: Force-disabling mixin 'world.chunk_ticking.spread_ice.BiomeMixin' as rule 'mixin.world.chunk_ticking' (added by mods [sable]) disables it and children
[318月2026 15:31:45.269] [main/INFO] [Lithium/]: Force-disabling mixin 'world.tick_scheduler.LevelChunkTicksMixin' as rule 'mixin.world.tick_scheduler' (added by mods [sable]) disables it and children
[318月2026 15:31:45.313] [main/WARN] [Sodium/]: Force-disabling mixin 'features.render.world.sky.ClientLevelMixin' as rule 'mixin.features.render.world.sky' (added by mods [iris]) disables it and children
[318月2026 15:31:45.313] [main/WARN] [Sodium/]: Force-disabling mixin 'features.render.world.sky.FogRendererMixin' as rule 'mixin.features.render.world.sky' (added by mods [iris]) disables it and children
[318月2026 15:31:45.313] [main/WARN] [Sodium/]: Force-disabling mixin 'features.render.world.sky.LevelRendererMixin' as rule 'mixin.features.render.world.sky' (added by mods [iris]) disables it and children
[318月2026 15:31:45.329] [main/WARN] [mixin/]: Error loading class: org/embeddedt/embeddium/impl/render/chunk/compile/pipeline/BlockRenderer (java.lang.ClassNotFoundException: org.embeddedt.embeddium.impl.render.chunk.compile.pipeline.BlockRenderer)
[318月2026 15:31:45.347] [main/INFO] [AllTheLeaks/]: Class dev.uncandango.alltheleaks.leaks.common.mods.supplementaries.UntrackedIssue002 will be loaded as it matches versions: 1.21.1-3.9.6 in [1.21-3.5.0,)
[318月2026 15:31:45.347] [main/INFO] [AllTheLeaks/]: Class dev.uncandango.alltheleaks.leaks.common.mods.neoforge.Issue1486 will be loaded as it matches versions: 21.1.248 in [21.,)
[318月2026 15:31:45.347] [main/INFO] [AllTheLeaks/]: Class dev.uncandango.alltheleaks.leaks.common.mods.minecraft.UntrackedIssue003 will be loaded as it matches versions: 1.21.1 in [1.21.1,1.21.1]
[318月2026 15:31:45.347] [main/INFO] [AllTheLeaks/]: Mixins added to allowed list: [main.DebugSampleSubscriptionTrackerMixin]
[318月2026 15:31:45.347] [main/INFO] [AllTheLeaks/]: Class dev.uncandango.alltheleaks.leaks.common.mods.minecraft.UntrackedIssue002 will be loaded as it matches versions: 1.21.1 in 1.21.1
[318月2026 15:31:45.347] [main/INFO] [AllTheLeaks/]: Class dev.uncandango.alltheleaks.leaks.common.mods.minecraft.UntrackedIssue001 will be loaded as it matches versions: 1.21.1 in 1.21.1
[318月2026 15:31:45.347] [main/INFO] [AllTheLeaks/]: Mixins added to allowed list: [main.EntityTickListMixin]
[318月2026 15:31:45.347] [main/INFO] [AllTheLeaks/]: Class dev.uncandango.alltheleaks.leaks.common.mods.geckolib.UntrackedIssue001 will be loaded as it matches versions: 4.9.2 in *
[318月2026 15:31:45.347] [main/INFO] [AllTheLeaks/]: Mixins added to allowed list: [main.SingletonGeoAnimatableMixin]
[318月2026 15:31:45.347] [main/INFO] [AllTheLeaks/]: Class dev.uncandango.alltheleaks.leaks.common.mods.curios.Issue22 will be loaded as it matches versions: 9.5.1+1.21.1 in [9.0.6,)
[318月2026 15:31:45.347] [main/INFO] [AllTheLeaks/]: Mixins added to allowed list: [main.CuriosEventHandlerMixin]
[318月2026 15:31:45.347] [main/INFO] [AllTheLeaks/]: Class dev.uncandango.alltheleaks.leaks.client.mods.mousetweaks.UntrackedIssue001 will be loaded as it matches versions: 2.26.1 in [2.26.1,)
[318月2026 15:31:45.347] [main/INFO] [AllTheLeaks/]: Class dev.uncandango.alltheleaks.leaks.client.mods.minecraft.UntrackedIssue001 will be loaded as it matches versions: 1.21.1 in 1.21.1
[318月2026 15:31:45.347] [main/INFO] [AllTheLeaks/]: Mixins added to allowed list: [main.MinecraftMixin]
[318月2026 15:31:45.347] [main/INFO] [AllTheLeaks/]: Class dev.uncandango.alltheleaks.leaks.client.mods.lionfishapi.UntrackedIssue001 will be loaded as it matches versions: 3.1 in [2.6,)
[318月2026 15:31:45.347] [main/INFO] [AllTheLeaks/]: Mixins added to allowed list: [main.ModelAnimatorMixin]
[318月2026 15:31:45.347] [main/INFO] [AllTheLeaks/]: Class dev.uncandango.alltheleaks.leaks.client.mods.justenoughprofessions.UntrackedIssue001 will be loaded as it matches versions: 4.0.5 in [4.0.3,)
[318月2026 15:31:45.347] [main/INFO] [AllTheLeaks/]: Class dev.uncandango.alltheleaks.leaks.client.mods.jei.UntrackedIssue006 will be loaded as it matches versions: 19.50.0.414 in [19.32.0.358,)
[318月2026 15:31:45.348] [main/INFO] [AllTheLeaks/]: Class dev.uncandango.alltheleaks.leaks.client.mods.jei.UntrackedIssue001 will be loaded as it matches versions: 19.50.0.414 in [19.19.5.232,)
[318月2026 15:31:45.348] [main/INFO] [AllTheLeaks/]: Mixins added to allowed list: [main.accessor.RecipeTransferManagerAccessor]
[318月2026 15:31:45.348] [main/INFO] [AllTheLeaks/]: Class dev.uncandango.alltheleaks.leaks.client.mods.jade.UntrackedIssue001 will be loaded as it matches versions: 15.10.6+neoforge in [15.1.8,)
[318月2026 15:31:45.348] [main/INFO] [AllTheLeaks/]: Class dev.uncandango.alltheleaks.leaks.client.mods.iceberg.UntrackedIssue001 will be loaded as it matches versions: 1.3.2 in [1.2.8,)
[318月2026 15:31:45.348] [main/INFO] [AllTheLeaks/]: Mixins added to allowed list: [main.accessor.CustomItemRendererAccessor]
[318月2026 15:31:45.348] [main/INFO] [AllTheLeaks/]: Class dev.uncandango.alltheleaks.leaks.client.mods.iceberg.Issue76 will be loaded as it matches versions: 1.3.2 in [1.2.8,)
[318月2026 15:31:45.348] [main/INFO] [AllTheLeaks/]: Class dev.uncandango.alltheleaks.leaks.client.mods.ftblibrary.UntrackedIssue001 will be loaded as it matches versions: 2101.1.35 in [2101.1.1,)
[318月2026 15:31:45.348] [main/INFO] [AllTheLeaks/]: Mixins added to allowed list: [main.accessor.BaseScreenAccessor]
[318月2026 15:31:45.348] [main/INFO] [AllTheLeaks/]: Class dev.uncandango.alltheleaks.leaks.client.mods.ftbchunks.UntrackedIssue001 will be loaded as it matches versions: 2101.1.21 in *
[318月2026 15:31:45.350] [main/INFO] [AllTheLeaks/]: Class dev.uncandango.alltheleaks.fix.client.mods.patchouli.FixModifyItemStack will be loaded as it matches versions: 1.21.1-93-NEOFORGE in *
[318月2026 15:31:45.350] [main/INFO] [AllTheLeaks/]: Mixins added to allowed list: [main.GuiBookEntryMixin]
[318月2026 15:31:45.350] [main/INFO] [AllTheLeaks/]: Class dev.uncandango.alltheleaks.fix.client.mods.jei.FixCopyItemStack will be loaded as it matches versions: 19.50.0.414 in [19.19.6.235,)
[318月2026 15:31:45.350] [main/INFO] [AllTheLeaks/]: Mixins added to allowed list: [main.SmithingCategoryExtensionMixin]
[318月2026 15:31:45.350] [main/INFO] [AllTheLeaks/]: Class dev.uncandango.alltheleaks.feature.common.mods.minecraft.SaveWithLoadedChunks will be loaded as it matches versions: 1.21.1 in 1.21.1
[318月2026 15:31:45.350] [main/INFO] [AllTheLeaks/]: Class dev.uncandango.alltheleaks.feature.common.mods.minecraft.MemoryMonitor will be loaded as it matches versions: 1.21.1 in 1.21.1
[318月2026 15:31:45.350] [main/INFO] [AllTheLeaks/]: Mixins added to allowed list: [main.PlayerMixin, main.ChunkAccessMixin, main.LevelMixin, main.MinecraftServerMixin]
[318月2026 15:31:45.350] [main/INFO] [AllTheLeaks/]: Class dev.uncandango.alltheleaks.diag.common.mods.minecraft.LogSavedData will be loaded as it matches versions: 21.1.248 in [21.1,)
[318月2026 15:31:45.350] [main/INFO] [AllTheLeaks/]: Mixins added to allowed list: [main.SavedDataMixin]
[318月2026 15:31:45.452] [main/INFO] [com.cupboard.Cupboard/]: Loaded config for: chunksending.json
[318月2026 15:31:45.489] [main/INFO] [The Impossible Library/]: [Multiversion Transformer (Forge)]: <Music Triggers Core>: Requested transformation of net/minecraft/client/sounds/SoundManager
[318月2026 15:31:45.489] [main/INFO] [The Impossible Library/]: Injected channel volume query to updateSourceVolume
[318月2026 15:31:45.590] [main/WARN] [mixin/]: Error loading class: net/minecraft/client/gui/screens/controls/KeyBindsList$KeyEntry (java.lang.ClassNotFoundException: net.minecraft.client.gui.screens.controls.KeyBindsList$KeyEntry)
[318月2026 15:31:45.590] [main/WARN] [mixin/]: @Mixin target net.minecraft.client.gui.screens.controls.KeyBindsList$KeyEntry was not found railways-common.mixins.json:client.MixinKeyBindsListKeyEntry from mod railways
[318月2026 15:31:45.619] [main/WARN] [mixin/]: Error loading class: me/jellysquid/mods/lithium/common/ai/pathing/PathNodeDefaults (java.lang.ClassNotFoundException: me.jellysquid.mods.lithium.common.ai.pathing.PathNodeDefaults)
[318月2026 15:31:45.634] [main/INFO] [Colorful Hearts/]: Applying mixin HUDOverlayHandlerAccessor as mod appleskin is present.
[318月2026 15:31:45.634] [main/INFO] [Colorful Hearts/]: Applying mixin HUDOverlaysMixin as mod farmersdelight is present.
[318月2026 15:31:45.674] [main/WARN] [mixin/]: Error loading class: me/jellysquid/mods/lithium/common/ai/pathing/PathNodeDefaults (java.lang.ClassNotFoundException: me.jellysquid.mods.lithium.common.ai.pathing.PathNodeDefaults)
[318月2026 15:31:45.683] [main/WARN] [mixin/]: Error loading class: com/mrcrayfish/controllable/client/binding/context/BindingContext (java.lang.ClassNotFoundException: com.mrcrayfish.controllable.client.binding.context.BindingContext)
[318月2026 15:31:45.704] [main/WARN] [mixin/]: Error loading class: com/ishland/c2me/opts/dfc/common/ast/McToAst (java.lang.ClassNotFoundException: com.ishland.c2me.opts.dfc.common.ast.McToAst)
[318月2026 15:31:45.769] [main/WARN] [mixin/]: Error loading class: com/drmangotea/tfmg/content/engines/base/AbstractEngineBlockEntity (java.lang.ClassNotFoundException: com.drmangotea.tfmg.content.engines.base.AbstractEngineBlockEntity)
[318月2026 15:31:45.771] [main/WARN] [mixin/]: Error loading class: com/drmangotea/tfmg/content/engines/types/AbstractSmallEngineBlockEntity (java.lang.ClassNotFoundException: com.drmangotea.tfmg.content.engines.types.AbstractSmallEngineBlockEntity)
[318月2026 15:31:45.772] [main/WARN] [mixin/]: Error loading class: com/drmangotea/tfmg/content/engines/types/regular_engine/RegularEngineBlockEntity (java.lang.ClassNotFoundException: com.drmangotea.tfmg.content.engines.types.regular_engine.RegularEngineBlockEntity)
[318月2026 15:31:45.855] [main/WARN] [mixin/]: Error loading class: net/satisfy/farm_and_charm/core/compat/jei/category/CookingPotCategory (java.lang.ClassNotFoundException: net.satisfy.farm_and_charm.core.compat.jei.category.CookingPotCategory)
[318月2026 15:31:45.855] [main/WARN] [mixin/]: @Mixin target net.satisfy.farm_and_charm.core.compat.jei.category.CookingPotCategory was not found kaleidoscope_compat.mixins.json:farm_and_charm.CookingPotCategoryMixin from mod kaleidoscope_compat
[318月2026 15:31:45.856] [main/WARN] [mixin/]: Error loading class: net/satisfy/farm_and_charm/core/recipe/CookingPotRecipe (java.lang.ClassNotFoundException: net.satisfy.farm_and_charm.core.recipe.CookingPotRecipe)
[318月2026 15:31:45.856] [main/WARN] [mixin/]: @Mixin target net.satisfy.farm_and_charm.core.recipe.CookingPotRecipe was not found kaleidoscope_compat.mixins.json:farm_and_charm.CookingPotRecipeMixin from mod kaleidoscope_compat
[318月2026 15:31:45.861] [main/WARN] [mixin/]: Error loading class: com/cazsius/solcarrot/tracking/FoodList (java.lang.ClassNotFoundException: com.cazsius.solcarrot.tracking.FoodList)
[318月2026 15:31:45.861] [main/WARN] [mixin/]: @Mixin target com.cazsius.solcarrot.tracking.FoodList was not found kaleidoscope_compat.mixins.json:solcarrot.FoodListMixin from mod kaleidoscope_compat
[318月2026 15:31:45.861] [main/WARN] [mixin/]: Error loading class: de/dafuqs/spectrum/blocks/pastel_network/nodes/PastelNodeBlockEntity (java.lang.ClassNotFoundException: de.dafuqs.spectrum.blocks.pastel_network.nodes.PastelNodeBlockEntity)
[318月2026 15:31:45.861] [main/WARN] [mixin/]: @Mixin target de.dafuqs.spectrum.blocks.pastel_network.nodes.PastelNodeBlockEntity was not found kaleidoscope_compat.mixins.json:spectrum.PastelNodeBlockEntityMixin from mod kaleidoscope_compat
[318月2026 15:31:45.862] [main/WARN] [mixin/]: Error loading class: de/dafuqs/spectrum/blocks/pastel_network/nodes/PastelNodeBlock (java.lang.ClassNotFoundException: de.dafuqs.spectrum.blocks.pastel_network.nodes.PastelNodeBlock)
[318月2026 15:31:45.862] [main/WARN] [mixin/]: @Mixin target de.dafuqs.spectrum.blocks.pastel_network.nodes.PastelNodeBlock was not found kaleidoscope_compat.mixins.json:spectrum.PastelNodeBlockMixin from mod kaleidoscope_compat
[318月2026 15:31:45.862] [main/WARN] [mixin/]: Error loading class: net/satisfy/vinery/core/recipe/FermentationBarrelRecipe (java.lang.ClassNotFoundException: net.satisfy.vinery.core.recipe.FermentationBarrelRecipe)
[318月2026 15:31:45.862] [main/WARN] [mixin/]: @Mixin target net.satisfy.vinery.core.recipe.FermentationBarrelRecipe was not found kaleidoscope_compat.mixins.json:vinery.FermentationBarrelRecipeMixin from mod kaleidoscope_compat
[318月2026 15:31:45.863] [main/WARN] [mixin/]: Error loading class: dev/xkmc/youkaishomecoming/content/pot/steamer/RackItemData (java.lang.ClassNotFoundException: dev.xkmc.youkaishomecoming.content.pot.steamer.RackItemData)
[318月2026 15:31:45.863] [main/WARN] [mixin/]: @Mixin target dev.xkmc.youkaishomecoming.content.pot.steamer.RackItemData was not found kaleidoscope_compat.mixins.json:youkaisfeasts.RackItemDataMixin from mod kaleidoscope_compat
[318月2026 15:31:45.863] [main/WARN] [mixin/]: Error loading class: dev/xkmc/youkaishomecoming/content/pot/storage/bottle/SauceRackBlockEntity (java.lang.ClassNotFoundException: dev.xkmc.youkaishomecoming.content.pot.storage.bottle.SauceRackBlockEntity)
[318月2026 15:31:45.863] [main/WARN] [mixin/]: @Mixin target dev.xkmc.youkaishomecoming.content.pot.storage.bottle.SauceRackBlockEntity was not found kaleidoscope_compat.mixins.json:youkaisfeasts.SauceRackBlockEntityMixin from mod kaleidoscope_compat
[318月2026 15:31:45.864] [main/WARN] [mixin/]: Error loading class: dev/xkmc/youkaishomecoming/content/pot/storage/shelf/WineShelfBlockEntity (java.lang.ClassNotFoundException: dev.xkmc.youkaishomecoming.content.pot.storage.shelf.WineShelfBlockEntity)
[318月2026 15:31:45.864] [main/WARN] [mixin/]: @Mixin target dev.xkmc.youkaishomecoming.content.pot.storage.shelf.WineShelfBlockEntity was not found kaleidoscope_compat.mixins.json:youkaisfeasts.WineShelfBlockEntityMixin from mod kaleidoscope_compat
[318月2026 15:31:45.865] [main/WARN] [mixin/]: Error loading class: com/cazsius/solcarrot/client/FoodItems (java.lang.ClassNotFoundException: com.cazsius.solcarrot.client.FoodItems)
[318月2026 15:31:45.865] [main/WARN] [mixin/]: @Mixin target com.cazsius.solcarrot.client.FoodItems was not found kaleidoscope_compat.mixins.json:solcarrot.FoodItemsMixin from mod kaleidoscope_compat
[318月2026 15:31:46.146] [main/WARN] [mixin/]: Error loading class: com/kipti/bnb/content/kinetics/chain_pulley/ChainPulleyVisual (java.lang.ClassNotFoundException: com.kipti.bnb.content.kinetics.chain_pulley.ChainPulleyVisual)
[318月2026 15:31:46.147] [main/WARN] [mixin/]: Error loading class: com/cake/azimuth/behaviour/extensions/RenderedBehaviourExtension$BehaviourVisual (java.lang.ClassNotFoundException: com.cake.azimuth.behaviour.extensions.RenderedBehaviourExtension$BehaviourVisual)
[318月2026 15:31:46.220] [main/WARN] [mixin/]: Error loading class: org/jetbrains/annotations/ApiStatus$ScheduledForRemoval (java.lang.ClassNotFoundException: org.jetbrains.annotations.ApiStatus$ScheduledForRemoval)
[318月2026 15:31:46.256] [main/WARN] [mixin/]: Error loading class: net/minecraft/client/gui/components/AbstractScrollArea (java.lang.ClassNotFoundException: net.minecraft.client.gui.components.AbstractScrollArea)
[318月2026 15:31:46.256] [main/WARN] [mixin/]: @Mixin target net.minecraft.client.gui.components.AbstractScrollArea was not found imblocker-neoforge.mixins.json:AbstractScrollWidgetMixin from mod imblocker
[318月2026 15:31:46.265] [main/WARN] [mixin/]: Error loading class: net/minecraft/client/gui/components/AbstractScrollArea (java.lang.ClassNotFoundException: net.minecraft.client.gui.components.AbstractScrollArea)
[318月2026 15:31:46.265] [main/WARN] [mixin/]: Error loading class: net/minecraft/client/gui/components/AbstractScrollArea (java.lang.ClassNotFoundException: net.minecraft.client.gui.components.AbstractScrollArea)
[318月2026 15:31:46.281] [main/INFO] [MixinExtras|Service/]: Initializing MixinExtras via com.llamalad7.mixinextras.service.MixinExtrasServiceImpl(version=0.5.3).
[318月2026 15:31:46.906] [main/WARN] [mixin/]: Static binding violation: PRIVATE @Overwrite method decoratedId in modernfix-modernfix.mixins.json:perf.tag_id_caching.TagOrElementLocationMixin from mod modernfix cannot reduce visibiliy of PUBLIC target method, visibility will be upgraded.
[318月2026 15:31:47.487] [main/WARN] [mixin/]: Method overwrite conflict for getCitadelEntityData in citadel.mixins.json:LivingEntityMixin from mod citadel, previously written by com.github.alexthe666.alexsmobs.mixin.LivingEntityMixin. Skipping method.
[318月2026 15:31:47.487] [main/WARN] [mixin/]: Method overwrite conflict for setCitadelEntityData in citadel.mixins.json:LivingEntityMixin from mod citadel, previously written by com.github.alexthe666.alexsmobs.mixin.LivingEntityMixin. Skipping method.
[318月2026 15:31:48.231] [Datafixer Bootstrap/INFO] [com.mojang.datafixers.DataFixerBuilder/]: 229 Datafixer optimizations took 230 milliseconds
[318月2026 15:31:48.681] [pool-28-thread-1/INFO] [net.minecraft.server.Bootstrap/]: ModernFix reached bootstrap stage (13.69 s after launch)
[318月2026 15:31:49.011] [pool-28-thread-1/INFO] [ModernFix/]: Injecting BlockStateBase cache population hook into redirect$zem000$modernfix$genCacheBeforeGettingTicking from org.embeddedt.modernfix.common.mixin.perf.reduce_blockstate_cache_rebuilds.BlockStateBaseMixin
[318月2026 15:31:49.420] [pool-28-thread-1/WARN] [mixin/]: @Redirect conflict. Skipping mixins.redirected_neoforge_1.21.1.json:net.minecraft.world.level.block.RedStoneWireBlockMixin from mod redirected->@Redirect::redirectDirections()[Lnet/minecraft/core/Direction; with priority 10, already redirected by lithium.mixins.json:alloc.enum_values.redstone_wire.RedStoneWireBlockMixin from mod lithium->@Redirect::removeAllocation1()[Lnet/minecraft/core/Direction; with priority 1000
[318月2026 15:31:49.420] [pool-28-thread-1/WARN] [mixin/]: @Redirect conflict. Skipping mixins.redirected_neoforge_1.21.1.json:net.minecraft.world.level.block.RedStoneWireBlockMixin from mod redirected->@Redirect::redirectDirections()[Lnet/minecraft/core/Direction; with priority 10, already redirected by lithium.mixins.json:alloc.enum_values.redstone_wire.RedStoneWireBlockMixin from mod lithium->@Redirect::removeAllocation2()[Lnet/minecraft/core/Direction; with priority 1000
[318月2026 15:31:49.607] [pool-28-thread-1/WARN] [mixin/]: @Redirect conflict. Skipping mixins.redirected_neoforge_1.21.1.json:net.minecraft.world.level.block.piston.PistonBaseBlockMixin from mod redirected->@Redirect::redirectDirections()[Lnet/minecraft/core/Direction; with priority 10, already redirected by lithium.mixins.json:alloc.enum_values.piston_block.PistonBaseBlockMixin from mod lithium->@Redirect::removeAllocation()[Lnet/minecraft/core/Direction; with priority 1000
[318月2026 15:31:49.607] [pool-28-thread-1/WARN] [mixin/]: @Redirect conflict. Skipping mixins.redirected_neoforge_1.21.1.json:net.minecraft.world.level.block.piston.PistonBaseBlockMixin from mod redirected->@Redirect::redirectDirections()[Lnet/minecraft/core/Direction; with priority 10, already redirected by lithium.mixins.json:alloc.enum_values.piston_block.PistonBaseBlockMixin from mod lithium->@Redirect::removeAllocation()[Lnet/minecraft/core/Direction; with priority 1000
[318月2026 15:31:49.849] [pool-28-thread-1/WARN] [mixin/]: @Redirect conflict. Skipping mixins.redirected_neoforge_1.21.1.json:net.minecraft.world.level.block.piston.PistonStructureResolverMixin from mod redirected->@Redirect::redirectDirections()[Lnet/minecraft/core/Direction; with priority 10, already redirected by lithium.mixins.json:alloc.enum_values.piston_handler.PistonStructureResolverMixin from mod lithium->@Redirect::removeAllocation()[Lnet/minecraft/core/Direction; with priority 1000
[318月2026 15:31:50.134] [pool-28-thread-1/WARN] [mixin/]: Static binding violation: PRIVATE @Overwrite method getTemperature in modernfix-modernfix.mixins.json:perf.remove_biome_temperature_cache.BiomeMixin from mod modernfix cannot reduce visibiliy of PUBLIC target method, visibility will be upgraded.
[318月2026 15:31:50.138] [pool-28-thread-1/WARN] [mixin/]: Method overwrite conflict for getTemperature in lithium.mixins.json:world.temperature_cache.BiomeMixin from mod lithium, previously written by org.embeddedt.modernfix.common.mixin.perf.remove_biome_temperature_cache.BiomeMixin. Skipping method.
[318月2026 15:31:50.710] [pool-28-thread-1/WARN] [mixin/]: Method overwrite conflict for scheduleRandomTick in corgilib-common.mixins.json:chunk.MixinChunkAccess from mod corgilib, previously written by dev.corgitaco.ohthetreesyoullgrow.mixin.chunk.MixinChunkAccess. Skipping method.
[318月2026 15:31:50.710] [pool-28-thread-1/WARN] [mixin/]: Method overwrite conflict for getScheduledRandomTicks in corgilib-common.mixins.json:chunk.MixinChunkAccess from mod corgilib, previously written by dev.corgitaco.ohthetreesyoullgrow.mixin.chunk.MixinChunkAccess. Skipping method.
[318月2026 15:31:51.955] [pool-28-thread-1/WARN] [mixin/]: Method overwrite conflict for clone in biomespy.mixins.json:compat.terrablender.ParameterListMixin from mod biomespy, previously written by terrablender.mixin.MixinParameterList. Skipping method.
[318月2026 15:31:52.163] [pool-28-thread-1/INFO] [net.minecraft.server.Bootstrap/]: Vanilla bootstrap took 3469 milliseconds
[318月2026 15:31:52.379] [main/WARN] [mixin/]: Static binding violation: PRIVATE @Overwrite method renderSectionLayer in sodium-common.mixins.json:core.render.world.LevelRendererMixin from mod sodium cannot reduce visibiliy of PUBLIC target method, visibility will be upgraded.
[318月2026 15:31:52.537] [Ixeris Event Polling Thread/INFO] [me.decce.ixeris.core.Ixeris/]: Using GlfwEventHandler
[318月2026 15:31:52.577] [Render thread/WARN] [net.minecraft.server.packs.VanillaPackResourcesBuilder/]: Assets URL 'union:/E:/Program%20Files/Earth2%20Reborn/.minecraft/libraries/net/minecraft/client/1.21.1-20240808.144430/client-1.21.1-20240808.144430-srg.jar%23473!/assets/.mcassetsroot' uses unexpected schema
[318月2026 15:31:52.577] [Render thread/WARN] [net.minecraft.server.packs.VanillaPackResourcesBuilder/]: Assets URL 'union:/E:/Program%20Files/Earth2%20Reborn/.minecraft/libraries/net/minecraft/client/1.21.1-20240808.144430/client-1.21.1-20240808.144430-srg.jar%23473!/data/.mcassetsroot' uses unexpected schema
[318月2026 15:31:52.615] [Render thread/INFO] [com.mojang.authlib.yggdrasil.YggdrasilAuthenticationService/]: Environment: Environment[sessionHost=https://sessionserver.mojang.com, servicesHost=https://api.minecraftservices.com, name=PROD]
[318月2026 15:31:52.622] [Render thread/INFO] [net.minecraft.client.Minecraft/]: Setting user: sange
[318月2026 15:31:52.973] [Render thread/INFO] [net.minecraft.client.Minecraft/]: Backend library: LWJGL version 3.3.3+5
[318月2026 15:31:53.007] [Render thread/INFO] [ModernUI-MC/Init]: Created MuiForgeAPI
[318月2026 15:31:53.008] [Render thread/INFO] [ModernUI-MC/Init]: Detected OpenGL 4.6 Core Profile from FML Early Window
[318月2026 15:31:53.013] [Download-2/ERROR] [net.minecraft.client.Minecraft/]: Failed to fetch user properties
com.mojang.authlib.exceptions.InvalidCredentialsException: Status: 401
	at MC-BOOTSTRAP/authlib@6.0.54/com.mojang.authlib.exceptions.MinecraftClientHttpException.toAuthenticationException(MinecraftClientHttpException.java:59) ~[authlib-6.0.54.jar%23111!/:?]
	at MC-BOOTSTRAP/authlib@6.0.54/com.mojang.authlib.yggdrasil.YggdrasilUserApiService.fetchProperties(YggdrasilUserApiService.java:150) ~[authlib-6.0.54.jar%23111!/:?]
	at TRANSFORMER/minecraft@1.21.1/net.minecraft.client.Minecraft.lambda$new$2(Minecraft.java:431) ~[client-1.21.1-20240808.144430-srg.jar%23473!/:?]
	at java.base/java.util.concurrent.CompletableFuture$AsyncSupply.run(CompletableFuture.java:1768) ~[?:?]
	at java.base/java.util.concurrent.ThreadPoolExecutor.runWorker(ThreadPoolExecutor.java:1144) ~[?:?]
	at java.base/java.util.concurrent.ThreadPoolExecutor$Worker.run(ThreadPoolExecutor.java:642) ~[?:?]
	at java.base/java.lang.Thread.run(Thread.java:1583) [?:?]
Caused by: com.mojang.authlib.exceptions.MinecraftClientHttpException: Status: 401
	at MC-BOOTSTRAP/authlib@6.0.54/com.mojang.authlib.minecraft.client.MinecraftClient.readInputStream(MinecraftClient.java:100) ~[authlib-6.0.54.jar%23111!/:?]
	at MC-BOOTSTRAP/authlib@6.0.54/com.mojang.authlib.minecraft.client.MinecraftClient.get(MinecraftClient.java:57) ~[authlib-6.0.54.jar%23111!/:?]
	at MC-BOOTSTRAP/authlib@6.0.54/com.mojang.authlib.yggdrasil.YggdrasilUserApiService.fetchProperties(YggdrasilUserApiService.java:121) ~[authlib-6.0.54.jar%23111!/:?]
	... 5 more
[318月2026 15:31:53.038] [Render thread/INFO] [com.mojang.blaze3d.platform.Window/]: OpenGL Vendor: NVIDIA Corporation
[318月2026 15:31:53.038] [Render thread/INFO] [com.mojang.blaze3d.platform.Window/]: OpenGL Renderer: NVIDIA GeForce RTX 5080 Laptop GPU/PCIe/SSE2
[318月2026 15:31:53.038] [Render thread/INFO] [com.mojang.blaze3d.platform.Window/]: OpenGL Version: 4.6.0 NVIDIA 610.47
[318月2026 15:31:53.039] [Render thread/INFO] [Sodium-NvidiaWorkarounds/]: Modifying OpenGL context to apply workarounds for the NVIDIA graphics driver...
[318月2026 15:31:53.039] [Render thread/INFO] [Sodium-NvidiaWorkarounds/]: Enabling GL_DEBUG_OUTPUT_SYNCHRONOUS to force the NVIDIA driver to disable threaded command submission
[318月2026 15:31:53.079] [Render thread/INFO] [ImmediatelyFast/]: Initializing ImmediatelyFast 1.6.13+1.21.1 on NVIDIA GeForce RTX 5080 Laptop GPU/PCIe/SSE2 (NVIDIA Corporation) with OpenGL 4.6.0 NVIDIA 610.47
[318月2026 15:31:53.079] [Render thread/INFO] [ImmediatelyFast/]: Found Iris 1.8.14-beta.1+mc1.21.1. Enabling compatibility.
[318月2026 15:31:53.219] [Render thread/INFO] [Voxy/]: [me.cx.vy.cn.cg.Serialization]: Registered Config as LZ4 for config type CompressorConfig
[318月2026 15:31:53.220] [Render thread/INFO] [Voxy/]: [me.cx.vy.cn.cg.Serialization]: Registered Config as ZSTD for config type CompressorConfig
[318月2026 15:31:53.220] [Render thread/INFO] [Voxy/]: [me.cx.vy.cn.cg.Serialization]: Registered Config as LMDB for config type StorageConfig
[318月2026 15:31:53.221] [Render thread/INFO] [Voxy/]: [me.cx.vy.cn.cg.Serialization]: Registered Config as Memory for config type StorageConfig
[318月2026 15:31:53.221] [Render thread/INFO] [Voxy/]: [me.cx.vy.cn.cg.Serialization]: Registered Config as Redis for config type StorageConfig
[318月2026 15:31:53.222] [Render thread/INFO] [Voxy/]: [me.cx.vy.cn.cg.Serialization]: Registered Config as RocksDB for config type StorageConfig
[318月2026 15:31:53.222] [Render thread/INFO] [Voxy/]: [me.cx.vy.cn.cg.Serialization]: Registered Config as ReadonlyCachingLayer for config type StorageConfig
[318月2026 15:31:53.222] [Render thread/INFO] [Voxy/]: [me.cx.vy.cn.cg.Serialization]: Registered Config as CompressionAdaptor for config type StorageConfig
[318月2026 15:31:53.222] [Render thread/INFO] [Voxy/]: [me.cx.vy.cn.cg.Serialization]: Registered ConditionalStorageBackendConfig as ConditionalConfig for config type StorageConfig
[318月2026 15:31:53.223] [Render thread/INFO] [Voxy/]: [me.cx.vy.cn.cg.Serialization]: Registered Config as FragmentationAdaptor for config type StorageConfig
[318月2026 15:31:53.223] [Render thread/INFO] [Voxy/]: [me.cx.vy.cn.cg.Serialization]: Registered Config2 as AutoFragmentationAdaptor for config type StorageConfig
[318月2026 15:31:53.223] [Render thread/INFO] [Voxy/]: [me.cx.vy.cn.cg.Serialization]: Registered BasicPathInsertionConfig as BasicPathConfig for config type StorageConfig
[318月2026 15:31:53.224] [Render thread/INFO] [Voxy/]: [me.cx.vy.cn.cg.Serialization]: Registered Config as Serializer for config type SectionStorageConfig
[318月2026 15:31:53.224] [Render thread/INFO] [Voxy/]: [me.cx.vy.cn.cg.Serialization]: Registered 13 config types
[318月2026 15:31:53.258] [Render thread/INFO] [Arc3D/]: Use NV_conservative_raster
[318月2026 15:31:53.259] [Render thread/INFO] [Arc3D/]: Use NV_blend_equation_advanced_coherent
[318月2026 15:31:53.285] [Render thread/INFO] [ModernUI/Core]: OpenGL vendor: NVIDIA Corporation
[318月2026 15:31:53.285] [Render thread/INFO] [ModernUI/Core]: OpenGL renderer: NVIDIA GeForce RTX 5080 Laptop GPU/PCIe/SSE2
[318月2026 15:31:53.285] [Render thread/INFO] [ModernUI/Core]: OpenGL version: 4.6.0 NVIDIA 610.47
[318月2026 15:31:53.285] [Render thread/INFO] [ModernUI/Core]: OpenGL caps: 
AnisotropySupport: true
GpuTracingSupport: false
ConservativeRasterSupport: true
TextureBarrierSupport: true
DepthClipNegativeOneToOne: true
BlendEquationSupport: ADVANCED_COHERENT
ClampToBorderSupport: true
MaxRenderTargetSize: 32768
MaxPreferredRenderTargetSize: 32768
MaxVertexAttributes: 16
MaxVertexBindings: 8
MaxTextureSize: 32768
MaxPushConstantsSize: 0
MaxColorAttachments: 8
MinUniformBufferOffsetAlignment: 256
MinStorageBufferOffsetAlignment: 16
ShaderCaps:
	TargetAPI: OPENGL_4_5
	GLSLVersion: GLSL_450
	SPIRVVersion: null
	FMASupport: true
	DualSourceBlendingSupport: true
	PreferFlatInterpolation: true
	VertexIDSupport: true
	InfinitySupport: true
	NonConstantArrayIndexSupport: true
	BitManipulationSupport: true
	NoPerspectiveInterpolationSupport: true
	ReducedShaderMode: false
	TextureQueryLod: true
	UniformBindingSupport: true
	VaryingLocationSupport: true
	UseBlockMemberOffset: true
	UsePrecisionModifiers: false
	RequiresLocalOutputColorForFBFetch: false
	MustObfuscateUniformColor: false
	MustWriteToFragColor: false
	ColorSpaceMathNeedsFloat: false
	AvoidDfDxForGradientsWhenPossible: false
	SecondaryOutputExtension: null
	AdvBlendEqInteraction: 1
	MaxFragmentSamplers: 32
Vendor: NVIDIA
Driver: NVIDIA
MaxFragmentUniformVectors: 1024
MaxTextureMaxAnisotropy: 16.0
SupportsProtected: false
SkipErrorChecks: true
MaxLabelLength: 256
DebugSupport: true
BufferStorageSupport: true
DrawElementsBaseVertexSupport: true
BaseInstanceSupport: true
DSASupport: true
InvalidateBufferType: 2
InvalidateFramebufferSupport: true
ShaderBinarySupport: true
UseStagingBuffers: false
MustHaveFragmentShader: false
VertexAttribBindingSupport: true
CopyImageSupport: true
SPIRVSupport: false
ViewCompatibilityClassSupport: true
TexStorageSupport: true
ProgramBinarySupport: true
ProgramBinaryFormats: [36385]
GLSLVersion: 460
ColorTypeToFormat:
	UNKNOWN=>Unsupported
	R_8=>R8
	RG_88=>RG8
	RGBA_8888=>RGBA8
	R_16=>R16
	RG_1616=>RG16
	RGBA_16161616=>RBGA16
	R_F16=>R16F
	RG_F16=>RG16F
	RGBA_F16=>RGBA16F
	R_F32=>Unsupported
	RG_F32=>Unsupported
	RGBA_F32=>Unsupported
	ALPHA_8=>R8
	ALPHA_16=>R16
	ALPHA_F16=>R16F
	GRAY_8=>R8
	GRAY_16=>R16
	GRAY_ALPHA_88=>RG8
	GRAY_ALPHA_1616=>RG16
	BGRA_8888=>BGRA8
	BGR_565=>B5_G6_R5
	BGRA_5551=>BGR5_A1
	RGBA_1010102=>RGB10_A2
	BGRA_1010102=>BGR10_A2
	RGBE_9995=>Unsupported
	RGB_888=>RGB8
	RGB_161616=>RGB16
	RGBX_8888=>RGBA8
CompressionTypeToBackendFormat: [null, {mBackend=OpenGL, mFormat=ETC2}, {mBackend=OpenGL, mFormat=RGB8_BC1}, {mBackend=OpenGL, mFormat=RGBA8_BC1}]

[318月2026 15:31:53.292] [Render thread/INFO] [Iris/]: Debug functionality is disabled.
[318月2026 15:31:53.293] [Render thread/INFO] [Iris/]: OpenGL 4.5 detected, enabling DSA.
[318月2026 15:31:53.331] [Render thread/ERROR] [Voxy/]: [me.cx.vy.ct.cg.VoxyConfig]: Failed to write Voxy config java.nio.file.AccessDeniedException: E:\Program Files\Earth2 Reborn\.minecraft\versions\Earth2 Reborn\config\voxy-config.json.tmp -> E:\Program Files\Earth2 Reborn\.minecraft\versions\Earth2 Reborn\config\voxy-config.json
java.nio.file.AccessDeniedException: E:\Program Files\Earth2 Reborn\.minecraft\versions\Earth2 Reborn\config\voxy-config.json.tmp -> E:\Program Files\Earth2 Reborn\.minecraft\versions\Earth2 Reborn\config\voxy-config.json
	at java.base/sun.nio.fs.WindowsException.translateToIOException(WindowsException.java:89) ~[?:?]
	at java.base/sun.nio.fs.WindowsException.rethrowAsIOException(WindowsException.java:103) ~[?:?]
	at java.base/sun.nio.fs.WindowsFileCopy.move(WindowsFileCopy.java:328) ~[?:?]
	at java.base/sun.nio.fs.WindowsFileSystemProvider.move(WindowsFileSystemProvider.java:291) ~[?:?]
	at java.base/java.nio.file.Files.move(Files.java:1430) ~[?:?]
	at TRANSFORMER/voxy@0.4.3-beta.1/me.cortex.voxy.client.config.VoxyConfig.save(VoxyConfig.java:225) ~[neo-voxy-0.4.3-beta.1-mc1.21.1-neoforge-integrations.jar%23709!/:?]
	at TRANSFORMER/voxy@0.4.3-beta.1/me.cortex.voxy.client.config.VoxyConfig.loadOrCreate(VoxyConfig.java:169) ~[neo-voxy-0.4.3-beta.1-mc1.21.1-neoforge-integrations.jar%23709!/:?]
	at TRANSFORMER/voxy@0.4.3-beta.1/me.cortex.voxy.client.config.VoxyConfig.<clinit>(VoxyConfig.java:42) ~[neo-voxy-0.4.3-beta.1-mc1.21.1-neoforge-integrations.jar%23709!/:?]
	at TRANSFORMER/iris@1.8.14-beta.1+mc1.21.1/net.irisshaders.iris.gl.shader.StandardMacros.wrapOperation$hne000$voxy$injectVoxyDefine(StandardMacros.java:529) ~[iris-neoforge-1.8.14-beta.1+mc1.21.1.jar%23687!/:?]
	at TRANSFORMER/iris@1.8.14-beta.1+mc1.21.1/net.irisshaders.iris.gl.shader.StandardMacros.createStandardEnvironmentDefines(StandardMacros.java:116) ~[iris-neoforge-1.8.14-beta.1+mc1.21.1.jar%23687!/:?]
	at TRANSFORMER/iris@1.8.14-beta.1+mc1.21.1/net.irisshaders.iris.Iris.loadExternalShaderpack(Iris.java:324) ~[iris-neoforge-1.8.14-beta.1+mc1.21.1.jar%23687!/:?]
	at TRANSFORMER/iris@1.8.14-beta.1+mc1.21.1/net.irisshaders.iris.Iris.loadShaderpack(Iris.java:240) ~[iris-neoforge-1.8.14-beta.1+mc1.21.1.jar%23687!/:?]
	at TRANSFORMER/iris@1.8.14-beta.1+mc1.21.1/net.irisshaders.iris.Iris.onRenderSystemInit(Iris.java:130) ~[iris-neoforge-1.8.14-beta.1+mc1.21.1.jar%23687!/:?]
	at TRANSFORMER/minecraft@1.21.1/com.mojang.blaze3d.systems.RenderSystem.handler$znf000$iris$onRendererInit(RenderSystem.java:2519) ~[client-1.21.1-20240808.144430-srg.jar%23473!/:?]
	at TRANSFORMER/minecraft@1.21.1/com.mojang.blaze3d.systems.RenderSystem.initRenderer(RenderSystem.java:485) ~[client-1.21.1-20240808.144430-srg.jar%23473!/:?]
	at TRANSFORMER/minecraft@1.21.1/net.minecraft.client.Minecraft.<init>(Minecraft.java:481) ~[client-1.21.1-20240808.144430-srg.jar%23473!/:?]
	at java.base/java.lang.Thread.run(Thread.java:1583) [?:?]
[318月2026 15:31:53.526] [Render thread/WARN] [Iris/]: Invalid pack option: GTAO
[318月2026 15:31:53.526] [Render thread/WARN] [Iris/]: Invalid pack option: GTAO
[318月2026 15:31:53.529] [Render thread/WARN] [Iris/]: Unable to resolve shader pack option menu element "WATER_REFRACTION" defined in shaders.properties
[318月2026 15:31:53.529] [Render thread/WARN] [Iris/]: Unable to resolve shader pack option menu element "WATER_REFRACTION_INTENSITY" defined in shaders.properties
[318月2026 15:31:53.529] [Render thread/WARN] [Iris/]: Unable to resolve shader pack option menu element "CLOUDS_DAILY_WEATHER" defined in shaders.properties
[318月2026 15:31:53.529] [Render thread/WARN] [Iris/]: Unable to resolve shader pack option menu element "CLOUDS_CUMULUS_CONGESTUS_PRIMARY_STEPS_H" defined in shaders.properties
[318月2026 15:31:53.529] [Render thread/WARN] [Iris/]: Unable to resolve shader pack option menu element "CLOUDS_CUMULUS_CONGESTUS_PRIMARY_STEPS_Z" defined in shaders.properties
[318月2026 15:31:53.530] [Render thread/INFO] [Iris/]: Profile: medium (+14 options changed by user)
[318月2026 15:31:54.390] [Render thread/INFO] [Voxy/]: [me.cx.vy.ct.is.IrisShaderPatch]: External opaque shader patch applied
[318月2026 15:31:54.390] [Render thread/INFO] [Voxy/]: [me.cx.vy.ct.is.IrisShaderPatch]: External translucent shader patch applied
[318月2026 15:31:54.507] [Render thread/WARN] [Iris/]: Failed to parse an ResourceLocation in item.properties for the key item.10056: state properties are currently not supported: calibrated_sculk_sensor:sculk_sensor_phase=inactive
[318月2026 15:31:54.507] [Render thread/WARN] [Iris/]: Failed to parse an ResourceLocation in item.properties for the key item.10056: state properties are currently not supported: calibrated_sculk_sensor:sculk_sensor_phase=cooldown
[318月2026 15:31:54.507] [Render thread/WARN] [Iris/]: Failed to parse an ResourceLocation in item.properties for the key item.10057: state properties are currently not supported: calibrated_sculk_sensor:sculk_sensor_phase=active
[318月2026 15:31:54.507] [Render thread/WARN] [Iris/]: Failed to parse an ResourceLocation in item.properties for the key item.10057: state properties are currently not supported: sculk_sensor:sculk_sensor_phase=active
[318月2026 15:31:54.507] [Render thread/WARN] [Iris/]: Failed to parse an ResourceLocation in item.properties for the key item.10061: state properties are currently not supported: weathered_copper_bulb:lit=true
[318月2026 15:31:54.507] [Render thread/WARN] [Iris/]: Failed to parse an ResourceLocation in item.properties for the key item.10061: state properties are currently not supported: oxidized_copper_bulb:lit=true
[318月2026 15:31:54.507] [Render thread/WARN] [Iris/]: Failed to parse an ResourceLocation in item.properties for the key item.10061: state properties are currently not supported: waxed_weathered_copper_bulb:lit=true
[318月2026 15:31:54.507] [Render thread/WARN] [Iris/]: Failed to parse an ResourceLocation in item.properties for the key item.10061: state properties are currently not supported: waxed_oxidized_copper_bulb:lit=true
[318月2026 15:31:54.507] [Render thread/WARN] [Iris/]: Failed to parse an ResourceLocation in item.properties for the key item.10061: state properties are currently not supported: copper_bulb:lit=true
[318月2026 15:31:54.507] [Render thread/WARN] [Iris/]: Failed to parse an ResourceLocation in item.properties for the key item.10061: state properties are currently not supported: exposed_copper_bulb:lit=true
[318月2026 15:31:54.507] [Render thread/WARN] [Iris/]: Failed to parse an ResourceLocation in item.properties for the key item.10061: state properties are currently not supported: waxed_copper_bulb:lit=true
[318月2026 15:31:54.507] [Render thread/WARN] [Iris/]: Failed to parse an ResourceLocation in item.properties for the key item.10061: state properties are currently not supported: waxed_exposed_copper_bulb:lit=true
[318月2026 15:31:54.570] [Render thread/INFO] [Iris/]: Using shaderpack: photon.zip
[318月2026 15:31:54.570] [Render thread/INFO] [colorwheel/]: Is OIT supported: true
[318月2026 15:31:54.605] [Render thread/INFO] [The Impossible Library/]: mods.thecomputerizer.musictriggers.api.common.MusicTriggersGeneratedCommonMod$ServerLifecycle
[318月2026 15:31:54.605] [Render thread/INFO] [The Impossible Library/]: mods.thecomputerizer.theimpossiblelibrary.api.common.TheImpossibleLibraryGeneratedCommonMod$LoaderClient
[318月2026 15:31:54.605] [Render thread/INFO] [The Impossible Library/]: mods.thecomputerizer.musictriggers.api.common.MusicTriggersGeneratedCommonMod$LoaderServer
[318月2026 15:31:54.605] [Render thread/INFO] [The Impossible Library/]: mods.thecomputerizer.theimpossiblelibrary.api.common.TheImpossibleLibraryGeneratedCommonMod$LoaderCommon
[318月2026 15:31:54.605] [Render thread/INFO] [The Impossible Library/]: mods.thecomputerizer.theimpossiblelibrary.api.common.TheImpossibleLibraryGeneratedCommonMod
[318月2026 15:31:54.605] [Render thread/INFO] [The Impossible Library/]: mods.thecomputerizer.musictriggers.api.common.MusicTriggersGeneratedCommonMod
[318月2026 15:31:54.605] [Render thread/INFO] [The Impossible Library/]: mods.thecomputerizer.theimpossiblelibrary.api.common.TheImpossibleLibraryGeneratedCommonMod$LoaderServer
[318月2026 15:31:54.605] [Render thread/INFO] [The Impossible Library/]: mods.thecomputerizer.musictriggers.api.common.MusicTriggersGeneratedCommonMod$LoaderCommon
[318月2026 15:31:54.605] [Render thread/INFO] [The Impossible Library/]: mods.thecomputerizer.musictriggers.api.common.MusicTriggersGeneratedCommonMod$LoaderClient
[318月2026 15:31:54.605] [Render thread/INFO] [The Impossible Library/]: mods.thecomputerizer.theimpossiblelibrary.api.common.TheImpossibleLibraryGeneratedCommonMod$ServerLifecycle
[318月2026 15:31:54.609] [Render thread/INFO] [TIL NeoforgeCoreLoader/]: Moving classes
[318月2026 15:31:54.634] [Render thread/INFO] [TIL NeoforgeCoreLoader/]: Registering module theimpossiblebootstrap to service catalog
[318月2026 15:31:54.643] [Render thread/INFO] [TIL JVMHelper/]: Parsing Java version from 21.0.11
[318月2026 15:31:54.645] [Render thread/INFO] [TIL NeoforgeCoreLoader/]: Adding 152 packages from ResolvedModuleAccess[theimpossiblebootstrap] to game layer module theimpossiblelibrary
[318月2026 15:31:54.669] [Render thread/INFO] [The Impossible Library CoreAPI [1.21.1] [NeoForge] [dedicated_client]/]: Successfully initialized!
[318月2026 15:31:54.670] [Render thread/INFO] [TIL NeoforgeCoreLoader/]: Verifying that mods.thecomputerizer.musictriggers.api.common.MusicTriggersGeneratedCommonMod is valid for net.neoforged.fml.loading.moddiscovery.ModInfo@1324e70a and can be found in framework, terrablender, lightmanscurrency, ender_bags, neapolitan, create_confectionery, presencefootsteps, fabric_renderer_indigo, createpropulsion, ftblibrary, createbigcannons, reterraforged, trading_floor, clumps, offroad, wover, tipsmod, bettervillage, create_radar, biomesoplenty, collective, chunksending, exposure, aeronauticscompat, exoticbirds, aeronautics_curios_compat, codxlib, kuma_api, fabric_command_api_v2, architectury, flywheel, collectorsalbum, byepregen, retraining, maxhealthfix, ohthetreesyoullgrow, eclipticseasons_multimodpatch, citresewn, valhelsia_structures, create_enchantment_industry, ferritecore, sable_rapier, aeronautics_bundled, jei, aquaculture, better_climbing, parcool, dnd_aero_compat, create_dragons_plus, fabric_convention_tags_v1, jecharacters, naturescompass, clientsort, crawlondemand, cluttered, create_aeronautics_toolgun, fabric_rendering_v1, efficient_hashing, cratedelight, fabric_lifecycle_events_v1, abnormals_delight, createaddition, do_a_barrel_roll, ambientgogga, kaleidoscope_contraption, kubejs, smart_bounds, muhc, artifacts, betterend, createoreexcavation, resourcefullib, pasterdream, attributefix, modernui, fabric_transfer_api_v1, rha, glitchcore, resourcefulconfig, irisveil, serene_shrubbery, bookshelf, aero_addition, creativecore, betteradvancedtooltips, balm, castle_in_the_sky, omegaconfig, Registrate.MC1._21._67, txnilib, lithium, fabric_events_interaction_v0, tracks, epherolib, torchmaster, fabric_renderer_api_v1, jumpoverfences, appleskin, fabric_resource_conditions_api_v1, jade_vs, kaleidoscope_cookery, kotlinforforge, pfsable, theimpossiblebootstrap, chimes, losttrinkets, fabric_block_view_api_v2, bowinfinityfix, mousetweaks, curios, bwgaddon, alltheleaks, colorwheel_patcher, globalrules, yuushya, creeperfireworks, graveyard, aerocopycats, spark, eclipticseasons, thedarkcolour.kfflib, fabric_particles_v1, mixinsquared.neoforge.beta._1, eternal_starlight, fabric_model_loading_api_v1, ftbultimine, neat, ambientsounds, moonlight, fabric_item_group_api_v1, kiwi, bclib, chunky, netmusic, untitledduckmod, expandability, ritchiesprojectilelib, imblocker, torqueapi, ftbxaerocompat, totw_modded, prickle, barbequesdelight, alexsmobs, sable, iceberg, betterfoliage, fastrecipesearch, fastleafdecay, fabric_block_api_v1, redirected, polymorph, dynamiccrosshairapi, xaerominimap, valhelsia_core, constructionwand, sable_createaddition_compat, valhelsia_furniture_fix, ldlib2, lootr, structurecompass, aeronautics, blueprint, theimpossiblelibrary, cesfix, conditional_mixin, cloth_config, colorfulhearts, create_connected, createdeco, paraglider, croptopia, cbc_equally_opposite, aero_vive_veil_fbo_fix, krypton_fnp, copycats, flerovium, create_tweaked_controllers, clientcrafting, ftbessentials, immediatelyfast, dynamiccrosshair, jade, fabric_api_base, fabric_loot_api_v2, mixin_synthetic, fabric_item_api_v1, mapcompass, aquaculturedelight, leaky, reddensstonelantern, createfastschematiccannon, culturaldelights, smrb, whitenoise, kaleidoscope_compat, arcadiabettercreative, lionfishapi, fabric_recipe_api_v1, creeperoverhaul, lightspeed, ixeris, fabric_content_registries_v0, fabric_rendering_data_attachment_v1, mixinextras.neoforge, fabric_convention_tags_v2, neoforge, travelerstitles, fabric_biome_api_v1, searchables, ftbquests, structure_layout_optimizer, musictriggers, createefficientvisuals, ftbteams, fabric_object_builder_api_v1, gpumemleakfix, controlling, tacz_c, yes_steve_model, ftbchunks, configured, cupboard, guardvillagers, serverwarashi, cc_sable, sablexaeromaps, fabric_networking_api_v1, pasterdreammeltdream, sable_fix_mod, continuity, simulated, createcobblestone, fabric_screen_handler_api_v1, iris, upgrade_aquatic, sablejade, farmersdelight, colorwheel, fabric_blockrenderlayer_v1, carryon, kaleidoscope_tavern, fabric_key_binding_api_v1, computercraft, bits_n_bobs, sodium, legendary_monsters, createdieselgenerators, refurbished_furniture, biomeswevegone, waystones, zeta, resourcederivator, patchouli, net_music_list, aeroworks, cratedelightcroptopia, l2modularblocks._4, flyhigher, fabric_message_api_v1, citadel, xaerolib, alexsdelight, fabric_data_attachment_api_v1, fabric_entity_events_v1, tlm_shogi, travelersbackpack, create_compact_transmission, paxi, yungsapi, RecipeSearch, voxy, dndecor, sim_copycats, horseman, libraryferret, cataclysm, polytone, fishingreal, yuushya_modelling, lmft, valhelsia_furniture, sablephysicscompat, configuration, taczpackupgrader, fasttag, betterendfix, create, minecraft, betterpingdisplay, simplebedrockmodel, biomespy, aeronautics_utility_objects, fabric_game_rule_api_v1, l2serial._5, enchdesc, l2core, pasterdreamapi, tacz, create_easy_structures, railways, MixinLite, fabric_api_lookup_api_v1, sableexplosionfix, sable_schematic_api, fabric_registry_sync_v0, fabric_api, biomespawnpoint, eclipticseasons_bundles, kubejs_create, pasterdreamsanity, veil, modernfix, fabric_sound_api_v1, rhino, mostructures, always_eat, smsn, fabric_resource_loader_v0, mixinsquared.forge.beta._3, vsfluidlink, pasterdreamspells, maidsoulkitchen, geckolib, fabric_transitive_access_wideners_v1, fabric_client_tags_api_v1, corgilib, betteradvancements, fabric_loot_api_v3, touhou_little_maid, enhancedvisuals, wunderlib, storagedrawers, slashblade, supplementaries, codecui, jadeaddons, fabric_screen_api_v1, quark, swingthroughgrass, fabric_data_generation_api_v1, ends_delight, xaeroworldmap, fabric_rendering_fluids_v1, sablecompanion, lootjs, immersive_melodies, justenoughprofessions, biolith, libbamboo, ponder, createschematicchecker, fabric_gametest_api_v1, passablefoliage, createbetterfps, interiors, showcaseitem
[318月2026 15:31:54.671] [Render thread/INFO] [TIL NeoforgeCoreLoader/]: Finished verifying mods.thecomputerizer.musictriggers.api.common.MusicTriggersGeneratedCommonMod
[318月2026 15:31:54.671] [Render thread/INFO] [The Impossible Library/]: Attempting to initialize container in module musictriggers for mods.thecomputerizer.musictriggers.api.common.MusicTriggersGeneratedCommonMod
[318月2026 15:31:54.671] [Render thread/INFO] [The Impossible Library/]: Successfully initialized mod container for mods.thecomputerizer.musictriggers.api.common.MusicTriggersGeneratedCommonMod
[318月2026 15:31:54.675] [Render thread/INFO] [The Impossible Library/]: No classes left to define for TILBetterModScan
[318月2026 15:31:54.675] [Render thread/INFO] [TIL NeoforgeCoreLoader/]: Verifying that mods.thecomputerizer.theimpossiblelibrary.api.common.TheImpossibleLibraryGeneratedCommonMod is valid for net.neoforged.fml.loading.moddiscovery.ModInfo@44618fe6 and can be found in framework, terrablender, lightmanscurrency, ender_bags, neapolitan, create_confectionery, presencefootsteps, fabric_renderer_indigo, createpropulsion, ftblibrary, createbigcannons, reterraforged, trading_floor, clumps, offroad, wover, tipsmod, bettervillage, create_radar, biomesoplenty, collective, chunksending, exposure, aeronauticscompat, exoticbirds, aeronautics_curios_compat, codxlib, kuma_api, fabric_command_api_v2, architectury, flywheel, collectorsalbum, byepregen, retraining, maxhealthfix, ohthetreesyoullgrow, eclipticseasons_multimodpatch, citresewn, valhelsia_structures, create_enchantment_industry, ferritecore, sable_rapier, aeronautics_bundled, jei, aquaculture, better_climbing, parcool, dnd_aero_compat, create_dragons_plus, fabric_convention_tags_v1, jecharacters, naturescompass, clientsort, crawlondemand, cluttered, create_aeronautics_toolgun, fabric_rendering_v1, efficient_hashing, cratedelight, fabric_lifecycle_events_v1, abnormals_delight, createaddition, do_a_barrel_roll, ambientgogga, kaleidoscope_contraption, kubejs, smart_bounds, muhc, artifacts, betterend, createoreexcavation, resourcefullib, pasterdream, attributefix, modernui, fabric_transfer_api_v1, rha, glitchcore, resourcefulconfig, irisveil, serene_shrubbery, bookshelf, aero_addition, creativecore, betteradvancedtooltips, balm, castle_in_the_sky, omegaconfig, Registrate.MC1._21._67, txnilib, lithium, fabric_events_interaction_v0, tracks, epherolib, torchmaster, fabric_renderer_api_v1, jumpoverfences, appleskin, fabric_resource_conditions_api_v1, jade_vs, kaleidoscope_cookery, kotlinforforge, pfsable, theimpossiblebootstrap, chimes, losttrinkets, fabric_block_view_api_v2, bowinfinityfix, mousetweaks, curios, bwgaddon, alltheleaks, colorwheel_patcher, globalrules, yuushya, creeperfireworks, graveyard, aerocopycats, spark, eclipticseasons, thedarkcolour.kfflib, fabric_particles_v1, mixinsquared.neoforge.beta._1, eternal_starlight, fabric_model_loading_api_v1, ftbultimine, neat, ambientsounds, moonlight, fabric_item_group_api_v1, kiwi, bclib, chunky, netmusic, untitledduckmod, expandability, ritchiesprojectilelib, imblocker, torqueapi, ftbxaerocompat, totw_modded, prickle, barbequesdelight, alexsmobs, sable, iceberg, betterfoliage, fastrecipesearch, fastleafdecay, fabric_block_api_v1, redirected, polymorph, dynamiccrosshairapi, xaerominimap, valhelsia_core, constructionwand, sable_createaddition_compat, valhelsia_furniture_fix, ldlib2, lootr, structurecompass, aeronautics, blueprint, theimpossiblelibrary, cesfix, conditional_mixin, cloth_config, colorfulhearts, create_connected, createdeco, paraglider, croptopia, cbc_equally_opposite, aero_vive_veil_fbo_fix, krypton_fnp, copycats, flerovium, create_tweaked_controllers, clientcrafting, ftbessentials, immediatelyfast, dynamiccrosshair, jade, fabric_api_base, fabric_loot_api_v2, mixin_synthetic, fabric_item_api_v1, mapcompass, aquaculturedelight, leaky, reddensstonelantern, createfastschematiccannon, culturaldelights, smrb, whitenoise, kaleidoscope_compat, arcadiabettercreative, lionfishapi, fabric_recipe_api_v1, creeperoverhaul, lightspeed, ixeris, fabric_content_registries_v0, fabric_rendering_data_attachment_v1, mixinextras.neoforge, fabric_convention_tags_v2, neoforge, travelerstitles, fabric_biome_api_v1, searchables, ftbquests, structure_layout_optimizer, musictriggers, createefficientvisuals, ftbteams, fabric_object_builder_api_v1, gpumemleakfix, controlling, tacz_c, yes_steve_model, ftbchunks, configured, cupboard, guardvillagers, serverwarashi, cc_sable, sablexaeromaps, fabric_networking_api_v1, pasterdreammeltdream, sable_fix_mod, continuity, simulated, createcobblestone, fabric_screen_handler_api_v1, iris, upgrade_aquatic, sablejade, farmersdelight, colorwheel, fabric_blockrenderlayer_v1, carryon, kaleidoscope_tavern, fabric_key_binding_api_v1, computercraft, bits_n_bobs, sodium, legendary_monsters, createdieselgenerators, refurbished_furniture, biomeswevegone, waystones, zeta, resourcederivator, patchouli, net_music_list, aeroworks, cratedelightcroptopia, l2modularblocks._4, flyhigher, fabric_message_api_v1, citadel, xaerolib, alexsdelight, fabric_data_attachment_api_v1, fabric_entity_events_v1, tlm_shogi, travelersbackpack, create_compact_transmission, paxi, yungsapi, RecipeSearch, voxy, dndecor, sim_copycats, horseman, libraryferret, cataclysm, polytone, fishingreal, yuushya_modelling, lmft, valhelsia_furniture, sablephysicscompat, configuration, taczpackupgrader, fasttag, betterendfix, create, minecraft, betterpingdisplay, simplebedrockmodel, biomespy, aeronautics_utility_objects, fabric_game_rule_api_v1, l2serial._5, enchdesc, l2core, pasterdreamapi, tacz, create_easy_structures, railways, MixinLite, fabric_api_lookup_api_v1, sableexplosionfix, sable_schematic_api, fabric_registry_sync_v0, fabric_api, biomespawnpoint, eclipticseasons_bundles, kubejs_create, pasterdreamsanity, veil, modernfix, fabric_sound_api_v1, rhino, mostructures, always_eat, smsn, fabric_resource_loader_v0, mixinsquared.forge.beta._3, vsfluidlink, pasterdreamspells, maidsoulkitchen, geckolib, fabric_transitive_access_wideners_v1, fabric_client_tags_api_v1, corgilib, betteradvancements, fabric_loot_api_v3, touhou_little_maid, enhancedvisuals, wunderlib, storagedrawers, slashblade, supplementaries, codecui, jadeaddons, fabric_screen_api_v1, quark, swingthroughgrass, fabric_data_generation_api_v1, ends_delight, xaeroworldmap, fabric_rendering_fluids_v1, sablecompanion, lootjs, immersive_melodies, justenoughprofessions, biolith, libbamboo, ponder, createschematicchecker, fabric_gametest_api_v1, passablefoliage, createbetterfps, interiors, showcaseitem
[318月2026 15:31:54.676] [Render thread/INFO] [TIL NeoforgeCoreLoader/]: Setting Module of class mods.thecomputerizer.theimpossiblelibrary.api.common.TheImpossibleLibraryGeneratedCommonMod to theimpossiblelibrary
[318月2026 15:31:54.676] [Render thread/INFO] [TIL NeoforgeCoreLoader/]: Finished verifying mods.thecomputerizer.theimpossiblelibrary.api.common.TheImpossibleLibraryGeneratedCommonMod
[318月2026 15:31:54.676] [Render thread/INFO] [The Impossible Library/]: Attempting to initialize container in module theimpossiblelibrary for mods.thecomputerizer.theimpossiblelibrary.api.common.TheImpossibleLibraryGeneratedCommonMod
[318月2026 15:31:54.676] [Render thread/INFO] [The Impossible Library/]: Successfully initialized mod container for mods.thecomputerizer.theimpossiblelibrary.api.common.TheImpossibleLibraryGeneratedCommonMod
[318月2026 15:31:54.845] [modloading-worker-0/INFO] [ModSharedBootstrap/]: KryptonFNP is now accelerating your Minecraft client's networking stack 🚀
[318月2026 15:31:54.845] [modloading-worker-0/INFO] [ModSharedBootstrap/]: Note that KryptonFNP is most effective on servers, not the client.
[318月2026 15:31:54.849] [modloading-worker-0/INFO] [Veil/]: Veil is initializing.
[318月2026 15:31:54.871] [modloading-worker-0/INFO] [biolith/]: Biolith for NeoForge is initializing...
[318月2026 15:31:54.881] [modloading-worker-0/INFO] [biolith/]: Enabling Biolith's TerraBlender compatibility layer.
[318月2026 15:31:54.895] [modloading-worker-0/INFO] [Create Deco/]: Registering items for Create Deco
[318月2026 15:31:54.927] [modloading-worker-0/INFO] [net.neoforged.neoforge.common.NeoForgeMod/NEOFORGE-MOD]: NeoForge mod loading, version 21.1.248, for MC 1.21.1
[318月2026 15:31:54.950] [modloading-worker-0/INFO] [LowDragLib2/]: LowDragLib2 is initializing on platform: NeoForge
[318月2026 15:31:54.999] [modloading-worker-0/INFO] [ModSharedBootstrap/]: Compression will use RecastXZ 3 (Windows x86_64), encryption will use Java
[318月2026 15:31:55.057] [modloading-worker-0/INFO] [Torchmaster/]: Initializing Torchmaster for platform NeoForge
[318月2026 15:31:55.058] [modloading-worker-0/INFO] [Torchmaster/]: Debug Logging Enabled: false
[318月2026 15:31:55.150] [modloading-worker-0/INFO] [com.pinkcats.torque.layer.neoforge.Torqueapi/]: TorqueAPI NeoForge 1.21.1 layer initialized
[318月2026 15:31:55.155] [modloading-worker-0/WARN] [com.ccr4ft3r.lightspeed.Main/]: Lightspeed Connector/Continuity compatibility mode is active; resource-pack parallelism, path caches, and reload failure isolation are disabled
[318月2026 15:31:55.185] [modloading-worker-0/INFO] [STDOUT/]: [net.valhelsia.valhelsia_core.api.common.item.tab.neoforge.CreativeTabFactoryImpl:create:15]: TEST
[318月2026 15:31:55.188] [modloading-worker-0/INFO] [STDOUT/]: [net.valhelsia.valhelsia_core.api.common.item.tab.neoforge.CreativeTabFactoryImpl:create:21]: TEST2
[318月2026 15:31:55.205] [modloading-worker-0/INFO] [Create Deco/]: Registering blocks for Create Deco
[318月2026 15:31:55.294] [modloading-worker-0/INFO] [Create Deco/]: Populating connected texture maps...
[318月2026 15:31:55.358] [modloading-worker-0/INFO] [Create: Trading Floor/]: Registering all Create: Trading Floor entries
[318月2026 15:31:55.365] [modloading-worker-0/INFO] [Create: Trading Floor/]: Registering Particle Emitters for: Create: Trading Floor
[318月2026 15:31:55.368] [modloading-worker-0/INFO] [Create: Trading Floor/]: Registering Particle Emitters for: Create: Trading Floor
[318月2026 15:31:55.377] [modloading-worker-0/INFO] [Create: Trading Floor/]: Finished Initialisation For Mod: trading_floor
[318月2026 15:31:55.568] [modloading-worker-0/INFO] [com.jtorleonstudios.libraryferret.LibraryFerret/]: Initialize mod Library Ferret
[318月2026 15:31:55.573] [modloading-worker-0/INFO] [com.jtorleonstudios.libraryferret.LibraryFerret/]: Initialized mod Library Ferret
[318月2026 15:31:56.640] [modloading-worker-0/INFO] [net.fabricmc.fabric.impl.client.indigo.Indigo/]: [Indigo] Different rendering plugin detected; not applying Indigo.
[318月2026 15:31:56.672] [modloading-worker-0/WARN] [patchouli/]: Could not locate JEI keybindings, lookups in books may not work
[318月2026 15:31:56.705] [modloading-worker-0/INFO] [STDOUT/]: [codx.codxlib.CodxLibMod:commonInit:46]: codxlib: common init complete (v1.5.1).
[318月2026 15:31:56.727] [modloading-worker-0/INFO] [com.axperty.cratedelight.CrateDelight/]: Crate Delight loaded
[318月2026 15:31:56.817] [modloading-worker-0/INFO] [The Impossible Library CoreAPI [1.21.1] [NeoForge] [dedicated_client]/]: Successfully constructed mod class for theimpossiblelibrary as class mods.thecomputerizer.theimpossiblelibrary.api.common.TheImpossibleLibraryGeneratedCommonMod
[318月2026 15:31:56.817] [modloading-worker-0/INFO] [The Impossible Library CoreAPI [1.21.1] [NeoForge] [dedicated_client]/]: Successfully constructed mod class for musictriggers as class mods.thecomputerizer.musictriggers.api.common.MusicTriggersGeneratedCommonMod
[318月2026 15:31:56.817] [modloading-worker-0/INFO] [The Impossible Library/]: [TILCommonEntryPoint Trace]: setDelegatedClientHandle
[318月2026 15:31:56.819] [modloading-worker-0/INFO] [The Impossible Library CoreAPI [1.21.1] [NeoForge] [dedicated_client]/]: Skipping extra entrypoint for musictriggers in package package mods.thecomputerizer.musictriggers.api.client
[318月2026 15:31:56.819] [modloading-worker-0/INFO] [The Impossible Library CoreAPI [1.21.1] [NeoForge] [dedicated_client]/]: Skipping extra entrypoint for theimpossiblelibrary in package package mods.thecomputerizer.theimpossiblelibrary.api.client
[318月2026 15:31:56.819] [modloading-worker-0/INFO] [The Impossible Library CoreAPI [1.21.1] [NeoForge] [dedicated_client]/]: Skipping extra entrypoint for theimpossiblelibrary in package package mods.thecomputerizer.theimpossiblelibrary.neoforge.v21.client
[318月2026 15:31:56.819] [modloading-worker-0/INFO] [The Impossible Library/]: [TILClientEntryPoint Trace]: constructor
[318月2026 15:31:56.819] [modloading-worker-0/INFO] [The Impossible Library/]: [TILCommonEntryPoint Trace]: setDelegatedCustomHandle
[318月2026 15:31:56.819] [modloading-worker-0/INFO] [The Impossible Library CoreAPI [1.21.1] [NeoForge] [dedicated_client]/]: Skipping extra entrypoint for theimpossiblelibrary in package package mods.thecomputerizer.theimpossiblelibrary.neoforge.v21.common
[318月2026 15:31:56.819] [modloading-worker-0/INFO] [The Impossible Library/]: [TILCommonEntryPoint Trace]: constructor
[318月2026 15:31:56.829] [modloading-worker-0/INFO] [Music Triggers/]: Initializing common network
[318月2026 15:31:56.839] [modloading-worker-0/INFO] [The Impossible Library/]: [TILCommonEntryPoint Trace]: onConstructed
[318月2026 15:31:56.840] [modloading-worker-0/INFO] [The Impossible Library/]: [TILCommonEntryPoint Trace]: onPreRegistration
[318月2026 15:31:56.858] [modloading-worker-0/INFO] [The Impossible Library/]: [TILClientEntryPoint Trace]: onPreRegistration
[318月2026 15:31:56.876] [modloading-worker-0/INFO] [snownee.kiwi.Kiwi/INIT]: Processing 9 KiwiModule annotations
[318月2026 15:31:56.898] [modloading-worker-0/INFO] [STDOUT/]: [yalter.mousetweaks.Logger:Log:6]: [Mouse Tweaks] Main.initialize()
[318月2026 15:31:56.910] [modloading-worker-0/INFO] [STDOUT/]: [yalter.mousetweaks.Logger:Log:6]: [Mouse Tweaks] Initialized.
[318月2026 15:31:57.106] [modloading-worker-0/INFO] [The Impossible Library/]: Adding mod event listeners
[318月2026 15:31:57.139] [modloading-worker-0/INFO] [Music Triggers/]: Initializing client network
[318月2026 15:31:57.154] [modloading-worker-0/INFO] [Music Triggers/]: Initializing registry events
[318月2026 15:31:57.390] [modloading-worker-0/INFO] [ModernUI-MC/Init]: Initialized Modern UI
[318月2026 15:31:57.393] [modloading-worker-0/INFO] [xaero.hud.minimap.MinimapLogs/]: Xaero's Minimap: World Map found!
[318月2026 15:31:57.393] [modloading-worker-0/INFO] [xaero.hud.minimap.MinimapLogs/]: No Optifine!
[318月2026 15:31:57.393] [modloading-worker-0/INFO] [xaero.hud.minimap.MinimapLogs/]: Xaero's Minimap: No Vivecraft!
[318月2026 15:31:57.395] [modloading-worker-0/INFO] [xaero.hud.minimap.MinimapLogs/]: Xaero's Minimap: Iris found!
[318月2026 15:31:57.411] [modloading-worker-0/INFO] [CodecUI/]: Codec construction mixins inactive (Codec, MapCodec, RecordCodecBuilder) - expected on NeoForge; using reflective schema inference (numeric ranges recovered, optional-field defaults not).
[318月2026 15:31:57.416] [modloading-worker-0/INFO] [Music Triggers/]: Initializing common event invokers
[318月2026 15:31:57.429] [modloading-worker-0/INFO] [xaero.hud.minimap.MinimapLogs/]: Xaero's Minimap: Waystones found!
[318月2026 15:31:57.437] [modloading-worker-0/INFO] [The Impossible Library/]: [Multiversion Transformer (Forge)]: <Music Triggers Core>: Requested transformation of net/minecraft/client/sounds/MusicManager
[318月2026 15:31:57.437] [modloading-worker-0/INFO] [The Impossible Library/]: Injected music ticker override to tick
[318月2026 15:31:57.445] [modloading-worker-0/INFO] [The Impossible Library/]: [Multiversion Transformer (Forge)]: <Music Triggers Core>: Requested transformation of net/minecraft/client/sounds/SoundManager
[318月2026 15:31:57.445] [modloading-worker-0/INFO] [The Impossible Library/]: Injected channel volume query to updateSourceVolume
[318月2026 15:31:57.581] [modloading-worker-0/INFO] [Music Triggers/]: Initializing server event invokers
[318月2026 15:31:57.594] [modloading-worker-0/INFO] [net.potionstudios.biomeswevegone.BiomesWeveGone/]: Registering Oh The Biomes We've Gone data components
[318月2026 15:31:57.614] [modloading-worker-0/INFO] [zeta/]: Doing super early config setup for zeta
[318月2026 15:31:57.614] [modloading-worker-0/INFO] [The Impossible Library/]: [Multiversion Transformer (Forge)]: <The Impossible Library Core>: Requested transformation of net/minecraft/client/gui/Gui
[318月2026 15:31:57.614] [modloading-worker-0/INFO] [The Impossible Library/]: Editing class node for net/minecraft/client/gui/Gui
[318月2026 15:31:57.614] [modloading-worker-0/INFO] [The Impossible Library/]: Building RENDER_DEBUG_INFO invoker for gui with ordinal 3
[318月2026 15:31:57.614] [modloading-worker-0/INFO] [mezz.jei.library.load.PluginCaller/]: Sending ConfigManager...
[318月2026 15:31:57.667] [modloading-worker-0/INFO] [mezz.jei.library.load.PluginCaller/]: Sending ConfigManager took 43.79 milliseconds
[318月2026 15:31:57.704] [modloading-worker-0/INFO] [Music Triggers/]: Initializing client event invokers net.minecraft.client.Minecraft@53370a28
[318月2026 15:31:57.715] [modloading-worker-0/INFO] [BowInfinityFix/]: Fix Registered!
[318月2026 15:31:57.734] [modloading-worker-0/INFO] [STDOUT/]: [com.teamtea.eclipticseasons.compat.eclipticseasons_bundles.General:<clinit>:70]: Loaded config for es_dp_x_bountifulfares
[318月2026 15:31:57.735] [modloading-worker-0/INFO] [STDOUT/]: [com.teamtea.eclipticseasons.compat.eclipticseasons_bundles.General:<clinit>:70]: Loaded config for es_x_ns
[318月2026 15:31:57.737] [modloading-worker-0/INFO] [STDOUT/]: [com.teamtea.eclipticseasons.compat.eclipticseasons_bundles.General:<clinit>:70]: Loaded config for es_x_bop
[318月2026 15:31:57.742] [modloading-worker-0/INFO] [STDOUT/]: [com.teamtea.eclipticseasons.compat.eclipticseasons_bundles.General:<clinit>:70]: Loaded config for es_x_terrainslabs
[318月2026 15:31:57.752] [modloading-worker-0/INFO] [STDOUT/]: [com.teamtea.eclipticseasons.compat.eclipticseasons_bundles.General:<clinit>:70]: Loaded config for es_x_chipped_support
[318月2026 15:31:57.754] [modloading-worker-0/INFO] [STDOUT/]: [com.teamtea.eclipticseasons.compat.eclipticseasons_bundles.General:<clinit>:70]: Loaded config for es_dp_x_vital_herbs
[318月2026 15:31:57.756] [modloading-worker-0/INFO] [STDOUT/]: [com.teamtea.eclipticseasons.compat.eclipticseasons_bundles.General:<clinit>:70]: Loaded config for es_x_quark
[318月2026 15:31:57.758] [modloading-worker-0/INFO] [STDOUT/]: [com.teamtea.eclipticseasons.compat.eclipticseasons_bundles.General:<clinit>:70]: Loaded config for es_x_bwg_extra
[318月2026 15:31:57.759] [modloading-worker-0/INFO] [STDOUT/]: [com.teamtea.eclipticseasons.compat.eclipticseasons_bundles.General:<clinit>:70]: Loaded config for es_dp_x_abnormals
[318月2026 15:31:57.761] [modloading-worker-0/INFO] [STDOUT/]: [com.teamtea.eclipticseasons.compat.eclipticseasons_bundles.General:<clinit>:70]: Loaded config for es_x_terralith
[318月2026 15:31:57.763] [modloading-worker-0/INFO] [STDOUT/]: [com.teamtea.eclipticseasons.compat.eclipticseasons_bundles.General:<clinit>:70]: Loaded config for es_dp_x_customized
[318月2026 15:31:57.764] [modloading-worker-0/INFO] [STDOUT/]: [com.teamtea.eclipticseasons.compat.eclipticseasons_bundles.General:<clinit>:70]: Loaded config for es_dp_x_feywild
[318月2026 15:31:57.766] [modloading-worker-0/INFO] [STDOUT/]: [com.teamtea.eclipticseasons.compat.eclipticseasons_bundles.General:<clinit>:70]: Loaded config for es_dp_x_bountifulfares_extra
[318月2026 15:31:57.767] [modloading-worker-0/INFO] [STDOUT/]: [com.teamtea.eclipticseasons.compat.eclipticseasons_bundles.General:<clinit>:70]: Loaded config for es_x_nml
[318月2026 15:31:57.769] [modloading-worker-0/INFO] [STDOUT/]: [com.teamtea.eclipticseasons.compat.eclipticseasons_bundles.General:<clinit>:70]: Loaded config for es_dp_x_concoction
[318月2026 15:31:57.770] [modloading-worker-0/INFO] [STDOUT/]: [com.teamtea.eclipticseasons.compat.eclipticseasons_bundles.General:<clinit>:70]: Loaded config for es_x_ru
[318月2026 15:31:57.771] [modloading-worker-0/INFO] [STDOUT/]: [com.teamtea.eclipticseasons.compat.eclipticseasons_bundles.General:<clinit>:70]: Loaded config for es_x_letsdo
[318月2026 15:31:57.773] [modloading-worker-0/INFO] [STDOUT/]: [com.teamtea.eclipticseasons.compat.eclipticseasons_bundles.General:<clinit>:70]: Loaded config for es_dp_x_forestry
[318月2026 15:31:57.775] [modloading-worker-0/INFO] [STDOUT/]: [com.teamtea.eclipticseasons.compat.eclipticseasons_bundles.General:<clinit>:70]: Loaded config for es_x_bwg
[318月2026 15:31:57.775] [modloading-worker-0/INFO] [net.potionstudios.biomeswevegone.BiomesWeveGone/]: Registering Oh The Biomes We've Gone items
[318月2026 15:31:57.874] [modloading-worker-0/INFO] [xaero.map.WorldMap/]: Registering common data for channel xaeroworldmap:main!
[318月2026 15:31:57.937] [modloading-worker-0/WARN] [Supplementaries/]: Dye color white produced diffuse color -1 (white), this should never happen
[318月2026 15:31:57.947] [modloading-worker-0/INFO] [Railways/]: Steam 'n' Rails v1.6.13-alpha initializing! Commit hash: dev on Create version: 6.0.10 on platform: Neoforge
[318月2026 15:31:57.960] [modloading-worker-0/INFO] [ModernUI-MC/UIManager]: UI manager initialized
[318月2026 15:31:57.998] [modloading-worker-0/INFO] [xaero.map.WorldMap/]: Registering client data for channel xaeroworldmap:main!
[318月2026 15:31:58.118] [modloading-worker-0/INFO] [xaero.map.WorldMap/]: Loading primary common config for channel xaeroworldmap:main!
[318月2026 15:31:58.125] [modloading-worker-0/INFO] [net.potionstudios.biomeswevegone.BiomesWeveGone/]: Registering Oh The Biomes We've Gone Blocks
[318月2026 15:31:58.127] [modloading-worker-0/INFO] [xaero.map.WorldMap/]: Loading server config profiles for channel xaeroworldmap:main!
[318月2026 15:31:58.134] [modloading-worker-0/INFO] [xaero.map.WorldMap/]: Loading primary client config for channel xaeroworldmap:main!
[318月2026 15:31:58.136] [modloading-worker-0/INFO] [xaero.map.WorldMap/]: Loading client config profiles for channel xaeroworldmap:main!
[318月2026 15:31:58.139] [modloading-worker-0/INFO] [xaero.common.HudMod/]: Registering common data for channel xaerominimap:main!
[318月2026 15:31:58.156] [modloading-worker-0/WARN] [mixin/]: @Inject(@At("INVOKE")) Shift.BY=2 on create_connected.mixins.json:sequencedgearshift.SequencedGearshiftScreenMixin from mod create_connected::handler$hho000$create_connected$updateParamsOfRow exceeds the maximum allowed value: 0. Increase the value of maxShiftBy to suppress this warning.
[318月2026 15:31:58.205] [modloading-worker-0/INFO] [com.sange.resourcederivator.ResourceDerivator/]: Paxi is loaded; generating 1 Paxi global resource-pack definition(s) before Paxi discovery
[318月2026 15:31:58.213] [modloading-worker-0/INFO] [com.sange.resourcederivator.ResourceDerivator/]: Skipping alacrity-nature-only.toml because output resource pack E:\Program Files\Earth2 Reborn\.minecraft\versions\Earth2 Reborn\config\paxi\resourcepacks\Alacrity Nature Only.zip already exists
[318月2026 15:31:58.216] [modloading-worker-0/INFO] [net.potionstudios.biomeswevegone.BiomesWeveGone/]: Registering Oh The Biomes We've Gone Wood
[318月2026 15:31:58.221] [modloading-worker-0/INFO] [net.potionstudios.biomeswevegone.BiomesWeveGone/]: Registering Oh The Biomes We've Gone Block Entities
[318月2026 15:31:58.222] [modloading-worker-0/INFO] [net.potionstudios.biomeswevegone.BiomesWeveGone/]: Registering Oh The Biomes We've Gone Entities
[318月2026 15:31:58.224] [modloading-worker-0/INFO] [xaero.common.HudMod/]: Registering client data for channel xaerominimap:main!
[318月2026 15:31:58.228] [modloading-worker-0/INFO] [net.potionstudios.biomeswevegone.BiomesWeveGone/]: Registering Oh The Biomes We've Gone Creative Tabs
[318月2026 15:31:58.234] [modloading-worker-0/INFO] [net.potionstudios.biomeswevegone.BiomesWeveGone/]: Registering Oh The Biomes We've Gone Sounds
[318月2026 15:31:58.243] [modloading-worker-0/INFO] [net.potionstudios.biomeswevegone.BiomesWeveGone/]: Registering Oh The Biomes We've Gone Block Predicate
[318月2026 15:31:58.258] [modloading-worker-0/INFO] [net.potionstudios.biomeswevegone.BiomesWeveGone/]: Registering Oh The Biomes We've Gone State Providers
[318月2026 15:31:58.270] [modloading-worker-0/INFO] [net.potionstudios.biomeswevegone.BiomesWeveGone/]: Registering Oh The Biomes We've Gone Tree Decorators
[318月2026 15:31:58.306] [modloading-worker-0/INFO] [Colorful Hearts/]: Loading compat for mod appleskin
[318月2026 15:31:58.308] [modloading-worker-0/INFO] [net.potionstudios.biomeswevegone.BiomesWeveGone/]: Registering Oh The Biomes We've Gone Custom Features
[318月2026 15:31:58.314] [modloading-worker-0/INFO] [net.potionstudios.biomeswevegone.BiomesWeveGone/]: Registering Oh The Biomes We've Gone Structure Pieces
[318月2026 15:31:58.318] [modloading-worker-0/INFO] [xaero.common.HudMod/]: Loading primary common config for channel xaerominimap:main!
[318月2026 15:31:58.319] [modloading-worker-0/INFO] [net.potionstudios.biomeswevegone.BiomesWeveGone/]: Registering Oh The Biomes We've Gone Custom Structure Types
[318月2026 15:31:58.319] [modloading-worker-0/INFO] [xaero.common.HudMod/]: Loading server config profiles for channel xaerominimap:main!
[318月2026 15:31:58.321] [modloading-worker-0/INFO] [xaero.common.HudMod/]: Loading primary client config for channel xaerominimap:main!
[318月2026 15:31:58.322] [modloading-worker-0/INFO] [xaero.common.HudMod/]: Loading client config profiles for channel xaerominimap:main!
[318月2026 15:31:58.333] [modloading-worker-0/INFO] [net.potionstudios.biomeswevegone.BiomesWeveGone/]: Registering Oh The Biomes We've Gone Configured Features
[318月2026 15:31:58.374] [modloading-worker-0/INFO] [STDOUT/]: [net.valhelsia.valhelsia_core.api.common.item.tab.neoforge.CreativeTabFactoryImpl:create:15]: TEST
[318月2026 15:31:58.377] [modloading-worker-0/INFO] [STDOUT/]: [net.valhelsia.valhelsia_core.api.common.item.tab.neoforge.CreativeTabFactoryImpl:create:21]: TEST2
[318月2026 15:31:58.398] [modloading-worker-0/INFO] [net.potionstudios.biomeswevegone.BiomesWeveGone/]: Creating and Registering Overworld Vegetation Configured Features
[318月2026 15:31:58.449] [modloading-worker-0/INFO] [Collective/]: Loading Collective version 8.39.
[318月2026 15:31:58.531] [modloading-worker-0/INFO] [com.sange.valhelsiafurniturefix.ValhelsiaFurnitureFix/]: Valhelsia Furniture Fix initialized
[318月2026 15:31:58.571] [modloading-worker-0/INFO] [ModernUI-MC/Init]: Created TextLayoutEngine
[318月2026 15:31:58.576] [modloading-worker-0/INFO] [ModernUI-MC/Init]: Initialized Modern UI text engine
[318月2026 15:31:58.578] [modloading-worker-0/INFO] [ModernUI-MC/Init]: Initialized Modern UI client
[318月2026 15:31:58.612] [modloading-worker-0/INFO] [com.cupboard.Cupboard/]: Loaded config for: cupboard.json
[318月2026 15:31:58.658] [modloading-worker-0/INFO] [net.potionstudios.biomeswevegone.BiomesWeveGone/]: Registering Oh The Biomes We've Gone Tree Configured Features
[318月2026 15:31:58.685] [modloading-worker-0/INFO] [Crawl on Demand/]: Loading Crawl on Demand (NeoForge)
[318月2026 15:31:58.688] [modloading-worker-0/INFO] [net.potionstudios.biomeswevegone.BiomesWeveGone/]: Creating and Registering Vanilla Configured Features
[318月2026 15:31:58.688] [modloading-worker-0/INFO] [Crawl on Demand/]: Crawl on Demand Common initializing
[318月2026 15:31:58.702] [modloading-worker-0/INFO] [Crawl on Demand/]: Initialized Network Handler (NeoForge)
[318月2026 15:31:58.714] [modloading-worker-0/INFO] [net.potionstudios.biomeswevegone.BiomesWeveGone/]: Registering Oh The Biomes You'll Go Overworld Configured Features
[318月2026 15:31:58.739] [modloading-worker-0/INFO] [net.potionstudios.biomeswevegone.BiomesWeveGone/]: Registering Oh The Biomes We've Gone Placed Features
[318月2026 15:31:58.755] [modloading-worker-0/INFO] [CollectorsAlbum/Integrations]: Mod 'curios' is loaded, registering plugin team.tnt.collectorsalbum.integrations.curios.CuriosPlugin@497df2ae
[318月2026 15:31:58.763] [modloading-worker-0/INFO] [net.potionstudios.biomeswevegone.BiomesWeveGone/]: Creating and Registering Overworld Tree Placed Features
[318月2026 15:31:58.807] [modloading-worker-0/INFO] [quark-zeta/]: Discovered 163 modules to load.
[318月2026 15:31:58.810] [modloading-worker-0/WARN] [mixin/]: Discarding @Unique public method rotate in copycats-neoforge.mixins.json:foundation.copycat.multistate.MultiStateCopycatBlockMixin from mod copycats because it already exists in com.copycatsplus.copycats.foundation.copycat.multistate.MultiStateCopycatBlock
[318月2026 15:31:58.810] [modloading-worker-0/WARN] [mixin/]: Discarding @Unique public method mirror in copycats-neoforge.mixins.json:foundation.copycat.multistate.MultiStateCopycatBlockMixin from mod copycats because it already exists in com.copycatsplus.copycats.foundation.copycat.multistate.MultiStateCopycatBlock
[318月2026 15:31:58.810] [modloading-worker-0/WARN] [mixin/]: Discarding @Unique public method useItemOn in copycats-neoforge.mixins.json:foundation.copycat.multistate.MultiStateCopycatBlockMixin from mod copycats because it already exists in com.copycatsplus.copycats.foundation.copycat.multistate.MultiStateCopycatBlock
[318月2026 15:31:58.810] [modloading-worker-0/WARN] [mixin/]: Discarding @Unique public method useWithoutItem in copycats-neoforge.mixins.json:foundation.copycat.multistate.MultiStateCopycatBlockMixin from mod copycats because it already exists in com.copycatsplus.copycats.foundation.copycat.multistate.MultiStateCopycatBlock
[318月2026 15:31:58.825] [modloading-worker-0/WARN] [mixin/]: Discarding @Unique public method rotate in copycats-neoforge.mixins.json:foundation.copycat.CopycatBlockMixin from mod copycats because it already exists in com.copycatsplus.copycats.content.copycat.door.CopycatDoorBlock
[318月2026 15:31:58.825] [modloading-worker-0/WARN] [mixin/]: Discarding @Unique public method mirror in copycats-neoforge.mixins.json:foundation.copycat.CopycatBlockMixin from mod copycats because it already exists in com.copycatsplus.copycats.content.copycat.door.CopycatDoorBlock
[318月2026 15:31:58.825] [modloading-worker-0/WARN] [mixin/]: Discarding @Unique public method useItemOn in copycats-neoforge.mixins.json:foundation.copycat.CopycatBlockMixin from mod copycats because it already exists in com.copycatsplus.copycats.content.copycat.door.CopycatDoorBlock
[318月2026 15:31:58.825] [modloading-worker-0/WARN] [mixin/]: Discarding @Unique public method useWithoutItem in copycats-neoforge.mixins.json:foundation.copycat.CopycatBlockMixin from mod copycats because it already exists in com.copycatsplus.copycats.content.copycat.door.CopycatDoorBlock
[318月2026 15:31:58.828] [modloading-worker-0/WARN] [mixin/]: Discarding @Unique public method rotate in copycats-neoforge.mixins.json:foundation.copycat.CopycatBlockMixin from mod copycats because it already exists in com.copycatsplus.copycats.content.copycat.fluid_pipe.CopycatGlassFluidPipeBlock
[318月2026 15:31:58.829] [modloading-worker-0/WARN] [mixin/]: Discarding @Unique public method mirror in copycats-neoforge.mixins.json:foundation.copycat.CopycatBlockMixin from mod copycats because it already exists in com.copycatsplus.copycats.content.copycat.fluid_pipe.CopycatGlassFluidPipeBlock
[318月2026 15:31:58.829] [modloading-worker-0/WARN] [mixin/]: Discarding @Unique public method useItemOn in copycats-neoforge.mixins.json:foundation.copycat.CopycatBlockMixin from mod copycats because it already exists in com.copycatsplus.copycats.content.copycat.fluid_pipe.CopycatGlassFluidPipeBlock
[318月2026 15:31:58.829] [modloading-worker-0/WARN] [mixin/]: Discarding @Unique public method useWithoutItem in copycats-neoforge.mixins.json:foundation.copycat.CopycatBlockMixin from mod copycats because it already exists in com.copycatsplus.copycats.content.copycat.fluid_pipe.CopycatGlassFluidPipeBlock
[318月2026 15:31:58.830] [modloading-worker-0/INFO] [xaero.lib.XaeroLib/]: Registering common data for channel xaerolib:main!
[318月2026 15:31:58.830] [modloading-worker-0/INFO] [net.potionstudios.biomeswevegone.BiomesWeveGone/]: Creating and Registering Overworld Vegetation Placed Features
[318月2026 15:31:58.833] [modloading-worker-0/WARN] [mixin/]: Discarding @Unique public method rotate in copycats-neoforge.mixins.json:foundation.copycat.CopycatBlockMixin from mod copycats because it already exists in com.copycatsplus.copycats.content.copycat.sliding_door.CopycatSlidingDoorBlock
[318月2026 15:31:58.833] [modloading-worker-0/WARN] [mixin/]: Discarding @Unique public method mirror in copycats-neoforge.mixins.json:foundation.copycat.CopycatBlockMixin from mod copycats because it already exists in com.copycatsplus.copycats.content.copycat.sliding_door.CopycatSlidingDoorBlock
[318月2026 15:31:58.833] [modloading-worker-0/WARN] [mixin/]: Discarding @Unique public method useItemOn in copycats-neoforge.mixins.json:foundation.copycat.CopycatBlockMixin from mod copycats because it already exists in com.copycatsplus.copycats.content.copycat.sliding_door.CopycatSlidingDoorBlock
[318月2026 15:31:58.833] [modloading-worker-0/WARN] [mixin/]: Discarding @Unique public method useWithoutItem in copycats-neoforge.mixins.json:foundation.copycat.CopycatBlockMixin from mod copycats because it already exists in com.copycatsplus.copycats.content.copycat.sliding_door.CopycatSlidingDoorBlock
[318月2026 15:31:58.835] [modloading-worker-0/INFO] [net.potionstudios.biomeswevegone.BiomesWeveGone/]: Creating and Registering Vanilla Placed Features
[318月2026 15:31:58.837] [modloading-worker-0/INFO] [xaero.lib.XaeroLib/]: Registering client data for channel xaerolib:main!
[318月2026 15:31:58.837] [modloading-worker-0/INFO] [net.potionstudios.biomeswevegone.BiomesWeveGone/]: Registering Oh The Biomes We've Gone Custom Surface Rules
[318月2026 15:31:58.841] [modloading-worker-0/INFO] [xaero.lib.XaeroLib/]: Loading primary common config for channel xaerolib:main!
[318月2026 15:31:58.848] [modloading-worker-0/INFO] [xaero.lib.XaeroLib/]: Loading server config profiles for channel xaerolib:main!
[318月2026 15:31:58.850] [modloading-worker-0/INFO] [xaero.lib.XaeroLib/]: Loading primary client config for channel xaerolib:main!
[318月2026 15:31:58.851] [modloading-worker-0/INFO] [xaero.lib.XaeroLib/]: Loading client config profiles for channel xaerolib:main!
[318月2026 15:31:58.898] [modloading-worker-0/WARN] [mixin/]: Discarding @Unique public method rotate in copycats-neoforge.mixins.json:foundation.copycat.CopycatBlockMixin from mod copycats because it already exists in com.copycatsplus.copycats.foundation.copycat.CCCopycatBlock
[318月2026 15:31:58.898] [modloading-worker-0/WARN] [mixin/]: Discarding @Unique public method mirror in copycats-neoforge.mixins.json:foundation.copycat.CopycatBlockMixin from mod copycats because it already exists in com.copycatsplus.copycats.foundation.copycat.CCCopycatBlock
[318月2026 15:31:58.898] [modloading-worker-0/WARN] [mixin/]: Discarding @Unique public method useItemOn in copycats-neoforge.mixins.json:foundation.copycat.CopycatBlockMixin from mod copycats because it already exists in com.copycatsplus.copycats.foundation.copycat.CCCopycatBlock
[318月2026 15:31:58.898] [modloading-worker-0/WARN] [mixin/]: Discarding @Unique public method useWithoutItem in copycats-neoforge.mixins.json:foundation.copycat.CopycatBlockMixin from mod copycats because it already exists in com.copycatsplus.copycats.foundation.copycat.CCCopycatBlock
[318月2026 15:31:58.904] [modloading-worker-0/INFO] [KubeJS/]: Loading vanilla registries...
[318月2026 15:31:58.935] [modloading-worker-0/INFO] [KubeJS/]: Looking for KubeJS plugins...
[318月2026 15:31:58.943] [modloading-worker-0/INFO] [net.potionstudios.biomeswevegone.BiomesWeveGone/]: Registering Oh The Biomes We've Gone Template Pools
[318月2026 15:31:58.948] [modloading-worker-0/INFO] [KubeJS/]: Found plugin source kubejs
[318月2026 15:31:58.983] [modloading-worker-0/INFO] [KubeJS/]: Found plugin source createdieselgenerators
[318月2026 15:31:59.024] [modloading-worker-0/WARN] [mixin/]: Discarding @Unique public method rotate in copycats-neoforge.mixins.json:foundation.copycat.CopycatBlockMixin from mod copycats because it already exists in com.copycatsplus.copycats.content.copycat.button.CopycatButtonBlock
[318月2026 15:31:59.024] [modloading-worker-0/WARN] [mixin/]: Discarding @Unique public method mirror in copycats-neoforge.mixins.json:foundation.copycat.CopycatBlockMixin from mod copycats because it already exists in com.copycatsplus.copycats.content.copycat.button.CopycatButtonBlock
[318月2026 15:31:59.024] [modloading-worker-0/WARN] [mixin/]: Discarding @Unique public method useItemOn in copycats-neoforge.mixins.json:foundation.copycat.CopycatBlockMixin from mod copycats because it already exists in com.copycatsplus.copycats.content.copycat.button.CopycatButtonBlock
[318月2026 15:31:59.024] [modloading-worker-0/WARN] [mixin/]: Discarding @Unique public method useWithoutItem in copycats-neoforge.mixins.json:foundation.copycat.CopycatBlockMixin from mod copycats because it already exists in com.copycatsplus.copycats.content.copycat.button.CopycatButtonBlock
[318月2026 15:31:59.026] [modloading-worker-0/INFO] [net.potionstudios.biomeswevegone.BiomesWeveGone/]: Registering Oh The Biome's We've Gone Village Template Pools
[318月2026 15:31:59.035] [modloading-worker-0/INFO] [net.potionstudios.biomeswevegone.BiomesWeveGone/]: Registering Oh The Biomes We've Gone Poi Types
[318月2026 15:31:59.039] [modloading-worker-0/INFO] [touhou_little_maid/]: common default pack init start...
[318月2026 15:31:59.039] [modloading-worker-0/INFO] [net.potionstudios.biomeswevegone.BiomesWeveGone/]: Registering Oh The Biomes We've Gone Villager Professions
[318月2026 15:31:59.044] [modloading-worker-0/INFO] [net.potionstudios.biomeswevegone.BiomesWeveGone/]: Registering Oh The Biomes We've Gone Custom Structure Processors
[318月2026 15:31:59.047] [modloading-worker-0/INFO] [net.potionstudios.biomeswevegone.BiomesWeveGone/]: Registering Oh The Biomes We've Gone villager types
[318月2026 15:31:59.056] [modloading-worker-0/INFO] [net.potionstudios.biomeswevegone.BiomesWeveGone/]: Registering Oh The Biomes We've Gone Schedules
[318月2026 15:31:59.060] [modloading-worker-0/INFO] [net.potionstudios.biomeswevegone.BiomesWeveGone/]: Registering Oh The Biomes We've Gone Memory Module Types
[318月2026 15:31:59.061] [modloading-worker-0/INFO] [KubeJS/]: Found plugin source exposure
[318月2026 15:31:59.064] [modloading-worker-0/INFO] [KubeJS/]: Found plugin source ldlib2
[318月2026 15:31:59.067] [modloading-worker-0/INFO] [net.potionstudios.biomeswevegone.BiomesWeveGone/]: Registering Oh The Biomes We've Gone Sensor Types
[318月2026 15:31:59.069] [modloading-worker-0/INFO] [KubeJS/]: Found plugin source createoreexcavation
[318月2026 15:31:59.073] [modloading-worker-0/INFO] [KubeJS/]: Found plugin source eclipticseasons
[318月2026 15:31:59.073] [modloading-worker-0/INFO] [net.potionstudios.biomeswevegone.BiomesWeveGone/]: Registering Oh The Biomes We've Gone Map Decoration Types
[318月2026 15:31:59.077] [modloading-worker-0/INFO] [KubeJS/]: Found plugin source touhou_little_maid
[318月2026 15:31:59.080] [modloading-worker-0/WARN] [mixin/]: Discarding @Unique public method rotate in copycats-neoforge.mixins.json:foundation.copycat.CopycatBlockMixin from mod copycats because it already exists in com.copycatsplus.copycats.content.copycat.fence.CopycatFenceBlock
[318月2026 15:31:59.080] [modloading-worker-0/WARN] [mixin/]: Discarding @Unique public method mirror in copycats-neoforge.mixins.json:foundation.copycat.CopycatBlockMixin from mod copycats because it already exists in com.copycatsplus.copycats.content.copycat.fence.CopycatFenceBlock
[318月2026 15:31:59.080] [modloading-worker-0/WARN] [mixin/]: Discarding @Unique public method useItemOn in copycats-neoforge.mixins.json:foundation.copycat.CopycatBlockMixin from mod copycats because it already exists in com.copycatsplus.copycats.content.copycat.fence.CopycatFenceBlock
[318月2026 15:31:59.080] [modloading-worker-0/WARN] [mixin/]: Discarding @Unique public method useWithoutItem in copycats-neoforge.mixins.json:foundation.copycat.CopycatBlockMixin from mod copycats because it already exists in com.copycatsplus.copycats.content.copycat.fence.CopycatFenceBlock
[318月2026 15:31:59.084] [modloading-worker-0/INFO] [KubeJS/]: Found plugin source pasterdream
[318月2026 15:31:59.086] [modloading-worker-0/INFO] [KubeJS/]: Found plugin source lootjs
[318月2026 15:31:59.089] [modloading-worker-0/INFO] [net.potionstudios.biomeswevegone.BiomesWeveGone/]: Registering Oh The Biomes We've Gone Entity SubPredicates
[318月2026 15:31:59.090] [UI thread/INFO] [ModernUI-MC/UIManager]: UI thread initialized in 1168ms
[318月2026 15:31:59.091] [modloading-worker-0/INFO] [KubeJS/]: Found plugin source tacz
[318月2026 15:31:59.093] [modloading-worker-0/INFO] [KubeJS/]: Found plugin source kubejs_create
[318月2026 15:31:59.099] [modloading-worker-0/INFO] [KubeJS/]: Found plugin source createpropulsion
[318月2026 15:31:59.100] [modloading-worker-0/INFO] [KubeJS/]: Found plugin source kaleidoscope_cookery
[318月2026 15:31:59.102] [modloading-worker-0/INFO] [Configuration/FileWatching]: Registered collectorsalbum config for auto-sync function
[318月2026 15:31:59.104] [modloading-worker-0/INFO] [KubeJS/]: Done in 167.2 ms
[318月2026 15:31:59.106] [modloading-worker-0/WARN] [mixin/]: Discarding @Unique public method rotate in copycats-neoforge.mixins.json:foundation.copycat.CopycatBlockMixin from mod copycats because it already exists in com.copycatsplus.copycats.content.copycat.fence_gate.CopycatFenceGateBlock
[318月2026 15:31:59.106] [modloading-worker-0/WARN] [mixin/]: Discarding @Unique public method mirror in copycats-neoforge.mixins.json:foundation.copycat.CopycatBlockMixin from mod copycats because it already exists in com.copycatsplus.copycats.content.copycat.fence_gate.CopycatFenceGateBlock
[318月2026 15:31:59.106] [modloading-worker-0/WARN] [mixin/]: Discarding @Unique public method useItemOn in copycats-neoforge.mixins.json:foundation.copycat.CopycatBlockMixin from mod copycats because it already exists in com.copycatsplus.copycats.content.copycat.fence_gate.CopycatFenceGateBlock
[318月2026 15:31:59.106] [modloading-worker-0/WARN] [mixin/]: Discarding @Unique public method useWithoutItem in copycats-neoforge.mixins.json:foundation.copycat.CopycatBlockMixin from mod copycats because it already exists in com.copycatsplus.copycats.content.copycat.fence_gate.CopycatFenceGateBlock
[318月2026 15:31:59.179] [modloading-worker-0/INFO] [com.pasterdream.pasterdreammod.PasterDreamMod/]: [PasterDream] KubeJS 插件已初始化
[318月2026 15:31:59.208] [modloading-worker-0/WARN] [mixin/]: Discarding @Unique public method rotate in copycats-neoforge.mixins.json:foundation.copycat.CopycatBlockMixin from mod copycats because it already exists in com.copycatsplus.copycats.content.copycat.ladder.CopycatLadderBlock
[318月2026 15:31:59.208] [modloading-worker-0/WARN] [mixin/]: Discarding @Unique public method mirror in copycats-neoforge.mixins.json:foundation.copycat.CopycatBlockMixin from mod copycats because it already exists in com.copycatsplus.copycats.content.copycat.ladder.CopycatLadderBlock
[318月2026 15:31:59.208] [modloading-worker-0/WARN] [mixin/]: Discarding @Unique public method useItemOn in copycats-neoforge.mixins.json:foundation.copycat.CopycatBlockMixin from mod copycats because it already exists in com.copycatsplus.copycats.content.copycat.ladder.CopycatLadderBlock
[318月2026 15:31:59.208] [modloading-worker-0/WARN] [mixin/]: Discarding @Unique public method useWithoutItem in copycats-neoforge.mixins.json:foundation.copycat.CopycatBlockMixin from mod copycats because it already exists in com.copycatsplus.copycats.content.copycat.ladder.CopycatLadderBlock
[318月2026 15:31:59.246] [modloading-worker-0/WARN] [mixin/]: Discarding @Unique public method rotate in copycats-neoforge.mixins.json:foundation.copycat.CopycatBlockMixin from mod copycats because it already exists in com.copycatsplus.copycats.content.copycat.pressure_plate.CopycatPressurePlateBlock
[318月2026 15:31:59.246] [modloading-worker-0/WARN] [mixin/]: Discarding @Unique public method mirror in copycats-neoforge.mixins.json:foundation.copycat.CopycatBlockMixin from mod copycats because it already exists in com.copycatsplus.copycats.content.copycat.pressure_plate.CopycatPressurePlateBlock
[318月2026 15:31:59.246] [modloading-worker-0/WARN] [mixin/]: Discarding @Unique public method useItemOn in copycats-neoforge.mixins.json:foundation.copycat.CopycatBlockMixin from mod copycats because it already exists in com.copycatsplus.copycats.content.copycat.pressure_plate.CopycatPressurePlateBlock
[318月2026 15:31:59.246] [modloading-worker-0/WARN] [mixin/]: Discarding @Unique public method useWithoutItem in copycats-neoforge.mixins.json:foundation.copycat.CopycatBlockMixin from mod copycats because it already exists in com.copycatsplus.copycats.content.copycat.pressure_plate.CopycatPressurePlateBlock
[318月2026 15:31:59.267] [modloading-worker-0/WARN] [mixin/]: Discarding @Unique public method useItemOn in copycats-common.mixins.json:copycat.step.CopycatStepBlockMixin from mod copycats because it already exists in com.simibubi.create.content.decoration.copycat.CopycatStepBlock
[318月2026 15:31:59.274] [modloading-worker-0/WARN] [mixin/]: Discarding @Unique public method rotate in copycats-neoforge.mixins.json:foundation.copycat.CopycatBlockMixin from mod copycats because it already exists in com.copycatsplus.copycats.content.copycat.pressure_plate.CopycatWeightedPressurePlate
[318月2026 15:31:59.274] [modloading-worker-0/WARN] [mixin/]: Discarding @Unique public method mirror in copycats-neoforge.mixins.json:foundation.copycat.CopycatBlockMixin from mod copycats because it already exists in com.copycatsplus.copycats.content.copycat.pressure_plate.CopycatWeightedPressurePlate
[318月2026 15:31:59.274] [modloading-worker-0/WARN] [mixin/]: Discarding @Unique public method useItemOn in copycats-neoforge.mixins.json:foundation.copycat.CopycatBlockMixin from mod copycats because it already exists in com.copycatsplus.copycats.content.copycat.pressure_plate.CopycatWeightedPressurePlate
[318月2026 15:31:59.274] [modloading-worker-0/WARN] [mixin/]: Discarding @Unique public method useWithoutItem in copycats-neoforge.mixins.json:foundation.copycat.CopycatBlockMixin from mod copycats because it already exists in com.copycatsplus.copycats.content.copycat.pressure_plate.CopycatWeightedPressurePlate
[318月2026 15:31:59.281] [modloading-worker-0/WARN] [mixin/]: Discarding @Unique public method onLoad in copycats-common.mixins.json:foundation.copycat.CopycatBlockEntityMixin from mod copycats because it already exists in com.simibubi.create.content.decoration.copycat.CopycatBlockEntity
[318月2026 15:31:59.292] [modloading-worker-0/WARN] [mixin/]: Discarding @Unique public method useItemOn in copycats-common.mixins.json:copycat.panel.CopycatPanelBlockMixin from mod copycats because it already exists in com.simibubi.create.content.decoration.copycat.CopycatPanelBlock
[318月2026 15:31:59.292] [modloading-worker-0/WARN] [mixin/]: Discarding @Unique public method mirror in copycats-common.mixins.json:copycat.panel.CopycatPanelBlockMixin from mod copycats because it already exists in com.simibubi.create.content.decoration.copycat.CopycatPanelBlock
[318月2026 15:31:59.292] [modloading-worker-0/WARN] [mixin/]: Discarding @Unique public method rotate in copycats-common.mixins.json:copycat.panel.CopycatPanelBlockMixin from mod copycats because it already exists in com.simibubi.create.content.decoration.copycat.CopycatPanelBlock
[318月2026 15:31:59.319] [modloading-worker-0/WARN] [mixin/]: Discarding @Unique public method rotate in copycats-neoforge.mixins.json:foundation.copycat.CopycatBlockMixin from mod copycats because it already exists in com.copycatsplus.copycats.content.copycat.stairs.CopycatStairsBlock
[318月2026 15:31:59.319] [modloading-worker-0/WARN] [mixin/]: Discarding @Unique public method mirror in copycats-neoforge.mixins.json:foundation.copycat.CopycatBlockMixin from mod copycats because it already exists in com.copycatsplus.copycats.content.copycat.stairs.CopycatStairsBlock
[318月2026 15:31:59.319] [modloading-worker-0/WARN] [mixin/]: Discarding @Unique public method useItemOn in copycats-neoforge.mixins.json:foundation.copycat.CopycatBlockMixin from mod copycats because it already exists in com.copycatsplus.copycats.content.copycat.stairs.CopycatStairsBlock
[318月2026 15:31:59.319] [modloading-worker-0/WARN] [mixin/]: Discarding @Unique public method useWithoutItem in copycats-neoforge.mixins.json:foundation.copycat.CopycatBlockMixin from mod copycats because it already exists in com.copycatsplus.copycats.content.copycat.stairs.CopycatStairsBlock
[318月2026 15:31:59.320] [modloading-worker-0/INFO] [thedarkcolour.kotlinforforge.neoforge.test.KotlinForForge/]: Kotlin For Forge Enabled!
[318月2026 15:31:59.340] [modloading-worker-0/INFO] [quark-zeta/]: Constructed 163 modules.
[318月2026 15:31:59.370] [modloading-worker-0/WARN] [mixin/]: Discarding @Unique public method rotate in copycats-neoforge.mixins.json:foundation.copycat.CopycatBlockMixin from mod copycats because it already exists in com.copycatsplus.copycats.content.copycat.trapdoor.CopycatTrapdoorBlock
[318月2026 15:31:59.370] [modloading-worker-0/WARN] [mixin/]: Discarding @Unique public method mirror in copycats-neoforge.mixins.json:foundation.copycat.CopycatBlockMixin from mod copycats because it already exists in com.copycatsplus.copycats.content.copycat.trapdoor.CopycatTrapdoorBlock
[318月2026 15:31:59.370] [modloading-worker-0/WARN] [mixin/]: Discarding @Unique public method useItemOn in copycats-neoforge.mixins.json:foundation.copycat.CopycatBlockMixin from mod copycats because it already exists in com.copycatsplus.copycats.content.copycat.trapdoor.CopycatTrapdoorBlock
[318月2026 15:31:59.370] [modloading-worker-0/WARN] [mixin/]: Discarding @Unique public method useWithoutItem in copycats-neoforge.mixins.json:foundation.copycat.CopycatBlockMixin from mod copycats because it already exists in com.copycatsplus.copycats.content.copycat.trapdoor.CopycatTrapdoorBlock
[318月2026 15:31:59.379] [modloading-worker-0/INFO] [quark-zeta/]: Doing super early config setup for quark
[318月2026 15:31:59.406] [modloading-worker-0/INFO] [dev.nikrecs.swingthroughgrass.SwingThroughGrass/]: SwingThroughGrass initialized
[318月2026 15:31:59.419] [modloading-worker-0/WARN] [mixin/]: Discarding @Unique public method rotate in copycats-neoforge.mixins.json:foundation.copycat.CopycatBlockMixin from mod copycats because it already exists in com.copycatsplus.copycats.content.copycat.wall.CopycatWallBlock
[318月2026 15:31:59.419] [modloading-worker-0/WARN] [mixin/]: Discarding @Unique public method mirror in copycats-neoforge.mixins.json:foundation.copycat.CopycatBlockMixin from mod copycats because it already exists in com.copycatsplus.copycats.content.copycat.wall.CopycatWallBlock
[318月2026 15:31:59.419] [modloading-worker-0/WARN] [mixin/]: Discarding @Unique public method useItemOn in copycats-neoforge.mixins.json:foundation.copycat.CopycatBlockMixin from mod copycats because it already exists in com.copycatsplus.copycats.content.copycat.wall.CopycatWallBlock
[318月2026 15:31:59.419] [modloading-worker-0/WARN] [mixin/]: Discarding @Unique public method useWithoutItem in copycats-neoforge.mixins.json:foundation.copycat.CopycatBlockMixin from mod copycats because it already exists in com.copycatsplus.copycats.content.copycat.wall.CopycatWallBlock
[318月2026 15:31:59.426] [modloading-worker-0/INFO] [com.sange.betterendfix.BetterEndFix/]: BetterEnd Fix initialized
[318月2026 15:31:59.436] [modloading-worker-0/INFO] [net.blay09.mods.balm.neoforge.config.NeoForgeBalmConfig/]: Registering config for waystones:common (COMMON) with 38 properties.
[318月2026 15:31:59.456] [modloading-worker-0/INFO] [CITResewn/]: [citresewn] Registering CIT conditions
[318月2026 15:31:59.491] [modloading-worker-0/WARN] [mixin/]: Discarding @Unique public method rotate in copycats-neoforge.mixins.json:foundation.copycat.CopycatBlockMixin from mod copycats because it already exists in com.copycatsplus.copycats.content.copycat.shaft.CopycatShaftBlock
[318月2026 15:31:59.491] [modloading-worker-0/WARN] [mixin/]: Discarding @Unique public method mirror in copycats-neoforge.mixins.json:foundation.copycat.CopycatBlockMixin from mod copycats because it already exists in com.copycatsplus.copycats.content.copycat.shaft.CopycatShaftBlock
[318月2026 15:31:59.491] [modloading-worker-0/WARN] [mixin/]: Discarding @Unique public method useItemOn in copycats-neoforge.mixins.json:foundation.copycat.CopycatBlockMixin from mod copycats because it already exists in com.copycatsplus.copycats.content.copycat.shaft.CopycatShaftBlock
[318月2026 15:31:59.491] [modloading-worker-0/WARN] [mixin/]: Discarding @Unique public method useWithoutItem in copycats-neoforge.mixins.json:foundation.copycat.CopycatBlockMixin from mod copycats because it already exists in com.copycatsplus.copycats.content.copycat.shaft.CopycatShaftBlock
[318月2026 15:31:59.523] [modloading-worker-0/INFO] [com.happysg.radar.CreateRadar/]: Initializing Create Radar!
[318月2026 15:31:59.528] [modloading-worker-0/WARN] [mixin/]: Discarding @Unique public method rotate in copycats-neoforge.mixins.json:foundation.copycat.multistate.MultiStateCopycatBlockMixin from mod copycats because it already exists in com.copycatsplus.copycats.content.copycat.cogwheel.CopycatCogWheelBlock
[318月2026 15:31:59.528] [modloading-worker-0/WARN] [mixin/]: Discarding @Unique public method mirror in copycats-neoforge.mixins.json:foundation.copycat.multistate.MultiStateCopycatBlockMixin from mod copycats because it already exists in com.copycatsplus.copycats.content.copycat.cogwheel.CopycatCogWheelBlock
[318月2026 15:31:59.528] [modloading-worker-0/WARN] [mixin/]: Discarding @Unique public method useItemOn in copycats-neoforge.mixins.json:foundation.copycat.multistate.MultiStateCopycatBlockMixin from mod copycats because it already exists in com.copycatsplus.copycats.content.copycat.cogwheel.CopycatCogWheelBlock
[318月2026 15:31:59.528] [modloading-worker-0/WARN] [mixin/]: Discarding @Unique public method useWithoutItem in copycats-neoforge.mixins.json:foundation.copycat.multistate.MultiStateCopycatBlockMixin from mod copycats because it already exists in com.copycatsplus.copycats.content.copycat.cogwheel.CopycatCogWheelBlock
[318月2026 15:31:59.550] [modloading-worker-0/INFO] [CITResewn/]: [citresewn] Registering CIT types
[318月2026 15:31:59.563] [modloading-worker-0/WARN] [mixin/]: Discarding @Unique public method rotate in copycats-neoforge.mixins.json:foundation.copycat.CopycatBlockMixin from mod copycats because it already exists in com.copycatsplus.copycats.content.copycat.fluid_pipe.CopycatFluidPipeBlock
[318月2026 15:31:59.563] [modloading-worker-0/WARN] [mixin/]: Discarding @Unique public method mirror in copycats-neoforge.mixins.json:foundation.copycat.CopycatBlockMixin from mod copycats because it already exists in com.copycatsplus.copycats.content.copycat.fluid_pipe.CopycatFluidPipeBlock
[318月2026 15:31:59.563] [modloading-worker-0/WARN] [mixin/]: Discarding @Unique public method useItemOn in copycats-neoforge.mixins.json:foundation.copycat.CopycatBlockMixin from mod copycats because it already exists in com.copycatsplus.copycats.content.copycat.fluid_pipe.CopycatFluidPipeBlock
[318月2026 15:31:59.563] [modloading-worker-0/WARN] [mixin/]: Discarding @Unique public method useWithoutItem in copycats-neoforge.mixins.json:foundation.copycat.CopycatBlockMixin from mod copycats because it already exists in com.copycatsplus.copycats.content.copycat.fluid_pipe.CopycatFluidPipeBlock
[318月2026 15:31:59.570] [modloading-worker-0/INFO] [touhou_little_maid/]: common default pack init finished, cost time: 517.505 ms
[318月2026 15:31:59.576] [modloading-worker-0/INFO] [com.happysg.radar.CreateRadar/]: Registering Items!
[318月2026 15:31:59.599] [modloading-worker-0/WARN] [mixin/]: Discarding @Unique public method rotate in copycats-neoforge.mixins.json:foundation.copycat.CopycatBlockMixin from mod copycats because it already exists in com.copycatsplus.copycats.content.copycat.pane.CopycatPaneBlock
[318月2026 15:31:59.599] [modloading-worker-0/WARN] [mixin/]: Discarding @Unique public method mirror in copycats-neoforge.mixins.json:foundation.copycat.CopycatBlockMixin from mod copycats because it already exists in com.copycatsplus.copycats.content.copycat.pane.CopycatPaneBlock
[318月2026 15:31:59.599] [modloading-worker-0/WARN] [mixin/]: Discarding @Unique public method useItemOn in copycats-neoforge.mixins.json:foundation.copycat.CopycatBlockMixin from mod copycats because it already exists in com.copycatsplus.copycats.content.copycat.pane.CopycatPaneBlock
[318月2026 15:31:59.599] [modloading-worker-0/WARN] [mixin/]: Discarding @Unique public method useWithoutItem in copycats-neoforge.mixins.json:foundation.copycat.CopycatBlockMixin from mod copycats because it already exists in com.copycatsplus.copycats.content.copycat.pane.CopycatPaneBlock
[318月2026 15:31:59.617] [modloading-worker-0/INFO] [eclipticseasons_multimodpatch/]: Found patch from com.teamtea.eclipticseasons_patch.modules.xaeroworldmap.XWM
[318月2026 15:31:59.621] [modloading-worker-0/INFO] [eclipticseasons_multimodpatch/]: Found patch from com.teamtea.eclipticseasons_patch.modules.xaerominimap.XMM
[318月2026 15:31:59.622] [modloading-worker-0/INFO] [eclipticseasons_multimodpatch/]: Found patch from com.teamtea.eclipticseasons_patch.modules.touhou_little_maid.TLM
[318月2026 15:31:59.623] [modloading-worker-0/INFO] [eclipticseasons_multimodpatch/]: Found patch from com.teamtea.eclipticseasons_patch.modules.presencefootsteps.PF
[318月2026 15:31:59.625] [modloading-worker-0/INFO] [eclipticseasons_multimodpatch/]: Found patch from com.teamtea.eclipticseasons_patch.modules.create.CreatePatch
[318月2026 15:31:59.625] [modloading-worker-0/INFO] [jecharacters/]: Good to see you, Snownee
[318月2026 15:31:59.625] [modloading-worker-0/INFO] [jecharacters/]: Good to see you, TartaricAcid
[318月2026 15:31:59.627] [modloading-worker-0/INFO] [eclipticseasons_multimodpatch/]: Found patch from com.teamtea.eclipticseasons_patch.modules.ambientsounds.AS6
[318月2026 15:31:59.653] [modloading-worker-0/INFO] [be.florens.expandability.ExpandAbility/]: ExpandAbility here, who dis?
[318月2026 15:31:59.665] [modloading-worker-0/WARN] [mixin/]: Discarding @Unique public method onLoad in copycats-neoforge.mixins.json:foundation.copycat.CopycatBlockEntityMixin from mod copycats because it already exists in com.copycatsplus.copycats.foundation.copycat.CCCopycatBlockEntity
[318月2026 15:31:59.676] [modloading-worker-0/WARN] [mixin/]: Discarding @Unique public method onLoad in copycats-neoforge.mixins.json:foundation.copycat.multistate.MultiStateCopycatBlockEntityMixin from mod copycats because it already exists in com.copycatsplus.copycats.foundation.copycat.multistate.MultiStateCopycatBlockEntity
[318月2026 15:31:59.695] [modloading-worker-0/WARN] [mixin/]: Discarding @Unique public method onLoad in copycats-neoforge.mixins.json:foundation.copycat.CopycatBlockEntityMixin from mod copycats because it already exists in com.copycatsplus.copycats.content.copycat.shaft.CopycatShaftBlockEntity
[318月2026 15:31:59.704] [modloading-worker-0/WARN] [mixin/]: Discarding @Unique public method onLoad in copycats-neoforge.mixins.json:foundation.copycat.multistate.MultiStateCopycatBlockEntityMixin from mod copycats because it already exists in com.copycatsplus.copycats.content.copycat.cogwheel.CopycatCogWheelBlockEntity
[318月2026 15:31:59.710] [modloading-worker-0/INFO] [PFSolver/]: Presence Footsteps starting
[318月2026 15:31:59.714] [modloading-worker-0/WARN] [mixin/]: Discarding @Unique public method onLoad in copycats-neoforge.mixins.json:foundation.copycat.CopycatBlockEntityMixin from mod copycats because it already exists in com.copycatsplus.copycats.content.copycat.fluid_pipe.CopycatFluidPipeBlockEntity
[318月2026 15:31:59.722] [modloading-worker-0/WARN] [mixin/]: Discarding @Unique public method onLoad in copycats-neoforge.mixins.json:foundation.copycat.CopycatBlockEntityMixin from mod copycats because it already exists in com.copycatsplus.copycats.content.copycat.fluid_pipe.CopycatStraightPipeBlockEntity
[318月2026 15:31:59.722] [modloading-worker-0/INFO] [com.happysg.radar.CreateRadar/]: Registering blocks!
[318月2026 15:31:59.734] [modloading-worker-0/WARN] [mixin/]: Discarding @Unique public method onLoad in copycats-neoforge.mixins.json:foundation.copycat.CopycatBlockEntityMixin from mod copycats because it already exists in com.copycatsplus.copycats.content.copycat.sliding_door.CopycatSlidingDoorBlockEntity
[318月2026 15:31:59.785] [modloading-worker-0/WARN] [io.github.reserveword.imblocker.common.IMBlockerCore/]: [IMBlocker] Class com.enxv.aeronauticsstructuretool.ToolModeScreen not found, ignored.
[318月2026 15:31:59.825] [modloading-worker-0/INFO] [com.happysg.radar.CreateRadar/]: Registering block entity types!
[318月2026 15:31:59.828] [modloading-worker-0/INFO] [io.github.reserveword.imblocker.common.IMBlockerCore/]: [IMBlocker] bakelist screenWhitelist result [class net.minecraft.client.gui.screens.inventory.AbstractSignEditScreen, class net.mehvahdjukaar.supplementaries.client.screens.TextHolderEditScreen, class com.simibubi.create.content.equipment.clipboard.ClipboardScreen, class dev.simulated_team.simulated.content.blocks.nameplate.NameplateScreen, class net.minecraft.client.gui.screens.inventory.BookEditScreen]
[318月2026 15:31:59.835] [modloading-worker-0/INFO] [com.happysg.radar.CreateRadar/]: Registering CreativeTabs!
[318月2026 15:31:59.837] [modloading-worker-0/INFO] [com.happysg.radar.CreateRadar/]: Registering Lang!
[318月2026 15:31:59.838] [modloading-worker-0/INFO] [Configuration/FileWatching]: Registered collectorsalbum-client config for auto-sync function
[318月2026 15:31:59.871] [modloading-worker-0/INFO] [com.happysg.radar.CreateRadar/]: Registering Peripherals!
[318月2026 15:31:59.921] [modloading-worker-0/INFO] [com.simibubi.create.Create/]: Create 6.0.10 initializing! Commit hash: ac0c444d9828da3453ae8cc65338e8de063286fb
[318月2026 15:32:00.265] [Worker-Main-1/INFO] [com.github.sangeeeee.tlm_shogi.TouhouLittleMaidShogi/]: Java Sunfish engine initialized (eval 47124355, book 2881571 bytes)
[318月2026 15:32:00.355] [modloading-worker-0/ERROR] [net_music_list/]: 缓存读取失败：
java.nio.file.NoSuchFileException: E:\Program Files\Earth2 Reborn\.minecraft\versions\Earth2 Reborn\config\netMusicListCache\index.json
	at java.base/sun.nio.fs.WindowsException.translateToIOException(WindowsException.java:85) ~[?:?]
	at java.base/sun.nio.fs.WindowsException.rethrowAsIOException(WindowsException.java:103) ~[?:?]
	at java.base/sun.nio.fs.WindowsException.rethrowAsIOException(WindowsException.java:108) ~[?:?]
	at java.base/sun.nio.fs.WindowsFileSystemProvider.newByteChannel(WindowsFileSystemProvider.java:234) ~[?:?]
	at java.base/java.nio.file.Files.newByteChannel(Files.java:379) ~[?:?]
	at java.base/java.nio.file.Files.newByteChannel(Files.java:431) ~[?:?]
	at java.base/java.nio.file.Files.readAllBytes(Files.java:3268) ~[?:?]
	at java.base/java.nio.file.Files.readString(Files.java:3346) ~[?:?]
	at java.base/java.nio.file.Files.readString(Files.java:3305) ~[?:?]
	at TRANSFORMER/net_music_list@4.3/com.gly091020.netMusicListNeoforge.util.CacheManager.load(CacheManager.java:84) ~[%5B网络音乐机：播放列表%5D%20net_music_list-4.3.jar%23581!/:?]
	at TRANSFORMER/net_music_list@4.3/com.gly091020.netMusicListNeoforge.util.CacheManager.reload(CacheManager.java:108) ~[%5B网络音乐机：播放列表%5D%20net_music_list-4.3.jar%23581!/:?]
	at TRANSFORMER/net_music_list@4.3/com.gly091020.netMusicListNeoforge.util.NetMusicListUtil.reloadConfig(NetMusicListUtil.java:400) ~[%5B网络音乐机：播放列表%5D%20net_music_list-4.3.jar%23581!/:?]
	at TRANSFORMER/net_music_list@4.3/com.gly091020.netMusicListNeoforge.NetMusicList.<init>(NetMusicList.java:106) ~[%5B网络音乐机：播放列表%5D%20net_music_list-4.3.jar%23581!/:?]
	at java.base/jdk.internal.reflect.DirectConstructorHandleAccessor.newInstance(DirectConstructorHandleAccessor.java:62) ~[?:?]
	at java.base/java.lang.reflect.Constructor.newInstanceWithCaller(Constructor.java:502) ~[?:?]
	at java.base/java.lang.reflect.Constructor.newInstance(Constructor.java:486) ~[?:?]
	at MC-BOOTSTRAP/fml_loader@4.0.43/net.neoforged.fml.javafmlmod.FMLModContainer.constructMod(FMLModContainer.java:122) ~[loader-4.0.43.jar%23161!/:4.0]
	at MC-BOOTSTRAP/fml_loader@4.0.43/net.neoforged.fml.ModLoader.lambda$constructMods$3(ModLoader.java:153) ~[loader-4.0.43.jar%23161!/:4.0]
	at MC-BOOTSTRAP/fml_loader@4.0.43/net.neoforged.fml.ModLoader.lambda$dispatchParallelTask$7(ModLoader.java:231) ~[loader-4.0.43.jar%23161!/:4.0]
	at java.base/java.util.concurrent.CompletableFuture.uniHandle(CompletableFuture.java:934) [?:?]
	at java.base/java.util.concurrent.CompletableFuture$UniHandle.tryFire(CompletableFuture.java:911) [?:?]
	at java.base/java.util.concurrent.CompletableFuture$Completion.exec(CompletableFuture.java:483) [?:?]
	at java.base/java.util.concurrent.ForkJoinTask.doExec(ForkJoinTask.java:387) [?:?]
	at java.base/java.util.concurrent.ForkJoinPool$WorkQueue.topLevelExec(ForkJoinPool.java:1310) [?:?]
	at java.base/java.util.concurrent.ForkJoinPool.scan(ForkJoinPool.java:1841) [?:?]
	at java.base/java.util.concurrent.ForkJoinPool.runWorker(ForkJoinPool.java:1806) [?:?]
	at java.base/java.util.concurrent.ForkJoinWorkerThread.run(ForkJoinWorkerThread.java:188) [?:?]
[318月2026 15:32:00.357] [modloading-worker-0/ERROR] [net_music_list/]: 缓存无法创建：
java.nio.file.NoSuchFileException: E:\Program Files\Earth2 Reborn\.minecraft\versions\Earth2 Reborn\config\netMusicListCache\index.json
	at java.base/sun.nio.fs.WindowsException.translateToIOException(WindowsException.java:85) ~[?:?]
	at java.base/sun.nio.fs.WindowsException.rethrowAsIOException(WindowsException.java:103) ~[?:?]
	at java.base/sun.nio.fs.WindowsException.rethrowAsIOException(WindowsException.java:108) ~[?:?]
	at java.base/sun.nio.fs.WindowsFileSystemProvider.newByteChannel(WindowsFileSystemProvider.java:234) ~[?:?]
	at java.base/java.nio.file.spi.FileSystemProvider.newOutputStream(FileSystemProvider.java:482) ~[?:?]
	at java.base/java.nio.file.Files.newOutputStream(Files.java:227) ~[?:?]
	at java.base/java.nio.file.Files.write(Files.java:3492) ~[?:?]
	at java.base/java.nio.file.Files.writeString(Files.java:3714) ~[?:?]
	at java.base/java.nio.file.Files.writeString(Files.java:3654) ~[?:?]
	at TRANSFORMER/net_music_list@4.3/com.gly091020.netMusicListNeoforge.util.CacheManager.firstTimeInit(CacheManager.java:71) ~[%5B网络音乐机：播放列表%5D%20net_music_list-4.3.jar%23581!/:?]
	at TRANSFORMER/net_music_list@4.3/com.gly091020.netMusicListNeoforge.util.CacheManager.load(CacheManager.java:91) ~[%5B网络音乐机：播放列表%5D%20net_music_list-4.3.jar%23581!/:?]
	at TRANSFORMER/net_music_list@4.3/com.gly091020.netMusicListNeoforge.util.CacheManager.reload(CacheManager.java:108) ~[%5B网络音乐机：播放列表%5D%20net_music_list-4.3.jar%23581!/:?]
	at TRANSFORMER/net_music_list@4.3/com.gly091020.netMusicListNeoforge.util.NetMusicListUtil.reloadConfig(NetMusicListUtil.java:400) ~[%5B网络音乐机：播放列表%5D%20net_music_list-4.3.jar%23581!/:?]
	at TRANSFORMER/net_music_list@4.3/com.gly091020.netMusicListNeoforge.NetMusicList.<init>(NetMusicList.java:106) ~[%5B网络音乐机：播放列表%5D%20net_music_list-4.3.jar%23581!/:?]
	at java.base/jdk.internal.reflect.DirectConstructorHandleAccessor.newInstance(DirectConstructorHandleAccessor.java:62) ~[?:?]
	at java.base/java.lang.reflect.Constructor.newInstanceWithCaller(Constructor.java:502) ~[?:?]
	at java.base/java.lang.reflect.Constructor.newInstance(Constructor.java:486) ~[?:?]
	at MC-BOOTSTRAP/fml_loader@4.0.43/net.neoforged.fml.javafmlmod.FMLModContainer.constructMod(FMLModContainer.java:122) ~[loader-4.0.43.jar%23161!/:4.0]
	at MC-BOOTSTRAP/fml_loader@4.0.43/net.neoforged.fml.ModLoader.lambda$constructMods$3(ModLoader.java:153) ~[loader-4.0.43.jar%23161!/:4.0]
	at MC-BOOTSTRAP/fml_loader@4.0.43/net.neoforged.fml.ModLoader.lambda$dispatchParallelTask$7(ModLoader.java:231) ~[loader-4.0.43.jar%23161!/:4.0]
	at java.base/java.util.concurrent.CompletableFuture.uniHandle(CompletableFuture.java:934) [?:?]
	at java.base/java.util.concurrent.CompletableFuture$UniHandle.tryFire(CompletableFuture.java:911) [?:?]
	at java.base/java.util.concurrent.CompletableFuture$Completion.exec(CompletableFuture.java:483) [?:?]
	at java.base/java.util.concurrent.ForkJoinTask.doExec(ForkJoinTask.java:387) [?:?]
	at java.base/java.util.concurrent.ForkJoinPool$WorkQueue.topLevelExec(ForkJoinPool.java:1310) [?:?]
	at java.base/java.util.concurrent.ForkJoinPool.scan(ForkJoinPool.java:1841) [?:?]
	at java.base/java.util.concurrent.ForkJoinPool.runWorker(ForkJoinPool.java:1806) [?:?]
	at java.base/java.util.concurrent.ForkJoinWorkerThread.run(ForkJoinWorkerThread.java:188) [?:?]
[318月2026 15:32:00.381] [modloading-worker-0/ERROR] [net_music_list/]: 缓存读取失败：
java.nio.file.NoSuchFileException: E:\Program Files\Earth2 Reborn\.minecraft\versions\Earth2 Reborn\config\netMusicListCache\index.json
	at java.base/sun.nio.fs.WindowsException.translateToIOException(WindowsException.java:85) ~[?:?]
	at java.base/sun.nio.fs.WindowsException.rethrowAsIOException(WindowsException.java:103) ~[?:?]
	at java.base/sun.nio.fs.WindowsException.rethrowAsIOException(WindowsException.java:108) ~[?:?]
	at java.base/sun.nio.fs.WindowsFileSystemProvider.newByteChannel(WindowsFileSystemProvider.java:234) ~[?:?]
	at java.base/java.nio.file.Files.newByteChannel(Files.java:379) ~[?:?]
	at java.base/java.nio.file.Files.newByteChannel(Files.java:431) ~[?:?]
	at java.base/java.nio.file.Files.readAllBytes(Files.java:3268) ~[?:?]
	at java.base/java.nio.file.Files.readString(Files.java:3346) ~[?:?]
	at java.base/java.nio.file.Files.readString(Files.java:3305) ~[?:?]
	at TRANSFORMER/net_music_list@4.3/com.gly091020.netMusicListNeoforge.util.CacheManager.load(CacheManager.java:84) ~[%5B网络音乐机：播放列表%5D%20net_music_list-4.3.jar%23581!/:?]
	at TRANSFORMER/net_music_list@4.3/com.gly091020.netMusicListNeoforge.NetMusicList.<init>(NetMusicList.java:134) ~[%5B网络音乐机：播放列表%5D%20net_music_list-4.3.jar%23581!/:?]
	at java.base/jdk.internal.reflect.DirectConstructorHandleAccessor.newInstance(DirectConstructorHandleAccessor.java:62) ~[?:?]
	at java.base/java.lang.reflect.Constructor.newInstanceWithCaller(Constructor.java:502) ~[?:?]
	at java.base/java.lang.reflect.Constructor.newInstance(Constructor.java:486) ~[?:?]
	at MC-BOOTSTRAP/fml_loader@4.0.43/net.neoforged.fml.javafmlmod.FMLModContainer.constructMod(FMLModContainer.java:122) ~[loader-4.0.43.jar%23161!/:4.0]
	at MC-BOOTSTRAP/fml_loader@4.0.43/net.neoforged.fml.ModLoader.lambda$constructMods$3(ModLoader.java:153) ~[loader-4.0.43.jar%23161!/:4.0]
	at MC-BOOTSTRAP/fml_loader@4.0.43/net.neoforged.fml.ModLoader.lambda$dispatchParallelTask$7(ModLoader.java:231) ~[loader-4.0.43.jar%23161!/:4.0]
	at java.base/java.util.concurrent.CompletableFuture.uniHandle(CompletableFuture.java:934) [?:?]
	at java.base/java.util.concurrent.CompletableFuture$UniHandle.tryFire(CompletableFuture.java:911) [?:?]
	at java.base/java.util.concurrent.CompletableFuture$Completion.exec(CompletableFuture.java:483) [?:?]
	at java.base/java.util.concurrent.ForkJoinTask.doExec(ForkJoinTask.java:387) [?:?]
	at java.base/java.util.concurrent.ForkJoinPool$WorkQueue.topLevelExec(ForkJoinPool.java:1310) [?:?]
	at java.base/java.util.concurrent.ForkJoinPool.scan(ForkJoinPool.java:1841) [?:?]
	at java.base/java.util.concurrent.ForkJoinPool.runWorker(ForkJoinPool.java:1806) [?:?]
	at java.base/java.util.concurrent.ForkJoinWorkerThread.run(ForkJoinWorkerThread.java:188) [?:?]
[318月2026 15:32:00.387] [modloading-worker-0/ERROR] [net_music_list/]: 缓存无法创建：
java.nio.file.NoSuchFileException: E:\Program Files\Earth2 Reborn\.minecraft\versions\Earth2 Reborn\config\netMusicListCache\index.json
	at java.base/sun.nio.fs.WindowsException.translateToIOException(WindowsException.java:85) ~[?:?]
	at java.base/sun.nio.fs.WindowsException.rethrowAsIOException(WindowsException.java:103) ~[?:?]
	at java.base/sun.nio.fs.WindowsException.rethrowAsIOException(WindowsException.java:108) ~[?:?]
	at java.base/sun.nio.fs.WindowsFileSystemProvider.newByteChannel(WindowsFileSystemProvider.java:234) ~[?:?]
	at java.base/java.nio.file.spi.FileSystemProvider.newOutputStream(FileSystemProvider.java:482) ~[?:?]
	at java.base/java.nio.file.Files.newOutputStream(Files.java:227) ~[?:?]
	at java.base/java.nio.file.Files.write(Files.java:3492) ~[?:?]
	at java.base/java.nio.file.Files.writeString(Files.java:3714) ~[?:?]
	at java.base/java.nio.file.Files.writeString(Files.java:3654) ~[?:?]
	at TRANSFORMER/net_music_list@4.3/com.gly091020.netMusicListNeoforge.util.CacheManager.firstTimeInit(CacheManager.java:71) ~[%5B网络音乐机：播放列表%5D%20net_music_list-4.3.jar%23581!/:?]
	at TRANSFORMER/net_music_list@4.3/com.gly091020.netMusicListNeoforge.util.CacheManager.load(CacheManager.java:91) ~[%5B网络音乐机：播放列表%5D%20net_music_list-4.3.jar%23581!/:?]
	at TRANSFORMER/net_music_list@4.3/com.gly091020.netMusicListNeoforge.NetMusicList.<init>(NetMusicList.java:134) ~[%5B网络音乐机：播放列表%5D%20net_music_list-4.3.jar%23581!/:?]
	at java.base/jdk.internal.reflect.DirectConstructorHandleAccessor.newInstance(DirectConstructorHandleAccessor.java:62) ~[?:?]
	at java.base/java.lang.reflect.Constructor.newInstanceWithCaller(Constructor.java:502) ~[?:?]
	at java.base/java.lang.reflect.Constructor.newInstance(Constructor.java:486) ~[?:?]
	at MC-BOOTSTRAP/fml_loader@4.0.43/net.neoforged.fml.javafmlmod.FMLModContainer.constructMod(FMLModContainer.java:122) ~[loader-4.0.43.jar%23161!/:4.0]
	at MC-BOOTSTRAP/fml_loader@4.0.43/net.neoforged.fml.ModLoader.lambda$constructMods$3(ModLoader.java:153) ~[loader-4.0.43.jar%23161!/:4.0]
	at MC-BOOTSTRAP/fml_loader@4.0.43/net.neoforged.fml.ModLoader.lambda$dispatchParallelTask$7(ModLoader.java:231) ~[loader-4.0.43.jar%23161!/:4.0]
	at java.base/java.util.concurrent.CompletableFuture.uniHandle(CompletableFuture.java:934) [?:?]
	at java.base/java.util.concurrent.CompletableFuture$UniHandle.tryFire(CompletableFuture.java:911) [?:?]
	at java.base/java.util.concurrent.CompletableFuture$Completion.exec(CompletableFuture.java:483) [?:?]
	at java.base/java.util.concurrent.ForkJoinTask.doExec(ForkJoinTask.java:387) [?:?]
	at java.base/java.util.concurrent.ForkJoinPool$WorkQueue.topLevelExec(ForkJoinPool.java:1310) [?:?]
	at java.base/java.util.concurrent.ForkJoinPool.scan(ForkJoinPool.java:1841) [?:?]
	at java.base/java.util.concurrent.ForkJoinPool.runWorker(ForkJoinPool.java:1806) [?:?]
	at java.base/java.util.concurrent.ForkJoinWorkerThread.run(ForkJoinWorkerThread.java:188) [?:?]
[318月2026 15:32:00.436] [modloading-worker-0/INFO] [net_music_list/]: 网络音乐机：更好的体验加载完成
[318月2026 15:32:00.436] [modloading-worker-0/INFO] [net_music_list/]: 再次踏上旅途……
[318月2026 15:32:00.611] [modloading-worker-0/INFO] [Railways/]: Registered bogey styles from railways
[318月2026 15:32:00.896] [modloading-worker-0/INFO] [yuushya/]: Yuushya has been loaded successfully!
[318月2026 15:32:00.945] [modloading-worker-0/INFO] [Railways/]: Registering data fixers
[318月2026 15:32:00.967] [modloading-worker-0/INFO] [Railways/]: Registering tracks for Oh The Biomes You'll Go
[318月2026 15:32:00.994] [modloading-worker-0/INFO] [Railways/]: Registering tracks for Biomes O' Plenty
[318月2026 15:32:00.996] [modloading-worker-0/INFO] [Railways/]: Registering tracks for Quark
[318月2026 15:32:01.255] [modloading-worker-0/INFO] [KubeJS Startup/]: startup_scripts:main.js#2: Hello, World! (Loaded startup example script)
[318月2026 15:32:01.256] [modloading-worker-0/INFO] [KubeJS Startup/]: Loaded script startup_scripts:main.js in 0.038 s
[318月2026 15:32:01.260] [modloading-worker-0/INFO] [KubeJS Startup/]: Loaded 1/1 KubeJS startup scripts in 2.033 s with 0 errors and 0 warnings
[318月2026 15:32:01.344] [modloading-worker-0/INFO] [KubeJS Client/]: client_scripts:main.js#2: Hello, World! (Loaded client example script)
[318月2026 15:32:01.345] [modloading-worker-0/INFO] [KubeJS Client/]: Loaded script client_scripts:main.js in 0.0 s
[318月2026 15:32:01.345] [modloading-worker-0/INFO] [KubeJS Client/]: Loaded 1/1 KubeJS client scripts in 0.032 s with 0 errors and 0 warnings
[318月2026 15:32:01.356] [modloading-worker-0/INFO] [KubeJS Startup/]: Validated 2 files in kubejs/assets/ in 2ms
[318月2026 15:32:01.356] [modloading-worker-0/INFO] [KubeJS Startup/]: Validated 0 files in kubejs/data/ in 0ms
[318月2026 15:32:01.587] [modloading-worker-0/INFO] [Create cobblestone NeoForge/]: Create cobblestone NeoForge initializing on platform: NeoForge
[318月2026 15:32:01.591] [modloading-worker-0/INFO] [Create: Interiors/]: Create: Interiors v0.6.1 initializing! Create version: 6.0.10 on platform: NeoForge
[318月2026 15:32:01.592] [modloading-worker-0/INFO] [com.sange.cesfix.CreateEasyStructuresFix/]: Loading Create: Easy Structures fix
[318月2026 15:32:01.594] [modloading-worker-0/INFO] [Create cobblestone NeoForge/]: Registering blocks for Create cobblestone NeoForge
[318月2026 15:32:01.594] [modloading-worker-0/WARN] [Create cobblestone NeoForge/]: Set generator stress tooltip stress to 8. (config not initialized, this is a common forge problem)
[318月2026 15:32:01.598] [modloading-worker-0/INFO] [Create cobblestone NeoForge/]: Registering blockEntities for Create cobblestone NeoForge
[318月2026 15:32:01.645] [modloading-worker-0/INFO] [dev.ryanhcode.sable.Sable/]: Sable loaded!
[318月2026 15:32:01.666] [modloading-worker-0/WARN] [dev.ryanhcode.sable.Sable/]: NOTE: Sable is loaded with Flywheel. Sable contains extensive shader overrides and a full light-storage replacement. Expect this to cause compatibility issues. If issues arise, please report them to the Sable issue tracker (https://github.com/ryanhcode/sable/issues) instead of the Flywheel issue tracker.
[318月2026 15:32:01.667] [modloading-worker-0/INFO] [dev.mgcode.sablejade.SableJadeMod/]: Loading sablejade
[318月2026 15:32:01.669] [modloading-worker-0/INFO] [com.finkkk.sable_fix.SableFixMod/]: Sable Fix Mod loaded.
[318月2026 15:32:01.669] [modloading-worker-0/INFO] [dev.codex.sablecreateadditioncompat.SableCreateAdditionCompat/]: Sable/Create Addition wire compatibility enabled
[318月2026 15:32:01.675] [modloading-worker-0/INFO] [dev.cnyimin.flyhigher.FlyHigherConfig/]: Fly Higher config loaded: multiplier=1.0, nodes=5
[318月2026 15:32:01.675] [modloading-worker-0/INFO] [dev.cnyimin.flyhigher.FlyHigherConfig/]: Generated datapack at config\flyhigher_datapack\data\flyhigher\dimension_physics
[318月2026 15:32:01.676] [modloading-worker-0/INFO] [com.sablexaeromaps.SableXaeroMaps/]: Sable Sublevels on Xaero's Maps loaded — sub-levels will be drawn onto the minimap and world map
[318月2026 15:32:01.895] [modloading-sync-worker/INFO] [wover-core/]: Processing wover.datapack.registry Entrypoints
[318月2026 15:32:01.895] [modloading-sync-worker/INFO] [wover-core/]:     - Processing Entrypoint: org.betterx.wover.entrypoint.BiomeDatapackRegistryEntrypoint
[318月2026 15:32:01.895] [modloading-sync-worker/INFO] [wover-core/]:     - Processing Entrypoint: org.betterx.wover.entrypoint.FeatureDatapackRegistryEntrypoint
[318月2026 15:32:01.896] [modloading-sync-worker/INFO] [wover-core/]:     - Processing Entrypoint: org.betterx.wover.entrypoint.ItemDatapackRegistryEntrypoint
[318月2026 15:32:01.897] [modloading-sync-worker/INFO] [wover-core/]:     - Processing Entrypoint: org.betterx.wover.entrypoint.PottableDatapackRegistryEntrypoint
[318月2026 15:32:01.899] [modloading-sync-worker/INFO] [wover-core/]:     - Processing Entrypoint: org.betterx.wover.entrypoint.StructureDatapackRegistryEntrypoint
[318月2026 15:32:01.899] [modloading-sync-worker/INFO] [wover-core/]:     - Processing Entrypoint: org.betterx.wover.entrypoint.SurfaceDatapackRegistryEntrypoint
[318月2026 15:32:01.935] [modloading-sync-worker/INFO] [snownee.kiwi.Kiwi/INIT]: Module [passablefoliage:core] initialized
[318月2026 15:32:01.935] [modloading-sync-worker/INFO] [snownee.kiwi.Kiwi/INIT]: Module [passablefoliage:neoforge] initialized
[318月2026 15:32:01.935] [modloading-sync-worker/INFO] [snownee.kiwi.Kiwi/INIT]: 		neoforge:condition_codecs: 1
[318月2026 15:32:01.935] [modloading-sync-worker/INFO] [snownee.kiwi.Kiwi/INIT]: Module [kiwi:data] initialized
[318月2026 15:32:01.935] [modloading-sync-worker/INFO] [snownee.kiwi.Kiwi/INIT]: 		recipe_serializer: 2, neoforge:condition_codecs: 2
[318月2026 15:32:01.935] [modloading-sync-worker/INFO] [snownee.kiwi.Kiwi/INIT]: Module [passablefoliage:enchantment] initialized
[318月2026 15:32:01.935] [modloading-sync-worker/INFO] [snownee.kiwi.Kiwi/INIT]: 		enchantment_effect_component_type: 1
[318月2026 15:32:05.109] [modloading-sync-worker/INFO] [Moonlight/]: Initialized block sets in 24ms
[318月2026 15:32:05.391] [modloading-sync-worker/WARN] [betterend/]: Skip eternal_portal POI registration: Block{betterend:end_portal_block}[axis=x,portal=0] is defined in more than one PoI type
[318月2026 15:32:05.391] [modloading-sync-worker/WARN] [betterend/]: Skip eternal_portal_frame POI registration: Block{betterend:flavolite_runed_eternal}[active=false] is defined in more than one PoI type
[318月2026 15:32:05.618] [modloading-sync-worker/INFO] [Create: Trading Floor/]: Registering Advancements for: Create: Trading Floor
[318月2026 15:32:05.837] [modloading-sync-worker/INFO] [io.github.lightman314.lightmanscurrency.LightmansCurrency/]: CoinsInChestModifier was deserialized!
[318月2026 15:32:05.837] [modloading-sync-worker/INFO] [io.github.lightman314.lightmanscurrency.LightmansCurrency/]: CoinsInChestModifier was deserialized!
[318月2026 15:32:06.290] [modloading-sync-worker/INFO] [com.vladmarica.betterpingdisplay.BetterPingDisplayMod/]: Config loaded!
[318月2026 15:32:06.315] [modloading-sync-worker/INFO] [Colorful Hearts/]: Loading colorfulhearts.toml config file
[318月2026 15:32:06.362] [modloading-sync-worker/INFO] [com.tom.createores.CreateOreExcavation/]: Loaded Create Ore Excavation config file createoreexcavation-common.toml
[318月2026 15:32:06.390] [modloading-sync-worker/INFO] [losttrinkets/]: Gathering Trinkets...
[318月2026 15:32:06.390] [modloading-sync-worker/INFO] [losttrinkets/]: All: 68
[318月2026 15:32:06.390] [modloading-sync-worker/INFO] [losttrinkets/]: Enabled: 68 Disabled: 0
[318月2026 15:32:06.390] [modloading-sync-worker/INFO] [losttrinkets/]: Random: 68 Non-Random: 0
[318月2026 15:32:06.414] [modloading-sync-worker/INFO] [com.sange.cesfix.CreateEasyStructuresFix/]: Loaded generation frequency settings for 16 Create: Easy Structures structure sets
[318月2026 15:32:06.417] [modloading-sync-worker/INFO] [dev.cnyimin.flyhigher.FlyHigherConfig/]: Generated datapack at config\flyhigher_datapack\data\flyhigher\dimension_physics
[318月2026 15:32:06.516] [Render thread/INFO] [Moonlight/]: Merging 2 images using mode MIN_AREA_NO_UPSCALE
[318月2026 15:32:06.577] [Render thread/WARN] [net.minecraft.server.packs.FilePackResources/]: Non [a-z0-9_.-] character in namespace .DS_Store in pack E:\Program Files\Earth2 Reborn\.minecraft\versions\Earth2 Reborn\config\paxi\resourcepacks\xali's enchanted book v1.0.0.zip, ignoring
[318月2026 15:32:06.577] [Render thread/WARN] [net.minecraft.server.packs.FilePackResources/]: Non [a-z0-9_.-] character in namespace .DS_Store in pack E:\Program Files\Earth2 Reborn\.minecraft\versions\Earth2 Reborn\config\paxi\resourcepacks\xali's enchanted book v1.0.0.zip, ignoring
[318月2026 15:32:06.579] [Render thread/WARN] [net.minecraft.server.packs.FilePackResources/]: Non [a-z0-9_.-] character in namespace .DS_Store in pack E:\Program Files\Earth2 Reborn\.minecraft\versions\Earth2 Reborn\config\paxi\resourcepacks\xali's potion v1.2.0.zip, ignoring
[318月2026 15:32:06.579] [Render thread/WARN] [net.minecraft.server.packs.FilePackResources/]: Non [a-z0-9_.-] character in namespace .DS_Store in pack E:\Program Files\Earth2 Reborn\.minecraft\versions\Earth2 Reborn\config\paxi\resourcepacks\xali's potion v1.2.0.zip, ignoring
[318月2026 15:32:06.582] [Render thread/WARN] [net.minecraft.server.packs.FilePackResources/]: Non [a-z0-9_.-] character in namespace .DS_Store in pack E:\Program Files\Earth2 Reborn\.minecraft\versions\Earth2 Reborn\config\paxi\resourcepacks\xali's potion v1.2.0.zip, ignoring
[318月2026 15:32:06.582] [Render thread/WARN] [net.minecraft.server.packs.FilePackResources/]: Non [a-z0-9_.-] character in namespace .DS_Store in pack E:\Program Files\Earth2 Reborn\.minecraft\versions\Earth2 Reborn\config\paxi\resourcepacks\xali's potion v1.2.0.zip, ignoring
[318月2026 15:32:06.602] [Render thread/INFO] [tacz/GunPackFinder]: Start scanning for gun packs in E:\Program Files\Earth2 Reborn\.minecraft\versions\Earth2 Reborn\tacz
[318月2026 15:32:06.603] [Render thread/INFO] [tacz/GunPackFinder]: - tacz_default_gun, Main namespace: tacz
[318月2026 15:32:06.603] [Render thread/INFO] [tacz/GunPackFinder]: Found 1 possible gunpack(s) and added them to resource set.
[318月2026 15:32:06.752] [Render thread/INFO] [Veil/]: GL Debug supported
[318月2026 15:32:06.759] [Render thread/INFO] [com.github.alexthe666.alexsmobs.AlexsMobs/]: loaded in block colorizer
[318月2026 15:32:06.774] [Render thread/INFO] [Sodium/]: Block minecraft:spruce_leaves had its color provider replaced with FoliageColorSource[] and will not use per-vertex coloring
[318月2026 15:32:06.774] [Render thread/INFO] [Sodium/]: Block minecraft:birch_leaves had its color provider replaced with FoliageColorSource[] and will not use per-vertex coloring
[318月2026 15:32:06.774] [Render thread/INFO] [Sodium/]: Block minecraft:mangrove_leaves had its color provider replaced with FoliageColorSource[] and will not use per-vertex coloring
[318月2026 15:32:06.775] [Render thread/INFO] [Sodium/]: Block minecraft:spruce_leaves had its color provider replaced with Impl[content=ColorHolder[block=Block{minecraft:spruce_leaves}, base=-10380959, values=[Lcom.teamtea.eclipticseasons.api.constant.solar.color.leaves.LeaveColor;@69aedd07]] and will not use per-vertex coloring
[318月2026 15:32:06.786] [Render thread/INFO] [Sodium/]: Block sim_copycats:levitite_copycat had its color provider replaced with net.multyfora.simcopycats.BCCopycatBlockColor@6becc4d and will not use per-vertex coloring
[318月2026 15:32:06.786] [Render thread/INFO] [Sodium/]: Block sim_copycats:fragile_copycat had its color provider replaced with net.multyfora.simcopycats.BCCopycatBlockColor@6becc4d and will not use per-vertex coloring
[318月2026 15:32:06.786] [Render thread/INFO] [Sodium/]: Block sim_copycats:super_light_copycat had its color provider replaced with net.multyfora.simcopycats.BCCopycatBlockColor@6becc4d and will not use per-vertex coloring
[318月2026 15:32:06.786] [Render thread/INFO] [Sodium/]: Block sim_copycats:light_copycat had its color provider replaced with net.multyfora.simcopycats.BCCopycatBlockColor@6becc4d and will not use per-vertex coloring
[318月2026 15:32:06.786] [Render thread/INFO] [Sodium/]: Block sim_copycats:normal_copycat had its color provider replaced with net.multyfora.simcopycats.BCCopycatBlockColor@6becc4d and will not use per-vertex coloring
[318月2026 15:32:06.786] [Render thread/INFO] [Sodium/]: Block sim_copycats:heavy_copycat had its color provider replaced with net.multyfora.simcopycats.BCCopycatBlockColor@6becc4d and will not use per-vertex coloring
[318月2026 15:32:06.786] [Render thread/INFO] [Sodium/]: Block sim_copycats:super_heavy_copycat had its color provider replaced with net.multyfora.simcopycats.BCCopycatBlockColor@6becc4d and will not use per-vertex coloring
[318月2026 15:32:06.786] [Render thread/INFO] [Sodium/]: Block sim_copycats:absurdly_heavy_copycat had its color provider replaced with net.multyfora.simcopycats.BCCopycatBlockColor@6becc4d and will not use per-vertex coloring
[318月2026 15:32:06.786] [Render thread/INFO] [Sodium/]: Block sim_copycats:slippery_copycat had its color provider replaced with net.multyfora.simcopycats.BCCopycatBlockColor@6becc4d and will not use per-vertex coloring
[318月2026 15:32:06.786] [Render thread/INFO] [Sodium/]: Block sim_copycats:sticky_copycat had its color provider replaced with net.multyfora.simcopycats.BCCopycatBlockColor@6becc4d and will not use per-vertex coloring
[318月2026 15:32:06.786] [Render thread/INFO] [Sodium/]: Block sim_copycats:bouncy_copycat had its color provider replaced with net.multyfora.simcopycats.BCCopycatBlockColor@6becc4d and will not use per-vertex coloring
[318月2026 15:32:06.786] [Render thread/INFO] [Sodium/]: Block sim_copycats:envelope_copycat had its color provider replaced with net.multyfora.simcopycats.BCCopycatBlockColor@6becc4d and will not use per-vertex coloring
[318月2026 15:32:06.786] [Render thread/INFO] [Sodium/]: Block sim_copycats:weightless_copycat had its color provider replaced with net.multyfora.simcopycats.BCCopycatBlockColor@6becc4d and will not use per-vertex coloring
[318月2026 15:32:06.789] [Render thread/INFO] [com.github.alexthe666.alexsmobs.AlexsMobs/]: loaded in item colorizer
[318月2026 15:32:07.041] [Render thread/INFO] [Iris/]: Hardware information:
[318月2026 15:32:07.041] [Render thread/INFO] [Iris/]: CPU: 24x Intel(R) Core(TM) Ultra 9 275HX
[318月2026 15:32:07.041] [Render thread/INFO] [Iris/]: GPU: NVIDIA GeForce RTX 5080 Laptop GPU/PCIe/SSE2 (Supports OpenGL 4.6.0 NVIDIA 610.47)
[318月2026 15:32:07.042] [Render thread/INFO] [Iris/]: OS: Windows 11 (10.0)
[318月2026 15:32:07.127] [Render thread/INFO] [com.pasterdream.pasterdreammod.PasterDreamMod/]: [PDClientItemExtensions] 发现 3 个已注册玩偶，准备注册物品渲染器
[318月2026 15:32:07.128] [Render thread/INFO] [com.pasterdream.pasterdreammod.PasterDreamMod/]: [PDClientItemExtensions] 注册玩偶显示物品: phantom_daze → DollItemRenderer
[318月2026 15:32:07.128] [Render thread/INFO] [com.pasterdream.pasterdreammod.PasterDreamMod/]: [PDClientItemExtensions] 注册玩偶显示物品: wuyu_doll → DollItemRenderer
[318月2026 15:32:07.128] [Render thread/INFO] [com.pasterdream.pasterdreammod.PasterDreamMod/]: [PDClientItemExtensions] 注册玩偶显示物品: mini_beixu_doll → DollItemRenderer
[318月2026 15:32:07.244] [Render thread/WARN] [mixin/]: Error loading class: net/minecraft/client/gui/components/AbstractScrollArea (java.lang.ClassNotFoundException: net.minecraft.client.gui.components.AbstractScrollArea)
[318月2026 15:32:07.407] [Render thread/ERROR] [net.neoforged.fml.javafmlmod.FMLModContainer/]: Exception caught during firing event: An unexpected critical error was encountered
	Index: 0
	Listeners:
		0: net.neoforged.bus.EventListenerFactory$onRegisterLayers/0x0000014b46820000@4b7f8e3d
org.spongepowered.asm.mixin.transformer.throwables.MixinTransformerError: An unexpected critical error was encountered
	at MC-BOOTSTRAP/org.spongepowered.mixin/org.spongepowered.asm.mixin.transformer.MixinProcessor.applyMixins(MixinProcessor.java:392)
	at MC-BOOTSTRAP/org.spongepowered.mixin/org.spongepowered.asm.mixin.transformer.MixinTransformer.transformClass(MixinTransformer.java:250)
	at MC-BOOTSTRAP/org.spongepowered.mixin/org.spongepowered.asm.service.modlauncher.MixinTransformationHandler.processClass(MixinTransformationHandler.java:131)
	at MC-BOOTSTRAP/org.spongepowered.mixin/org.spongepowered.asm.launch.MixinLaunchPluginLegacy.processClass(MixinLaunchPluginLegacy.java:131)
	at MC-BOOTSTRAP/cpw.mods.modlauncher@11.0.5/cpw.mods.modlauncher.serviceapi.ILaunchPluginService.processClassWithFlags(ILaunchPluginService.java:156)
	at MC-BOOTSTRAP/cpw.mods.modlauncher@11.0.5/cpw.mods.modlauncher.LaunchPluginHandler.offerClassNodeToPlugins(LaunchPluginHandler.java:94)
	at MC-BOOTSTRAP/cpw.mods.modlauncher@11.0.5/cpw.mods.modlauncher.ClassTransformer.transform(ClassTransformer.java:120)
	at MC-BOOTSTRAP/cpw.mods.modlauncher@11.0.5/cpw.mods.modlauncher.TransformingClassLoader.maybeTransformClassBytes(TransformingClassLoader.java:57)
	at cpw.mods.securejarhandler/cpw.mods.cl.ModuleClassLoader.readerToClass(ModuleClassLoader.java:190)
	at cpw.mods.securejarhandler/cpw.mods.cl.ModuleClassLoader.lambda$findClass$20(ModuleClassLoader.java:298)
	at cpw.mods.securejarhandler/cpw.mods.cl.ModuleClassLoader.loadFromModule(ModuleClassLoader.java:311)
	at cpw.mods.securejarhandler/cpw.mods.cl.ModuleClassLoader.findClass(ModuleClassLoader.java:298)
	at cpw.mods.securejarhandler/cpw.mods.cl.ModuleClassLoader.loadClass(ModuleClassLoader.java:214)
	at java.base/java.lang.ClassLoader.loadClass(ClassLoader.java:526)
	at TRANSFORMER/eternal_starlight@0.9.0+1.21.1+neoforge/cn.leolezury.eternalstarlight.common.client.handler.ESClientSetupHandler.registerLayers(ESClientSetupHandler.java:1058)
	at TRANSFORMER/eternal_starlight@0.9.0+1.21.1+neoforge/cn.leolezury.eternalstarlight.neoforge.client.event.ClientSetupEvents.onRegisterLayers(ClientSetupEvents.java:251)
	at MC-BOOTSTRAP/net.neoforged.bus/net.neoforged.bus.EventBus.post(EventBus.java:360)
	at MC-BOOTSTRAP/net.neoforged.bus/net.neoforged.bus.EventBus.post(EventBus.java:342)
	at MC-BOOTSTRAP/fml_loader@4.0.43/net.neoforged.fml.ModContainer.acceptEvent(ModContainer.java:177)
	at MC-BOOTSTRAP/fml_loader@4.0.43/net.neoforged.fml.ModLoader.lambda$postEvent$13(ModLoader.java:358)
	at java.base/java.lang.Iterable.forEach(Iterable.java:75)
	at MC-BOOTSTRAP/fml_loader@4.0.43/net.neoforged.fml.ModList.forEachModInOrder(ModList.java:174)
	at MC-BOOTSTRAP/fml_loader@4.0.43/net.neoforged.fml.ModLoader.postEvent(ModLoader.java:358)
	at TRANSFORMER/neoforge@21.1.248/net.neoforged.neoforge.client.ClientHooks.initClientHooks(ClientHooks.java:1027)
	at TRANSFORMER/minecraft@1.21.1/net.minecraft.client.Minecraft.<init>(Minecraft.java:601)
	at java.base/java.lang.Thread.run(Thread.java:1583)
Caused by: org.spongepowered.asm.mixin.injection.throwables.InjectionError: Critical injection failure: Callback method citresewn$replaceArmorTexture(Lnet/minecraft/world/entity/Entity;Lnet/minecraft/world/item/ItemStack;Lnet/minecraft/world/item/ArmorMaterial$Layer;ZLnet/minecraft/world/entity/EquipmentSlot;Lcom/llamalad7/mixinextras/injector/wrapoperation/Operation;)Lnet/minecraft/resources/ResourceLocation; in citresewn-defaults.mixins.json:types.armor.ArmorFeatureRendererMixin from mod citresewn failed injection check, (0/1) succeeded. Scanned 0 target(s). Using refmap citresewn.refmap.json
	at MC-BOOTSTRAP/org.spongepowered.mixin/org.spongepowered.asm.mixin.injection.struct.InjectionInfo.postInject(InjectionInfo.java:531)
	at TRANSFORMER/mixinextras.neoforge@0.5.3/com.llamalad7.mixinextras.injector.MixinExtrasLateInjectionInfo.latePostInject(MixinExtrasLateInjectionInfo.java:57)
	at TRANSFORMER/mixinextras.neoforge@0.5.3/com.llamalad7.mixinextras.injector.LateInjectionApplicatorExtension.postApply(LateInjectionApplicatorExtension.java:43)
	at MC-BOOTSTRAP/org.spongepowered.mixin/org.spongepowered.asm.mixin.transformer.ext.Extensions.postApply(Extensions.java:167)
	at MC-BOOTSTRAP/org.spongepowered.mixin/org.spongepowered.asm.mixin.transformer.TargetClassContext.postApply(TargetClassContext.java:448)
	at MC-BOOTSTRAP/org.spongepowered.mixin/org.spongepowered.asm.mixin.transformer.TargetClassContext.applyMixins(TargetClassContext.java:420)
	at MC-BOOTSTRAP/org.spongepowered.mixin/org.spongepowered.asm.mixin.transformer.MixinProcessor.applyMixins(MixinProcessor.java:363)
	... 25 more

[318月2026 15:32:07.407] [Render thread/ERROR] [net.neoforged.fml.ModContainer/LOADING]: Caught exception during event net.neoforged.neoforge.client.event.EntityRenderersEvent$RegisterLayerDefinitions@522c4eb3 dispatch for modid eternal_starlight
org.spongepowered.asm.mixin.transformer.throwables.MixinTransformerError: An unexpected critical error was encountered
	at MC-BOOTSTRAP/org.spongepowered.mixin/org.spongepowered.asm.mixin.transformer.MixinProcessor.applyMixins(MixinProcessor.java:392) ~[sponge-mixin-0.15.2+mixin.0.8.7.jar:0.15.2+mixin.0.8.7]
	at MC-BOOTSTRAP/org.spongepowered.mixin/org.spongepowered.asm.mixin.transformer.MixinTransformer.transformClass(MixinTransformer.java:250) ~[sponge-mixin-0.15.2+mixin.0.8.7.jar:0.15.2+mixin.0.8.7]
	at MC-BOOTSTRAP/org.spongepowered.mixin/org.spongepowered.asm.service.modlauncher.MixinTransformationHandler.processClass(MixinTransformationHandler.java:131) ~[sponge-mixin-0.15.2+mixin.0.8.7.jar:0.15.2+mixin.0.8.7]
	at MC-BOOTSTRAP/org.spongepowered.mixin/org.spongepowered.asm.launch.MixinLaunchPluginLegacy.processClass(MixinLaunchPluginLegacy.java:131) ~[sponge-mixin-0.15.2+mixin.0.8.7.jar:0.15.2+mixin.0.8.7]
	at MC-BOOTSTRAP/cpw.mods.modlauncher@11.0.5/cpw.mods.modlauncher.serviceapi.ILaunchPluginService.processClassWithFlags(ILaunchPluginService.java:156) ~[modlauncher-11.0.5.jar:11.0.5+main.901c6ea8]
	at MC-BOOTSTRAP/cpw.mods.modlauncher@11.0.5/cpw.mods.modlauncher.LaunchPluginHandler.offerClassNodeToPlugins(LaunchPluginHandler.java:94) ~[modlauncher-11.0.5.jar:?]
	at MC-BOOTSTRAP/cpw.mods.modlauncher@11.0.5/cpw.mods.modlauncher.ClassTransformer.transform(ClassTransformer.java:120) ~[modlauncher-11.0.5.jar:?]
	at MC-BOOTSTRAP/cpw.mods.modlauncher@11.0.5/cpw.mods.modlauncher.TransformingClassLoader.maybeTransformClassBytes(TransformingClassLoader.java:57) ~[modlauncher-11.0.5.jar:?]
	at cpw.mods.securejarhandler/cpw.mods.cl.ModuleClassLoader.readerToClass(ModuleClassLoader.java:190) ~[securejarhandler-3.0.8.jar:?]
	at cpw.mods.securejarhandler/cpw.mods.cl.ModuleClassLoader.lambda$findClass$20(ModuleClassLoader.java:298) ~[securejarhandler-3.0.8.jar:?]
	at cpw.mods.securejarhandler/cpw.mods.cl.ModuleClassLoader.loadFromModule(ModuleClassLoader.java:311) ~[securejarhandler-3.0.8.jar:?]
	at cpw.mods.securejarhandler/cpw.mods.cl.ModuleClassLoader.findClass(ModuleClassLoader.java:298) ~[securejarhandler-3.0.8.jar:?]
	at cpw.mods.securejarhandler/cpw.mods.cl.ModuleClassLoader.loadClass(ModuleClassLoader.java:214) ~[securejarhandler-3.0.8.jar:?]
	at java.base/java.lang.ClassLoader.loadClass(ClassLoader.java:526) ~[?:?]
	at TRANSFORMER/eternal_starlight@0.9.0+1.21.1+neoforge/cn.leolezury.eternalstarlight.common.client.handler.ESClientSetupHandler.registerLayers(ESClientSetupHandler.java:1058) ~[%5B永恒星光%5D%20eternalstarlight-0.9.0+1.21.1+neoforge.jar%23564!/:?]
	at TRANSFORMER/eternal_starlight@0.9.0+1.21.1+neoforge/cn.leolezury.eternalstarlight.neoforge.client.event.ClientSetupEvents.onRegisterLayers(ClientSetupEvents.java:251) ~[%5B永恒星光%5D%20eternalstarlight-0.9.0+1.21.1+neoforge.jar%23564!/:?]
	at MC-BOOTSTRAP/net.neoforged.bus/net.neoforged.bus.EventBus.post(EventBus.java:360) ~[bus-8.0.5.jar%23164!/:?]
	at MC-BOOTSTRAP/net.neoforged.bus/net.neoforged.bus.EventBus.post(EventBus.java:342) ~[bus-8.0.5.jar%23164!/:?]
	at MC-BOOTSTRAP/fml_loader@4.0.43/net.neoforged.fml.ModContainer.acceptEvent(ModContainer.java:177) ~[loader-4.0.43.jar%23161!/:4.0]
	at MC-BOOTSTRAP/fml_loader@4.0.43/net.neoforged.fml.ModLoader.lambda$postEvent$13(ModLoader.java:358) ~[loader-4.0.43.jar%23161!/:4.0]
	at java.base/java.lang.Iterable.forEach(Iterable.java:75) ~[?:?]
	at MC-BOOTSTRAP/fml_loader@4.0.43/net.neoforged.fml.ModList.forEachModInOrder(ModList.java:174) ~[loader-4.0.43.jar%23161!/:4.0]
	at MC-BOOTSTRAP/fml_loader@4.0.43/net.neoforged.fml.ModLoader.postEvent(ModLoader.java:358) ~[loader-4.0.43.jar%23161!/:4.0]
	at TRANSFORMER/neoforge@21.1.248/net.neoforged.neoforge.client.ClientHooks.initClientHooks(ClientHooks.java:1027) ~[neoforge-21.1.248-universal.jar%23474!/:?]
	at TRANSFORMER/minecraft@1.21.1/net.minecraft.client.Minecraft.<init>(Minecraft.java:601) ~[client-1.21.1-20240808.144430-srg.jar%23473!/:?]
	at java.base/java.lang.Thread.run(Thread.java:1583) [?:?]
Caused by: org.spongepowered.asm.mixin.injection.throwables.InjectionError: Critical injection failure: Callback method citresewn$replaceArmorTexture(Lnet/minecraft/world/entity/Entity;Lnet/minecraft/world/item/ItemStack;Lnet/minecraft/world/item/ArmorMaterial$Layer;ZLnet/minecraft/world/entity/EquipmentSlot;Lcom/llamalad7/mixinextras/injector/wrapoperation/Operation;)Lnet/minecraft/resources/ResourceLocation; in citresewn-defaults.mixins.json:types.armor.ArmorFeatureRendererMixin from mod citresewn failed injection check, (0/1) succeeded. Scanned 0 target(s). Using refmap citresewn.refmap.json
	at MC-BOOTSTRAP/org.spongepowered.mixin/org.spongepowered.asm.mixin.injection.struct.InjectionInfo.postInject(InjectionInfo.java:531) ~[sponge-mixin-0.15.2+mixin.0.8.7.jar%23175!/:0.15.2+mixin.0.8.7]
	at TRANSFORMER/mixinextras.neoforge@0.5.3/com.llamalad7.mixinextras.injector.MixinExtrasLateInjectionInfo.latePostInject(MixinExtrasLateInjectionInfo.java:57) ~[mixinextras-neoforge-0.5.3.jar%231001!/:?]
	at TRANSFORMER/mixinextras.neoforge@0.5.3/com.llamalad7.mixinextras.injector.LateInjectionApplicatorExtension.postApply(LateInjectionApplicatorExtension.java:43) ~[mixinextras-neoforge-0.5.3.jar%231001!/:?]
	at MC-BOOTSTRAP/org.spongepowered.mixin/org.spongepowered.asm.mixin.transformer.ext.Extensions.postApply(Extensions.java:167) ~[sponge-mixin-0.15.2+mixin.0.8.7.jar:0.15.2+mixin.0.8.7]
	at MC-BOOTSTRAP/org.spongepowered.mixin/org.spongepowered.asm.mixin.transformer.TargetClassContext.postApply(TargetClassContext.java:448) ~[sponge-mixin-0.15.2+mixin.0.8.7.jar:0.15.2+mixin.0.8.7]
	at MC-BOOTSTRAP/org.spongepowered.mixin/org.spongepowered.asm.mixin.transformer.TargetClassContext.applyMixins(TargetClassContext.java:420) ~[sponge-mixin-0.15.2+mixin.0.8.7.jar:0.15.2+mixin.0.8.7]
	at MC-BOOTSTRAP/org.spongepowered.mixin/org.spongepowered.asm.mixin.transformer.MixinProcessor.applyMixins(MixinProcessor.java:363) ~[sponge-mixin-0.15.2+mixin.0.8.7.jar:0.15.2+mixin.0.8.7]
	... 25 more
[318月2026 15:32:07.483] [Render thread/FATAL] [net.neoforged.neoforge.common.NeoForgeMod/]: Preparing crash report with UUID 04d44da5-2208-41bd-9130-43971c10a4cb
[318月2026 15:32:07.483] [Render thread/INFO] [STDOUT/]: [net.minecraft.server.Bootstrap:realStdoutPrintln:135]: ---- Minecraft Crash Report ----

// What did you do
Please make sure this issue is not caused by Sable before reporting it to other mod authors.
If you cannot reproduce it without Sable, file a report on the issue tracker
https://github.com/ryanhcode/sable/issues

// Hi. I'm Minecraft, and I'm a crashaholic.

Time: 2026-08-31 15:32:07
Description: Initializing game

net.neoforged.fml.ModLoadingException: Loading errors encountered:
	- Eternal Starlight (eternal_starlight) encountered an error while dispatching the net.neoforged.neoforge.client.event.EntityRenderersEvent$RegisterLayerDefinitions event
	  org.spongepowered.asm.mixin.transformer.throwables.MixinTransformerError: An unexpected critical error was encountered

	at MC-BOOTSTRAP/fml_loader@4.0.43/net.neoforged.fml.ModContainer.acceptEvent(ModContainer.java:181) ~[loader-4.0.43.jar%23161!/:4.0] {re:mixin}
	at MC-BOOTSTRAP/fml_loader@4.0.43/net.neoforged.fml.ModLoader.lambda$postEvent$13(ModLoader.java:358) ~[loader-4.0.43.jar%23161!/:4.0] {re:mixin}
	at java.base/java.lang.Iterable.forEach(Iterable.java:75) ~[?:?] {re:mixin}
	at MC-BOOTSTRAP/fml_loader@4.0.43/net.neoforged.fml.ModList.forEachModInOrder(ModList.java:174) ~[loader-4.0.43.jar%23161!/:4.0] {re:mixin}
	at MC-BOOTSTRAP/fml_loader@4.0.43/net.neoforged.fml.ModLoader.postEvent(ModLoader.java:358) ~[loader-4.0.43.jar%23161!/:4.0] {re:mixin}
	at TRANSFORMER/neoforge@21.1.248/net.neoforged.neoforge.client.ClientHooks.initClientHooks(ClientHooks.java:1027) ~[neoforge-21.1.248-universal.jar%23474!/:?] {re:mixin,re:classloading,pl:mixin:APP:lightspeed.mixins.json:renderer.ClientHooksMixin from mod lightspeed,pl:mixin:APP:sodium-neoforge.mixins.json:platform.neoforge.ClientHooksMixin from mod sodium,pl:mixin:APP:moonlight.mixins.json:ClientHooksMixin from mod moonlight,pl:mixin:APP:iceberg.neoforge.mixins.json:ClientHooksMixin from mod iceberg,pl:mixin:A}
	at TRANSFORMER/minecraft@1.21.1/net.minecraft.client.Minecraft.<init>(Minecraft.java:601) ~[client-1.21.1-20240808.144430-srg.jar%23473!/:?] {re:mixin,pl:accesstransformer:B,pl:runtimedistcleaner:A,re:classloading,pl:accesstransformer:B,pl:mixin:A,pl:runtimedistcleaner:A}
	at java.base/java.lang.Thread.run(Thread.java:1583) [?:?] {re:mixin}


A detailed walkthrough of the error, its code path and all known details is as follows:
---------------------------------------------------------------------------------------

-- Head --
Thread: Render thread
Stacktrace:
	at MC-BOOTSTRAP/fml_loader@4.0.43/net.neoforged.fml.ModContainer.acceptEvent(ModContainer.java:181) ~[loader-4.0.43.jar%23161!/:4.0] {re:mixin}
	at MC-BOOTSTRAP/fml_loader@4.0.43/net.neoforged.fml.ModLoader.lambda$postEvent$13(ModLoader.java:358) ~[loader-4.0.43.jar%23161!/:4.0] {re:mixin}
	at java.base/java.lang.Iterable.forEach(Iterable.java:75) ~[?:?] {re:mixin}
	at MC-BOOTSTRAP/fml_loader@4.0.43/net.neoforged.fml.ModList.forEachModInOrder(ModList.java:174) ~[loader-4.0.43.jar%23161!/:4.0] {re:mixin}
	at MC-BOOTSTRAP/fml_loader@4.0.43/net.neoforged.fml.ModLoader.postEvent(ModLoader.java:358) ~[loader-4.0.43.jar%23161!/:4.0] {re:mixin}
	at TRANSFORMER/neoforge@21.1.248/net.neoforged.neoforge.client.ClientHooks.initClientHooks(ClientHooks.java:1027) ~[neoforge-21.1.248-universal.jar%23474!/:?] {re:mixin,re:classloading,pl:mixin:APP:lightspeed.mixins.json:renderer.ClientHooksMixin from mod lightspeed,pl:mixin:APP:sodium-neoforge.mixins.json:platform.neoforge.ClientHooksMixin from mod sodium,pl:mixin:APP:moonlight.mixins.json:ClientHooksMixin from mod moonlight,pl:mixin:APP:iceberg.neoforge.mixins.json:ClientHooksMixin from mod iceberg,pl:mixin:A}
	at TRANSFORMER/minecraft@1.21.1/net.minecraft.client.Minecraft.<init>(Minecraft.java:601) ~[client-1.21.1-20240808.144430-srg.jar%23473!/:?] {re:mixin,pl:accesstransformer:B,pl:runtimedistcleaner:A,re:classloading,pl:accesstransformer:B,pl:mixin:A,pl:runtimedistcleaner:A}
-- Initialization --
Details:
	Modules: 
		ADVAPI32.dll:高级 Windows 32 基本 API:10.0.26100.8875 (WinBuild.160101.0800):Microsoft Corporation
		ApplicationTargetedFeatureDatabase.dll:ApplicationTargetedFeatureDatabase:10.0.26100.9168 (WinBuild.160101.0800):Microsoft Corporation
		COMCTL32.dll:用户体验控件库:6.10 (WinBuild.160101.0800):Microsoft Corporation
		CRYPT32.dll:加密 API32:10.0.26100.8875 (WinBuild.160101.0800):Microsoft Corporation
		CRYPTBASE.DLL:Base cryptographic API DLL:10.0.26100.8875 (WinBuild.160101.0800):Microsoft Corporation
		CRYPTSP.dll:Cryptographic Service Provider API:10.0.26100.8875 (WinBuild.160101.0800):Microsoft Corporation
		ControlLib.dll:Intel Graphics Control Lib Loader for Intel Graphics:1.2.257:
		CoreMessaging.dll:Microsoft CoreMessaging Dll:10.0.26100.8972 (WinBuild.160101.0800):Microsoft Corporation
		CoreUIComponents.dll:Microsoft Core UI Components Dll:10.0.26100.9168:Microsoft Corporation
		DBGHELP.DLL:Windows Image Helper:10.0.26100.8328 (WinBuild.160101.0800):Microsoft Corporation
		DEVOBJ.dll:Device Information Set DLL:10.0.26100.8972 (WinBuild.160101.0800):Microsoft Corporation
		DNSAPI.dll:DNS 客户端 API DLL:10.0.26100.8972 (WinBuild.160101.0800):Microsoft Corporation
		DSPARSE.dll:Active Directory Domain Services API:10.0.26100.1 (WinBuild.160101.0800):Microsoft Corporation
		GDI32.dll:GDI Client DLL:10.0.26100.8328 (WinBuild.160101.0800):Microsoft Corporation
		GLU32.dll:OpenGL 实用工具库 DLL:10.0.26100.8875 (WinBuild.160101.0800):Microsoft Corporation
		IMM32.DLL:Multi-User Windows IMM32 API Client DLL:10.0.26100.8521 (WinBuild.160101.0800):Microsoft Corporation
		IPHLPAPI.DLL:IP 帮助程序 API:10.0.26100.8875 (WinBuild.160101.0800):Microsoft Corporation
		IntelControlLib.dll:Intel Graphics Control Lib Runtime:1.2.257:
		KERNEL32.DLL:Windows NT 基本 API 客户端 DLL:10.0.26100.8972 (WinBuild.160101.0800):Microsoft Corporation
		KERNELBASE.dll:Windows NT 基本 API 客户端 DLL:10.0.26100.8972 (WinBuild.160101.0800):Microsoft Corporation
		MMDevApi.dll:MMDevice API:10.0.26100.8875 (WinBuild.160101.0800):Microsoft Corporation
		MSCTF.dll:MSCTF 服务器 DLL:10.0.26100.8875 (WinBuild.160101.0800):Microsoft Corporation
		Microsoft.Internal.WarpPal.dll
		MpOav.dll:IOfficeAntiVirus Module:4.18.26070.9 (797b3603749206dfffe67a1cc891531b0a2cf438):Microsoft Corporation
		NSI.dll:NSI User-mode interface DLL:10.0.26100.8875 (WinBuild.160101.0800):Microsoft Corporation
		NTASN1.dll:Microsoft ASN.1 API:10.0.26100.1 (WinBuild.160101.0800):Microsoft Corporation
		NativeExecutor-x64.dll
		NativeExecutor-x64.dll
		NativeExecutor-x64.dll
		NvMemMapStoragex.dll
		NvMessageBus.dll:NVIDIA Message Bus::NVIDIA Corporation
		OLEAUT32.dll:OLEAUT32.DLL:10.0.26100.8972 (WinBuild.160101.0800):Microsoft Corporation
		Oleacc.dll:Active Accessibility Core Component:7.2.26100.8972 (WinBuild.160101.0800):Microsoft Corporation
		OpenAL.dll:Main implementation library:1.23.1:
		POWRPROF.dll:电源配置文件帮助程序 DLL:10.0.26100.8875 (WinBuild.160101.0800):Microsoft Corporation
		PSAPI.DLL:Process Status Helper:10.0.26100.8521 (WinBuild.160101.0800):Microsoft Corporation
		RPCRT4.dll:远程过程调用运行时:10.0.26100.8875 (WinBuild.160101.0800):Microsoft Corporation
		SETUPAPI.dll:Windows 安装程序 API:10.0.26100.8875 (WinBuild.160101.0800):Microsoft Corporation
		SHCORE.dll:SHCORE:10.0.26100.8875 (WinBuild.160101.0800):Microsoft Corporation
		SHELL32.dll:Windows Shell 公用 DLL:10.0.26100.8972 (WinBuild.160101.0800):Microsoft Corporation
		SangforNspX64.dll:TODO: <File description>:7,5,1,1:TODO: <Company name>
		SspiCli.dll:Security Support Provider Interface:10.0.26100.8972 (WinBuild.160101.0800):Microsoft Corporation
		UMPDC.dll:User Mode Power Dependency Coordinator:10.0.26100.8972 (WinBuild.160101.0800):Microsoft Corporation
		USER32.dll:多用户 Windows 用户 API 客户端 DLL:10.0.26100.8875 (WinBuild.160101.0800):Microsoft Corporation
		USERENV.dll:Userenv:10.0.26100.8875 (WinBuild.160101.0800):Microsoft Corporation
		VCRUNTIME140.dll:Microsoft® C Runtime Library:14.42.34438.0:Microsoft Corporation
		VERSION.dll:Version Checking and File Installation Libraries:10.0.26100.1150 (WinBuild.160101.0800):Microsoft Corporation
		WINHTTP.dll:Windows HTTP 服务:10.0.26100.8875 (WinBuild.160101.0800):Microsoft Corporation
		WINMM.dll:MCI API DLL:10.0.26100.8875 (WinBuild.160101.0800):Microsoft Corporation
		WINSTA.dll:Winstation Library:10.0.26100.8972 (WinBuild.160101.0800):Microsoft Corporation
		WINTRUST.dll:Microsoft Trust Verification APIs:10.0.26100.8972 (WinBuild.160101.0800):Microsoft Corporation
		WS2_32.dll:Windows Socket 2.0 32 位 DLL:10.0.26100.8875 (WinBuild.160101.0800):Microsoft Corporation
		WTSAPI32.dll:Windows Remote Desktop Session Host Server SDK APIs:10.0.26100.8972 (WinBuild.160101.0800):Microsoft Corporation
		WinTypes.dll:Windows 基本类型 DLL:10.0.26100.8875 (WinBuild.160101.0800):Microsoft Corporation
		amsi.dll:Anti-Malware Scan Interface:10.0.26100.7309 (WinBuild.160101.0800):Microsoft Corporation
		apphelp.dll:应用程序兼容性客户端库:10.0.26100.8875 (WinBuild.160101.0800):Microsoft Corporation
		awt.dll:Java(TM) Platform SE binary:21.0.11.0:Oracle Corporation
		bcrypt.dll:Windows 加密基元库:10.0.26100.8875 (WinBuild.160101.0800):Microsoft Corporation
		bcryptPrimitives.dll:Windows Cryptographic Primitives Library:10.0.26100.9168 (WinBuild.160101.0800):Microsoft Corporation
		cfgmgr32.dll:Configuration Manager DLL:10.0.26100.8972 (WinBuild.160101.0800):Microsoft Corporation
		clbcatq.dll:COM+ Configuration Catalog:2001.12.10941.16384 (WinBuild.160101.0800):Microsoft Corporation
		combase.dll:用于 Windows 的 Microsoft COM:10.0.26100.8875 (WinBuild.160101.0800):Microsoft Corporation
		cryptnet.dll:Crypto Network Related API:10.0.26100.8972 (WinBuild.160101.0800):Microsoft Corporation
		d3d11.dll:Direct3D 11 Runtime:10.0.26100.8972 (WinBuild.160101.0800):Microsoft Corporation
		dbgcore.DLL:Windows Core Debugging Helpers:10.0.26100.8972 (WinBuild.160101.0800):Microsoft Corporation
		dcomp.dll:Microsoft DirectComposition Library:10.0.26100.8972 (WinBuild.160101.0800):Microsoft Corporation
		dinput8.dll:Microsoft DirectInput:10.0.26100.8875 (WinBuild.160101.0800):Microsoft Corporation
		directxdatabasehelper.dll:DirectXDatabaseHelper:10.0.26100.9168 (WinBuild.160101.0800):Microsoft Corporation
		drvstore.dll:Driver Store API:10.0.26100.8972 (WinBuild.160101.0800):Microsoft Corporation
		dwmapi.dll:Microsoft 桌面窗口管理器 API:10.0.26100.8875 (WinBuild.160101.0800):Microsoft Corporation
		dxcore.dll:DXCore:10.0.26100.8972 (WinBuild.160101.0800):Microsoft Corporation
		dxgi.dll:DirectX Graphics Infrastructure:10.0.26100.9168 (WinBuild.160101.0800):Microsoft Corporation
		extnet.dll:Java(TM) Platform SE binary:21.0.11.0:Oracle Corporation
		fastprox.dll:WMI Custom Marshaller:10.0.26100.8972 (WinBuild.160101.0800):Microsoft Corporation
		fontmanager.dll:Java(TM) Platform SE binary:21.0.11.0:Oracle Corporation
		freetype.dll:Java(TM) Platform SE binary:21.0.11.0:Oracle Corporation
		fwpuclnt.dll:FWP/IPsec 用户模式 API:10.0.26100.8875 (WinBuild.160101.0800):Microsoft Corporation
		gdi32full.dll:GDI Client DLL:10.0.26100.9168 (WinBuild.160101.0800):Microsoft Corporation
		glfw.dll:GLFW 3.4.0 DLL:3.4.0:GLFW
		icm32.dll:Microsoft Color Management Module (CMM):10.0.26100.9168 (WinBuild.160101.0800):Microsoft Corporation
		iertutil.dll:Internet Explorer 的运行时实用程序:11.00.26100.8875 (WinBuild.160101.0800):Microsoft Corporation
		igc64.dll:Intel Graphics Shader Compiler for Intel(R) Graphics Accelerator:32.0.101.8243:Intel Corporation
		igd10iumd64.dll:User Mode Driver for Intel(R) Graphics Technology:32.0.101.8243:Intel Corporation
		igd10umt64xe.DLL:User Mode Driver for Intel(R) Graphics Technology:32.0.101.8243:Intel Corporation
		igdgmm64.dll:User Mode Driver for Intel(R) Graphics Technology:32.0.101.8243:Intel Corporation
		igdml64.dll:Metrics Library for Intel(R) Graphics Technology:32.0.101.8243:Intel Corporation
		imagehlp.dll:Windows NT Image Helper:10.0.26100.4202 (WinBuild.160101.0800):Microsoft Corporation
		inputhost.dll:InputHost:10.0.26100.8972 (WinBuild.160101.0800):Microsoft Corporation
		java.dll:Java(TM) Platform SE binary:21.0.11.0:Oracle Corporation
		java.exe:Java(TM) Platform SE binary:21.0.11.0:Oracle Corporation
		jemalloc.dll
		jimage.dll:Java(TM) Platform SE binary:21.0.11.0:Oracle Corporation
		jli.dll:Java(TM) Platform SE binary:21.0.11.0:Oracle Corporation
		jna6199999260963844575.dll:JNA native library:7.0.0:Java(TM) Native Access (JNA)
		jsvml.dll:Java(TM) Platform SE binary:21.0.11.0:Oracle Corporation
		jvm.dll:Java HotSpot(TM) 64-Bit server VM:21.0.11.0:Oracle Corporation
		kernel.appcore.dll:AppModel API Host:10.0.26100.8737 (WinBuild.160101.0800):Microsoft Corporation
		lwjgl.dll
		lwjgl_opengl.dll
		lwjgl_stb.dll
		management.dll:Java(TM) Platform SE binary:21.0.11.0:Oracle Corporation
		management_ext.dll:Java(TM) Platform SE binary:21.0.11.0:Oracle Corporation
		msasn1.dll:ASN.1 Runtime APIs:10.0.26100.8875 (WinBuild.160101.0800):Microsoft Corporation
		mscms.dll:Microsoft 颜色匹配系统 DLL:10.0.26100.8875 (WinBuild.160101.0800):Microsoft Corporation
		msvcp140.dll:Microsoft® C Runtime Library:14.42.34438.0:Microsoft Corporation
		msvcp_win.dll:Microsoft® C Runtime Library:10.0.26100.8875 (WinBuild.160101.0800):Microsoft Corporation
		msvcrt.dll:Windows NT CRT DLL:7.0.26100.8875 (WinBuild.160101.0800):Microsoft Corporation
		mswsock.dll:Microsoft Windows Sockets 2.0 服务提供程序:10.0.26100.8875 (WinBuild.160101.0800):Microsoft Corporation
		napinsp.dll:电子邮件命名填充提供程序:10.0.26100.8875 (WinBuild.160101.0800):Microsoft Corporation
		native-16045819294617333259.dll
		ncrypt.dll:Windows NCrypt 路由器:10.0.26100.8875 (WinBuild.160101.0800):Microsoft Corporation
		net.dll:Java(TM) Platform SE binary:21.0.11.0:Oracle Corporation
		netutils.dll:Net Win32 API Helpers DLL:10.0.26100.1882 (WinBuild.160101.0800):Microsoft Corporation
		nio.dll:Java(TM) Platform SE binary:21.0.11.0:Oracle Corporation
		nlansp_c.dll:NLA Namespace Service Provider DLL:10.0.26100.8972 (WinBuild.160101.0800):Microsoft Corporation
		ntdll.dll:NT 层 DLL:10.0.26100.8972 (WinBuild.160101.0800):Microsoft Corporation
		ntmarta.dll:Windows NT MARTA 提供程序:10.0.26100.8875 (WinBuild.160101.0800):Microsoft Corporation
		nvapi64.dll:NVIDIA NVAPI Loader Dll, Version 610.47 :32.0.16.1047:NVIDIA Corporation
		nvapi64_impl.dll:NVIDIA NVAPI Library, Version 610.47 :32.0.16.1047:NVIDIA Corporation
		nvgpucomp64.dll:NVIDIA GPU Compiler Driver, Version 610.47 :32.0.16.1047:NVIDIA Corporation
		nvldumdx.dll:NVIDIA Driver Loader, Version 610.47 :32.0.16.1047:NVIDIA Corporation
		nvoglv64.dll:NVIDIA Compatible OpenGL ICD:32.0.16.1047:NVIDIA Corporation
		nvppex.dll:NVIDIA Driver, Version 610.47 :32.0.16.1047:NVIDIA Corporation
		nvspcap64.dll:NVIDIA Game Proxy 8FileVersion  1:11.0.7.247  8Produc:NVIDIA Corporation  L$FileDescriptio
		nvwgf2umx.dll:NVIDIA D3D10 Driver, Version 610.47 :32.0.16.1047:NVIDIA Corporation
		ole32.dll:用于 Windows 的 Microsoft OLE:10.0.26100.8875 (WinBuild.160101.0800):Microsoft Corporation
		opengl32.dll:OpenGL Client DLL:10.0.26100.8972 (WinBuild.160101.0800):Microsoft Corporation
		pdh.dll:Windows 性能数据助手 DLL:10.0.26100.8875 (WinBuild.160101.0800):Microsoft Corporation
		perfos.dll:Windows 系统性能对象 DLL:10.0.26100.8875 (WinBuild.160101.0800):Microsoft Corporation
		perfproc.dll:Windows 系统进程性能对象 DLL:10.0.26100.8875 (WinBuild.160101.0800):Microsoft Corporation
		pfclient.dll:SysMain Client:10.0.26100.4202 (WinBuild.160101.0800):Microsoft Corporation
		profapi.dll:User Profile Basic API:10.0.26100.9168 (WinBuild.160101.0800):Microsoft Corporation
		rasadhlp.dll:Remote Access AutoDial Helper:10.0.26100.7920 (WinBuild.160101.0800):Microsoft Corporation
		rsaenh.dll:Microsoft Enhanced Cryptographic Provider:10.0.26100.1 (WinBuild.160101.0800):Microsoft Corporation
		sechost.dll:Host for SCM/SDDL/LSA Lookup APIs:10.0.26100.1 (WinBuild.160101.0800):Microsoft Corporation
		shlwapi.dll:外壳简易实用工具库:10.0.26100.8875 (WinBuild.160101.0800):Microsoft Corporation
		srvcli.dll:Server Service Client DLL:10.0.26100.1150 (WinBuild.160101.0800):Microsoft Corporation
		sunmscapi.dll:Java(TM) Platform SE binary:21.0.11.0:Oracle Corporation
		textinputframework.dll:"TextInputFramework.DYNLINK":10.0.26100.8972 (WinBuild.160101.0800):Microsoft Corporation
		twinapi.appcore.dll:twinapi.appcore:10.0.26100.8875 (WinBuild.160101.0800):Microsoft Corporation
		ucrtbase.dll:Microsoft® C Runtime Library:10.0.26100.8875 (WinBuild.160101.0800):Microsoft Corporation
		urlmon.dll:Win32 的 OLE32 扩展:11.00.26100.8875 (WinBuild.160101.0800):Microsoft Corporation
		uxtheme.dll:Microsoft UxTheme 库:10.0.26100.8875 (WinBuild.160101.0800):Microsoft Corporation
		vcruntime140_1.dll:Microsoft® C Runtime Library:14.42.34438.0:Microsoft Corporation
		verify.dll:Java(TM) Platform SE binary:21.0.11.0:Oracle Corporation
		wbemcomn.dll:WMI:10.0.26100.7920 (WinBuild.160101.0800):Microsoft Corporation
		wbemprox.dll:WMI:10.0.26100.8972 (WinBuild.160101.0800):Microsoft Corporation
		wbemsvc.dll:WMI:10.0.26100.8972 (WinBuild.160101.0800):Microsoft Corporation
		win32u.dll:Win32u:10.0.26100.9168 (WinBuild.160101.0800):Microsoft Corporation
		windows.staterepositorycore.dll:Windows StateRepository API Core:10.0.26100.8972 (WinBuild.160101.0800):Microsoft Corporation
		windows.storage.dll:Microsoft WinRT Storage API:10.0.26100.8972 (WinBuild.160101.0800):Microsoft Corporation
		winrnr.dll:LDAP RnR Provider DLL:10.0.26100.8737 (WinBuild.160101.0800):Microsoft Corporation
		wldp.dll:Windows 锁定策略:10.0.26100.8875 (WinBuild.160101.0800):Microsoft Corporation
		wshbth.dll:Windows Sockets Helper DLL:10.0.26100.8875 (WinBuild.160101.0800):Microsoft Corporation
		wshunix.dll:AF_UNIX Winsock2 Helper DLL:10.0.26100.1 (WinBuild.160101.0800):Microsoft Corporation
		xinput1_4.dll:Microsoft 公共控制器 API:10.0.26100.8875 (WinBuild.160101.0800):Microsoft Corporation
		ysm-core-2.6.5-neoforge+mc1.21.1.dll
		zip.dll:Java(TM) Platform SE binary:21.0.11.0:Oracle Corporation
Stacktrace:
	at java.base/java.lang.Thread.run(Thread.java:1583) [?:?] {re:mixin}


-- System Details --
Details:
	Minecraft Version: 1.21.1
	Minecraft Version ID: 1.21.1
	Operating System: Windows 11 (amd64) version 10.0
	Java Version: 21.0.11, Oracle Corporation
	Java VM Version: Java HotSpot(TM) 64-Bit Server VM (mixed mode, sharing), Oracle Corporation
	Memory: 814087800 bytes (776 MiB) / 2885681152 bytes (2752 MiB) up to 10737418240 bytes (10240 MiB)
	CPUs: 24
	Processor Vendor: GenuineIntel
	Processor Name: Intel(R) Core(TM) Ultra 9 275HX
	Identifier: Intel64 Family 6 Model 198 Stepping 2
	Microarchitecture: unknown
	Frequency (GHz): 3.07
	Number of physical packages: 1
	Number of physical CPUs: 24
	Number of logical CPUs: 24
	Graphics card #0 name: Intel(R) Graphics
	Graphics card #0 vendor: Intel Corporation
	Graphics card #0 VRAM (MiB): 2048.00
	Graphics card #0 deviceId: VideoController1
	Graphics card #0 versionInfo: 32.0.101.8243
	Graphics card #1 name: NVIDIA GeForce RTX 5080 Laptop GPU
	Graphics card #1 vendor: NVIDIA
	Graphics card #1 VRAM (MiB): 16303.00
	Graphics card #1 deviceId: VideoController2
	Graphics card #1 versionInfo: 32.0.16.1047
	Memory slot #0 capacity (MiB): 49152.00
	Memory slot #0 clockSpeed (GHz): 5.60
	Memory slot #0 type: Unknown
	Memory slot #1 capacity (MiB): 49152.00
	Memory slot #1 clockSpeed (GHz): 5.60
	Memory slot #1 type: Unknown
	Virtual memory max (MiB): 103869.37
	Virtual memory used (MiB): 33135.64
	Swap memory total (MiB): 6144.00
	Swap memory used (MiB): 90.59
	Space in storage for jna.tmpdir (MiB): available: 4608477.50, total: 6579932.00
	Space in storage for org.lwjgl.system.SharedLibraryExtractPath (MiB): available: 4608477.50, total: 6579932.00
	Space in storage for io.netty.native.workdir (MiB): available: 4608477.50, total: 6579932.00
	Space in storage for java.io.tmpdir (MiB): available: 799940.31, total: 1048676.00
	Space in storage for workdir (MiB): available: 4608477.50, total: 6579932.00
	JVM Flags: 12 total; -XX:HeapDumpPath=MojangTricksIntelDriversForPerformance_javaw.exe_minecraft.exe.heapdump -XX:-OmitStackTraceInFastThrow -Xmx10240m -XX:+UnlockExperimentalVMOptions -XX:+UseG1GC -XX:G1NewSizePercent=20 -XX:G1ReservePercent=20 -XX:G1HeapRegionSize=32M -XX:MaxGCPauseMillis=50 -XX:+PerfDisableSharedMem -XX:MinHeapFreeRatio=25 -XX:MaxHeapFreeRatio=40
	Loaded Shaderpack: photon.zip
		Profile: medium (+14 options changed by user)
	Launched Version: Earth2 Reborn
	Launcher name: PCL
	Backend library: LWJGL version 3.3.3+5
	Backend API: NVIDIA GeForce RTX 5080 Laptop GPU/PCIe/SSE2 GL version 4.6.0 NVIDIA 610.47, NVIDIA Corporation
	Window size: <not initialized>
	GFLW Platform: win32
	GL Caps: Using framebuffer using OpenGL 3.2
	GL debug messages: 
	Is Modded: Definitely; Client brand changed to 'neoforge'
	Universe: 404
	Type: Client (map_client.txt)
	Locale: zh_CN
	System encoding: GBK
	File encoding: UTF-8
	CPU: 24x Intel(R) Core(TM) Ultra 9 275HX
	ModLauncher: 11.0.5+main.901c6ea8
	ModLauncher launch target: forgeclient
	ModLauncher services: 
		sponge-mixin-0.15.2+mixin.0.8.7.jar mixin PLUGINSERVICE 
		loader-4.0.43.jar slf4jfixer PLUGINSERVICE 
		loader-4.0.43.jar runtime_enum_extender PLUGINSERVICE 
		at-modlauncher-10.0.1.jar accesstransformer PLUGINSERVICE 
		loader-4.0.43.jar runtimedistcleaner PLUGINSERVICE 
		modlauncher-11.0.5.jar mixin TRANSFORMATIONSERVICE 
		modlauncher-11.0.5.jar fml TRANSFORMATIONSERVICE 
		modlauncher-11.0.5.jar I18nUpdateMod TRANSFORMATIONSERVICE 
	FML Language Providers: 
		__fabric_loader_bootstrap@2.5.29+0.16.0+1.21
		kotlinforforge@5.12.0
		Configured Defaults@21.1.3
		javafml@4.0
		lowcodefml@4.0
		minecraft@4.0
		multiversionprovider@0.4.7
	Mod List: 
		abnormals_delight-1.21.1-6.0.2.jar                |Abnormals Delight             |abnormals_delight             |6.0.2               |Manifest: NOSIGNATURE
		aerocopycats-1.1.1.jar                            |aero_copycats                 |aerocopycats                  |1.1.0               |Manifest: NOSIGNATURE
		aeronautscompass-1.1.0.jar                        |Aeronaut's Compass            |mapcompass                    |1.1.0               |Manifest: NOSIGNATURE
		[航空学：Addition] aero_addition-1.0.2.jar            |Aeronautics Addition          |aero_addition                 |1.0.2               |Manifest: NOSIGNATURE
		sim_copycats-1.3.2.jar                            |Aeronautics: Simulated Copycat|sim_copycats                  |1.3.2               |Manifest: NOSIGNATURE
		aeronauticscompat-1.1.3.jar                       |AeronauticsCompat             |aeronauticscompat             |1.1.3               |Manifest: NOSIGNATURE
		aerovive-fix-1.0.3.jar                            |Aerovive Fix                  |aero_vive_veil_fbo_fix        |1.0.3               |Manifest: NOSIGNATURE
		alexsmobs-2.1.8-neoforge+1.21.1.jar               |Alex's Mobs Continued         |alexsmobs                     |2.1.8               |Manifest: NOSIGNATURE
		alexsdelight-1.6.jar                              |Alexs Delight                 |alexsdelight                  |1.6                 |Manifest: NOSIGNATURE
		alltheleaks-1.1.12+1.21.1-neoforge.jar            |All The Leaks                 |alltheleaks                   |1.1.12+1.21.1-neofor|Manifest: NOSIGNATURE
		AlwaysEat-neoforge-1.0.0.jar                      |Always Eat                    |always_eat                    |1.0.0               |Manifest: NOSIGNATURE
		ambientgogga-1.0.0.jar                            |Ambient Gogga                 |ambientgogga                  |1.0.0               |Manifest: NOSIGNATURE
		[自然音效] AmbientSounds_NEOFORGE_v6.3.8_mc1.21.1.jar |AmbientSounds                 |ambientsounds                 |6.3.8               |Manifest: NOSIGNATURE
		[苹果皮] appleskin-neoforge-mc1.21-3.0.9.jar         |AppleSkin                     |appleskin                     |3.0.9+mc1.21        |Manifest: NOSIGNATURE
		[水产业2／水产品2] Aquaculture-1.21.1-2.7.21.jar         |Aquaculture 2                 |aquaculture                   |2.7.21              |Manifest: NOSIGNATURE
		[水产乐事] aquaculturedelight-1.2.0-neoforge-1.21.1.ja|Aquaculture Delight           |aquaculturedelight            |1.2.0               |Manifest: NOSIGNATURE
		arcadia-better-creative-1.1.0.jar                 |Arcadia Better Creative       |arcadiabettercreative         |1.1.0               |Manifest: NOSIGNATURE
		architectury-13.0.11-neoforge.jar                 |Architectury                  |architectury                  |13.0.11             |Manifest: NOSIGNATURE
		[奇异饰品] artifacts-neoforge-13.2.3.jar              |Artifacts                     |artifacts                     |13.2.3              |Manifest: NOSIGNATURE
		[属性修复] attributefix-neoforge-1.21.1-21.1.3.jar    |AttributeFix                  |attributefix                  |21.1.3              |Manifest: NOSIGNATURE
		balm-neoforge-1.21.1-21.0.65.jar                  |Balm                          |balm                          |21.0.65             |Manifest: NOSIGNATURE
		[烧烤乐事] barbequesdelight-1.3.0.jar                 |Barbeque's Delight            |barbequesdelight              |1.3.0               |Manifest: NOSIGNATURE
		bclib-21.0.26.jar                                 |BCLib                         |bclib                         |21.0.26             |Manifest: NOSIGNATURE
		better-advanced-tooltips-2101.1.0-build.5.jar     |Better Advanced Tooltips      |betteradvancedtooltips        |2101.1.0-build.5    |Manifest: NOSIGNATURE
		[更好的进度] BetterAdvancements-NeoForge-1.21.1-0.4.3.2|Better Advancements           |betteradvancements            |0.4.3.21            |Manifest: NOSIGNATURE
		[更好的攀爬] better_climbing-neoforge-4.jar            |Better Climbing               |better_climbing               |4                   |Manifest: NOSIGNATURE
		BetterEnd-21.0.34.jar                             |Better End                    |betterend                     |21.0.34             |Manifest: NOSIGNATURE
		BetterFoliageRenewed-NeoForge-1.21-0.0.0-indev.jar|Better Foliage                |betterfoliage                 |1                   |Manifest: NOSIGNATURE
		[更好的延迟显示] BetterPingDisplay-1.21.1-1.1.jar        |Better Ping Display           |betterpingdisplay             |1.1                 |Manifest: NOSIGNATURE
		[更好的村庄] bettervillage-neoforge-1.21.1-3.3.1.jar   |Better village                |bettervillage                 |3.3.1               |Manifest: NOSIGNATURE
		betterendfix-1.0.0.jar                            |BetterEnd Fix                 |betterendfix                  |1.0.0               |Manifest: NOSIGNATURE
		biolith-neoforge-3.0.10.jar                       |Biolith                       |biolith                       |3.0.10              |Manifest: NOSIGNATURE
		biomespawnpoint-1.21.1-2.4.jar                    |Biome Spawn Point             |biomespawnpoint               |2.4                 |Manifest: NOSIGNATURE
		[超多生物群系] BiomesOPlenty-neoforge-1.21.1-21.1.0.14.j|Biomes O' Plenty              |biomesoplenty                 |21.1.0.14           |Manifest: NOSIGNATURE
		[群系间谍] biomespy-neoforge-1.21.1-1.3.3.jar         |BiomeSpy                      |biomespy                      |1.3.3               |Manifest: NOSIGNATURE
		blueprint-1.21.1-8.1.1.jar                        |Blueprint                     |blueprint                     |8.1.1               |Manifest: NOSIGNATURE
		bookshelf-neoforge-1.21.1-21.1.81.jar             |Bookshelf                     |bookshelf                     |21.1.81             |Manifest: NOSIGNATURE
		[无限附魔修复] bowinfinityfix-1.21-neo-3.1.1.jar        |Bow Infinity Fix              |bowinfinityfix                |3.1.1               |Manifest: NOSIGNATURE
		bwgaddon-1.0.0.jar                                |BWG Addon                     |bwgaddon                      |1.0.0               |Manifest: NOSIGNATURE
		byepregen-1.21.1-1.1.2.1.jar                      |ByePregen                     |byepregen                     |1.1.2.1             |Manifest: NOSIGNATURE
		carryon-neoforge-1.21.1-2.2.4.4-patched-no-slownes|Carry On                      |carryon                       |2.2.4               |Manifest: NOSIGNATURE
		[天空之城] castle_in_the_sky-1.21.1.1.jar             |Castle in the Sky             |castle_in_the_sky             |1.21.1.1            |Manifest: NOSIGNATURE
		cc_sable-neoforge-1.3.4.jar                       |CC: Sable                     |cc_sable                      |1.3.4               |Manifest: NOSIGNATURE
		cc-tweaked-1.21.1-forge-1.120.2.jar               |CC: Tweaked                   |computercraft                 |1.120.2             |Manifest: NOSIGNATURE
		Chimes-v2.1.1-1.21.1-NeoForge.jar                 |Chimes                        |chimes                        |2.1.1               |Manifest: NOSIGNATURE
		chunksending-1.21-3.9.jar                         |chunksending mod              |chunksending                  |3.9                 |Manifest: NOSIGNATURE
		[预生成区块] Chunky-NeoForge-1.4.23.jar                |Chunky                        |chunky                        |1.4.23              |Manifest: NOSIGNATURE
		citresewn-neoforge-1.2.2+1.21.1.jar               |CIT Resewn                    |citresewn                     |1.2.2+1.21.1        |Manifest: NOSIGNATURE
		citadel-2.7.1-1.21.1.jar                          |Citadel                       |citadel                       |2.7.1               |Manifest: NOSIGNATURE
		[客户端合成] clientcrafting-1.21-2.1.jar               |clientcrafting mod            |clientcrafting                |2.1                 |Manifest: NOSIGNATURE
		clientsort-neoforge-3.89.0-beta.2+1.21.1.jar      |ClientSort                    |clientsort                    |3.89.0-beta.2       |Manifest: NOSIGNATURE
		cloth-config-15.0.140-neoforge.jar                |Cloth Config v15 API          |cloth_config                  |15.0.140            |Manifest: NOSIGNATURE
		[经验机制改革] Clumps-neoforge-1.21.1-19.0.0.1.jar      |Clumps                        |clumps                        |19.0.0.1            |Manifest: NOSIGNATURE
		cluttered-[NeoForge]-3.0.3-1.21.1.jar             |Cluttered                     |cluttered                     |3.0.3-1.21.1        |Manifest: NOSIGNATURE
		codecui-neoforge-1.21.1-1.4.1.jar                 |CodecUI                       |codecui                       |1.21.1-1.4.1        |Manifest: NOSIGNATURE
		codxlib-1.5.1-neoforge+1.21.1.jar                 |CodxLib                       |codxlib                       |1.5.1               |Manifest: NOSIGNATURE
		collective-1.21.1-8.39.jar                        |Collective                    |collective                    |8.39                |Manifest: NOSIGNATURE
		collectorsalbum-neoforge-2.8.0+1.21.1.jar         |Collector's Album             |collectorsalbum               |2.8.0               |Manifest: NOSIGNATURE
		[更美观的血条] colorfulhearts-neoforge-1.21.1-10.5.9.jar|Colorful Hearts               |colorfulhearts                |10.5.9              |Manifest: NOSIGNATURE
		colorwheel-neoforge-1.2.9+mc1.21.1.jar            |Colorwheel                    |colorwheel                    |1.2.9+mc1.21.1      |Manifest: NOSIGNATURE
		colorwheel_patcher-neoforge-1.0.5+mc1.21.1.jar    |Colorwheel Patcher            |colorwheel_patcher            |1.0.5+mc1.21.1      |Manifest: NOSIGNATURE
		conditional-mixin-neoforge-0.6.4.jar              |conditional mixin             |conditional_mixin             |0.6.4               |Manifest: NOSIGNATURE
		configuration-neoforge-1.21.1-3.1.1.jar           |Configuration                 |configuration                 |3.1.1               |Manifest: NOSIGNATURE
		[配置界面] configured-neoforge-1.21.1-2.6.3.jar       |Configured                    |configured                    |2.6.3               |Manifest: 0d:78:5f:44:c0:47:0c:8c:e2:63:a3:04:43:d4:12:7d:b0:7c:35:37:dc:40:b1:c1:98:ec:51:eb:3b:3c:45:99
		[建筑手杖-耕云钓月版] constructionwand-kots-1.21.1-2.16.12.|Construction Wand KOTS        |constructionwand              |2.16.12             |Manifest: NOSIGNATURE
		[键位冲突显示] Controlling-neoforge-1.21.1-19.0.5.jar   |Controlling                   |controlling                   |19.0.5              |Manifest: NOSIGNATURE
		Corgilib-NeoForge-1.21.1-5.0.0.9.jar              |CorgiLib                      |corgilib                      |5.0.0.9             |Manifest: NOSIGNATURE
		[装箱乐事] cratedelight-26.07.01-1.21-neoforge.jar    |Crate Delight                 |cratedelight                  |26.07.01-1.21-neofor|Manifest: NOSIGNATURE
		[装箱乐事：作物盛景] cratedelightcroptopia-24.12.27-1.21-ne|Crate Delight: Croptopia      |cratedelightcroptopia         |24.12.27-1.21-neofor|Manifest: NOSIGNATURE
		crawlondemand-1.21-1.21.5-1.2.0+neoforge.jar      |Crawl on Demand               |crawlondemand                 |1.2.0               |Manifest: NOSIGNATURE
		[机械动力] create-1.21.1-6.0.10.jar                   |Create                        |create                        |6.0.10              |Manifest: NOSIGNATURE
		[机械动力：航空学] create-aeronautics-bundled-1.21.1-1.3.2|Create Aeronautics            |aeronautics_bundled           |1.3.2               |Manifest: NOSIGNATURE
		dev.eriksonn.aeronautics.aeronautics-neoforge-1.21|Create Aeronautics            |aeronautics                   |1.3.2               |Manifest: NOSIGNATURE
		createaeronauticscurios-neoforge-1.21.1-2.2.jar   |Create Aeronautics Curios Comp|aeronautics_curios_compat     |2.0                 |Manifest: NOSIGNATURE
		[机械动力航空学：工具枪] create_aeronautics_toolgun-0.3.6.jar|Create Aeronautics: Toolgun   |create_aeronautics_toolgun    |0.3.6               |Manifest: NOSIGNATURE
		[航空学：传动与连结] create_aeronautics_transmission_linkag|Create Aeronautics: Transmissi|aeronautics_utility_objects   |0.2.7               |Manifest: NOSIGNATURE
		[机械动力：火炮] createbigcannons-5.11.7+mc.1.21.1.jar   |Create Big Cannons            |createbigcannons              |5.11.7              |Manifest: NOSIGNATURE
		cbc_equally_opposite-0.1.3.jar                    |Create Big Cannons: Equally Op|cbc_equally_opposite          |0.1.3               |Manifest: NOSIGNATURE
		bits_n_bobs-0.0.44.jar                            |Create Bits 'n' Bobs          |bits_n_bobs                   |0.0.44              |Manifest: NOSIGNATURE
		createcobblestone-1.5.0+neoforge-1.21.1-153.jar   |Create cobblestone            |createcobblestone             |1.5.0+neoforge-1.21.|Manifest: NOSIGNATURE
		[机械动力：紧凑型传动] create_compact_transmission-1.0.7.jar|Create Compact Transmission   |create_compact_transmission   |1.0.7               |Manifest: NOSIGNATURE
		[机械动力：甜食] create-confectionery1.21.1_v1.1.3b.jar  |Create Confectionery          |create_confectionery          |1.1.3.              |Manifest: NOSIGNATURE
		[机械动力：创想附加] createaddition-1.7.0.jar              |Create Crafts & Additions     |createaddition                |1.7.0               |Manifest: NOSIGNATURE
		createdeco-2.1.3.jar                              |Create Deco                   |createdeco                    |2.1.3               |Manifest: NOSIGNATURE
		[机械动力：柴油动力] createdieselgenerators-1.21.1-1.3.15.j|Create Diesel Generators      |createdieselgenerators        |1.21.1-1.3.15       |Manifest: NOSIGNATURE
		createefficientvisuals-1.21.1-0.2.0.jar           |Create Efficient Visuals      |createefficientvisuals        |0.2.0               |Manifest: NOSIGNATURE
		dev.ryanhcode.offroad.offroad-neoforge-1.21.1-1.3.|Create Offroad                |offroad                       |1.3.2               |Manifest: NOSIGNATURE
		[机械动力：矿石开掘] createoreexcavation-1.21-1.6.8.jar    |Create Ore Excavation         |createoreexcavation           |1.6.8               |Manifest: NOSIGNATURE
		[机械动力：推进工程] createpropulsion-1.1.5.jar            |Create Propulsion: Simulated  |createpropulsion              |1.1.5               |Manifest: NOSIGNATURE
		dev.simulated_team.simulated.simulated-neoforge-1.|Create Simulated              |simulated                     |1.3.2               |Manifest: NOSIGNATURE
		tracks-neoforge-1.21.1-1.0.1.jar                  |Create Tracks                 |tracks                        |1.0.1               |Manifest: NOSIGNATURE
		[机械动力：高级遥控器] create_tweaked_controllers-1.21.1-1.2|Create Tweaked Controllers    |create_tweaked_controllers    |1.21.1-1.2.7        |Manifest: NOSIGNATURE
		aeroworks-1.5.0.jar                               |Create: Aeroworks             |aeroworks                     |1.5.0               |Manifest: NOSIGNATURE
		[机械动力：创意传动] create_connected-1.3.2-mc1.21.1.jar   |Create: Connected             |create_connected              |1.3.2-mc1.21.1      |Manifest: NOSIGNATURE
		[机械动力：伪装方块+] copycats-3.0.8+mc.1.21.1-neoforge.jar|Create: Copycats+             |copycats                      |3.0.8+mc.1.21.1-neof|Manifest: NOSIGNATURE
		dnd_aero_compat-1.0.0.jar                         |Create: Design n' Decor - Aero|dnd_aero_compat               |1.0.0               |Manifest: NOSIGNATURE
		[机械动力：龙+] CreateDragonsPlus-1.11.7b.jar           |Create: Dragons Plus          |create_dragons_plus           |1.11.7b             |Manifest: NOSIGNATURE
		create_easy_structures-0.2a-neoforge-1.21.1.jar   |Create: Easy Structures       |create_easy_structures        |0.2                 |Manifest: NOSIGNATURE
		cesfix-1.0.0.jar                                  |Create: Easy Structures fix   |cesfix                        |1.0.0               |Manifest: NOSIGNATURE
		[机械动力：附魔工业] create-enchantment-industry-2.5.3b.jar|Create: Enchantment Industry  |create_enchantment_industry   |2.5.3b              |Manifest: NOSIGNATURE
		[机械动力：更快的蓝图加农炮] CreateFastSchematicCannon-1.4.1-ne|Create: Fast Schematic Cannon |createfastschematiccannon     |1.4.1-neoforge      |Manifest: NOSIGNATURE
		[机械动力：内饰] interiors-1.21.1-neoforge-0.6.1.jar     |Create: Interiors             |interiors                     |0.6.1               |Manifest: NOSIGNATURE
		[机械动力：雷达] create_radar-0.4.9.4-1.21.1.jar         |Create: Radars                |create_radar                  |0.4.9.4-1.21.1      |Manifest: NOSIGNATURE
		smart_bounds-1.0.0.jar                            |Create: Smart Bounds          |smart_bounds                  |1.0.0               |Manifest: NOSIGNATURE
		[机械动力汽鸣铁道：重铸] railways-0.3.0-beta.2+neoforge-mc1.2|Create: Steam 'n' Rails 1.21.1|railways                      |0.3.0-beta.2+neoforg|Manifest: NOSIGNATURE
		[机械动力：交易站点] trading_floor-3.0.16.jar              |Create: Trading Floor         |trading_floor                 |3.0.16              |Manifest: NOSIGNATURE
		[机械动力：蓝图校验] createschematicchecker-2.27.45-6.0-neo|Create:Schematic Checker      |createschematicchecker        |2.27.45-6.0         |Manifest: NOSIGNATURE
		createbetterfps-1.21.1-1.1.4.jar                  |CreateBetterFps               |createbetterfps               |1.1.4               |Manifest: NOSIGNATURE
		CreativeCore_NEOFORGE_v2.13.44_mc1.21.1.jar       |CreativeCore                  |creativecore                  |2.13.44             |Manifest: NOSIGNATURE
		[苦力怕改革 ／ 苦力怕革新] CreeperOverhaul-neoforge-1.21.1-4.|Creeper Overhaul              |creeperoverhaul               |4.0.6               |Manifest: NOSIGNATURE
		[烟花苦力怕] creeperfireworks-1.21.1-1.0.2.2-NEOFORGE.j|CreeperFireworks              |creeperfireworks              |1.0.2.2             |Manifest: NOSIGNATURE
		[作物盛景] croptopia-neoforge-1.21.1-4.2.4.jar        |Croptopia                     |croptopia                     |4.2.4               |Manifest: NOSIGNATURE
		[多元乐事] culturaldelights-0.17.8.jar                |Cultural Delights             |culturaldelights              |0.17.8              |Manifest: NOSIGNATURE
		cupboard-1.21.1-4.1.jar                           |Cupboard mod                  |cupboard                      |4.1                 |Manifest: NOSIGNATURE
		curios-neoforge-9.5.1+1.21.1.jar                  |Curios API                    |curios                        |9.5.1+1.21.1        |Manifest: NOSIGNATURE
		Design-n-Decor-1.21.1-2.2b.jar                    |Design n' Decor               |dndecor                       |2.2b                |Manifest: NOSIGNATURE
		do_a_barrel_roll-neoforge-3.7.3+1.21.jar          |Do a Barrel Roll              |do_a_barrel_roll              |3.7.3               |Manifest: NOSIGNATURE
		[动态准星] dynamiccrosshair-9.11+1.21.1-neoforge.jar  |Dynamic Crosshair             |dynamiccrosshair              |9.11                |Manifest: NOSIGNATURE
		dynamiccrosshair-api-9.11+1.21.1-neoforge.jar     |Dynamic Crosshair API         |dynamiccrosshairapi           |1.2                 |Manifest: NOSIGNATURE
		[节气] EclipticSeasons-1.21.1-neoforge-0.14.99-beta-|Ecliptic Seasons              |eclipticseasons               |0.14.99-beta-2      |Manifest: NOSIGNATURE
		[节气：捆绑包] EclipticSeasons-Bundles-0.18.0.jar       |Ecliptic Seasons : Bundles    |eclipticseasons_bundles       |0.18.0              |Manifest: NOSIGNATURE
		[节气：多维修补] Ecliptic-Seasons-MultiMod-Patch-1.21.1-n|Ecliptic Seasons: MultiMod Pat|eclipticseasons_multimodpatch |0.32.0-beta         |Manifest: NOSIGNATURE
		efficient_hashing-neoforge-1.0.0+1.21.1-mod.jar   |Efficient Hashing             |efficient_hashing             |1.0.0               |Manifest: NOSIGNATURE
		[附魔描述] enchdesc-neoforge-1.21.1-21.1.11.jar       |EnchantmentDescriptions       |enchdesc                      |21.1.11             |Manifest: NOSIGNATURE
		[末地乐事] ends_delight-2.6.1+neoforge.1.21.1.jar     |End's Delight                 |ends_delight                  |2.6.1+neoforge.1.21.|Manifest: NOSIGNATURE
		ender_bags-1.0.0.jar                              |Ender Bags Continue           |ender_bags                    |1.0.0               |Manifest: NOSIGNATURE
		[增强视觉效果 ／ 拓展视觉效果] EnhancedVisuals_NEOFORGE_v1.8.31|EnhancedVisuals               |enhancedvisuals               |1.8.31              |Manifest: NOSIGNATURE
		EpheroLib-1.21.1-NEO-FORGE-1.2.0.jar              |EpheroLib                     |epherolib                     |1.2.0               |Manifest: NOSIGNATURE
		[永恒星光] eternalstarlight-0.9.0+1.21.1+neoforge.jar |Eternal Starlight             |eternal_starlight             |0.9.0+1.21.1+neoforg|Manifest: NOSIGNATURE
		exoticbirds-1.0.0.jar                             |Exotic Birds                  |exoticbirds                   |1.0.0               |Manifest: NOSIGNATURE
		expandability-neoforge-12.0.0.jar                 |ExpandAbility                 |expandability                 |12.0.0              |Manifest: NOSIGNATURE
		[拾光定影] exposure-neoforge-1.21.1-1.9.18.jar        |Exposure                      |exposure                      |1.9.18              |Manifest: NOSIGNATURE
		[农夫乐事] FarmersDelight-1.21.1-1.3.4.jar            |Farmer's Delight              |farmersdelight                |1.3.4               |Manifest: NOSIGNATURE
		[快速配方查找] fastrecipesearch-1.21.1-26.8.4-neoforge.j|Fast Recipe Search            |fastrecipesearch              |1.21.1-26.8.4-neofor|Manifest: NOSIGNATURE
		fasttag-1.21.1-26.1-neoforge.jar                  |Fast Tag                      |fasttag                       |1.21.1-26.1-neoforge|Manifest: NOSIGNATURE
		[树叶快速腐烂] fastleafdecay-35.jar                     |FastLeafDecay                 |fastleafdecay                 |35                  |Manifest: NOSIGNATURE
		[铁氧体磁芯] ferritecore-7.0.3-neoforge.jar            |Ferrite Core                  |ferritecore                   |7.0.3               |Manifest: 41:ce:50:66:d1:a0:05:ce:a1:0e:02:85:9b:46:64:e0:bf:2e:cf:60:30:9a:fe:0c:27:e0:63:66:9a:84:ce:8a
		[更真实的钓鱼] fishingreal-neoforge-1.21.1-1.9.1.jar    |FishingReal                   |fishingreal                   |1.9.1               |Manifest: NOSIGNATURE
		[鈇] flerovium-neoforge-1.21.1-1.1.2-all.jar       |Flerovium                     |flerovium                     |1.1.2               |Manifest: NOSIGNATURE
		[直上九霄] flyhigher-1.21.1-1.0.2.jar                 |Fly Higher                    |flyhigher                     |1.0.2               |Manifest: NOSIGNATURE
		flywheel-neoforge-1.21.1-1.0.6.jar                |Flywheel                      |flywheel                      |1.0.6               |Manifest: NOSIGNATURE
		forgified-fabric-api-0.115.6+2.1.0+1.21.1.jar     |Forgified Fabric API          |fabric_api                    |0.115.6+2.1.0+1.21.1|Manifest: NOSIGNATURE
		fabric-api-base-0.4.42+d1308ded19.jar             |Forgified Fabric API Base     |fabric_api_base               |0.4.42+d1308ded19   |Manifest: NOSIGNATURE
		fabric-api-lookup-api-v1-1.6.70+c21168c319.jar    |Forgified Fabric API Lookup AP|fabric_api_lookup_api_v1      |1.6.70+c21168c319   |Manifest: NOSIGNATURE
		fabric-biome-api-v1-13.0.31+1e62d33c19.jar        |Forgified Fabric Biome API (v1|fabric_biome_api_v1           |13.0.31+1e62d33c19  |Manifest: NOSIGNATURE
		fabric-block-api-v1-1.0.22+a6e994cd19.jar         |Forgified Fabric Block API (v1|fabric_block_api_v1           |1.0.22+a6e994cd19   |Manifest: NOSIGNATURE
		fabric-blockrenderlayer-v1-1.1.52+b089b4bd19.jar  |Forgified Fabric BlockRenderLa|fabric_blockrenderlayer_v1    |1.1.52+b089b4bd19   |Manifest: NOSIGNATURE
		fabric-block-view-api-v2-1.0.10+9afaaf8c19.jar    |Forgified Fabric BlockView API|fabric_block_view_api_v2      |1.0.10+9afaaf8c19   |Manifest: NOSIGNATURE
		fabric-client-tags-api-v1-1.1.15+e053909619.jar   |Forgified Fabric Client Tags  |fabric_client_tags_api_v1     |1.1.15+e053909619   |Manifest: NOSIGNATURE
		fabric-command-api-v2-2.2.28+36d727be19.jar       |Forgified Fabric Command API (|fabric_command_api_v2         |2.2.28+36d727be19   |Manifest: NOSIGNATURE
		fabric-content-registries-v0-8.0.18+0a0c14ff19.jar|Forgified Fabric Content Regis|fabric_content_registries_v0  |8.0.18+0a0c14ff19   |Manifest: NOSIGNATURE
		fabric-convention-tags-v1-2.1.4+7f945d5b19.jar    |Forgified Fabric Convention Ta|fabric_convention_tags_v1     |2.1.4+7f945d5b19    |Manifest: NOSIGNATURE
		fabric-convention-tags-v2-2.11.0+87e5848019.jar   |Forgified Fabric Convention Ta|fabric_convention_tags_v2     |2.11.0+87e5848019   |Manifest: NOSIGNATURE
		fabric-data-attachment-api-v1-1.4.3+58235da019.jar|Forgified Fabric Data Attachme|fabric_data_attachment_api_v1 |1.4.3+58235da019    |Manifest: NOSIGNATURE
		fabric-data-generation-api-v1-20.2.28+2d91a6db19.j|Forgified Fabric Data Generati|fabric_data_generation_api_v1 |20.2.28+2d91a6db19  |Manifest: NOSIGNATURE
		fabric-entity-events-v1-1.7.0+1af6e62419.jar      |Forgified Fabric Entity Events|fabric_entity_events_v1       |1.7.0+1af6e62419    |Manifest: NOSIGNATURE
		fabric-events-interaction-v0-0.7.13+7b71cc1619.jar|Forgified Fabric Events Intera|fabric_events_interaction_v0  |0.7.13+7b71cc1619   |Manifest: NOSIGNATURE
		fabric-game-rule-api-v1-1.0.53+36d727be19.jar     |Forgified Fabric Game Rule API|fabric_game_rule_api_v1       |1.0.53+36d727be19   |Manifest: NOSIGNATURE
		fabric-gametest-api-v1-2.0.5+29f188ce19.jar       |Forgified Fabric Game Test API|fabric_gametest_api_v1        |2.0.5+29f188ce19    |Manifest: NOSIGNATURE
		fabric-item-api-v1-11.1.1+57cdfa8219.jar          |Forgified Fabric Item API (v1)|fabric_item_api_v1            |11.1.1+57cdfa8219   |Manifest: NOSIGNATURE
		fabric-item-group-api-v1-4.1.7+e324903319.jar     |Forgified Fabric Item Group AP|fabric_item_group_api_v1      |4.1.7+e324903319    |Manifest: NOSIGNATURE
		fabric-key-binding-api-v1-1.0.47+62cc7ce119.jar   |Forgified Fabric Key Binding A|fabric_key_binding_api_v1     |1.0.47+62cc7ce119   |Manifest: NOSIGNATURE
		fabric-lifecycle-events-v1-2.5.0+a2ee258a19.jar   |Forgified Fabric Lifecycle Eve|fabric_lifecycle_events_v1    |2.5.0+a2ee258a19    |Manifest: NOSIGNATURE
		fabric-loot-api-v2-3.0.15+a3ee712d19.jar          |Forgified Fabric Loot API (v2)|fabric_loot_api_v2            |3.0.15+a3ee712d19   |Manifest: NOSIGNATURE
		fabric-loot-api-v3-1.0.3+333dfad919.jar           |Forgified Fabric Loot API (v3)|fabric_loot_api_v3            |1.0.3+333dfad919    |Manifest: NOSIGNATURE
		fabric-message-api-v1-6.0.13+e053909619.jar       |Forgified Fabric Message API (|fabric_message_api_v1         |6.0.13+e053909619   |Manifest: NOSIGNATURE
		fabric-model-loading-api-v1-2.0.0+986ae77219.jar  |Forgified Fabric Model Loading|fabric_model_loading_api_v1   |2.0.0+986ae77219    |Manifest: NOSIGNATURE
		fabric-networking-api-v1-4.3.0+4f690eb619.jar     |Forgified Fabric Networking AP|fabric_networking_api_v1      |4.3.0+4f690eb619    |Manifest: NOSIGNATURE
		fabric-object-builder-api-v1-15.2.1+cc242efd19.jar|Forgified Fabric Object Builde|fabric_object_builder_api_v1  |15.2.1+cc242efd19   |Manifest: NOSIGNATURE
		fabric-particles-v1-4.0.2+824f924c19.jar          |Forgified Fabric Particles (v1|fabric_particles_v1           |4.0.2+824f924c19    |Manifest: NOSIGNATURE
		fabric-recipe-api-v1-5.0.14+59440bcc19.jar        |Forgified Fabric Recipe API (v|fabric_recipe_api_v1          |5.0.14+59440bcc19   |Manifest: NOSIGNATURE
		fabric-registry-sync-v0-5.2.0+867470b919.jar      |Forgified Fabric Registry Sync|fabric_registry_sync_v0       |5.2.0+867470b919    |Manifest: NOSIGNATURE
		fabric-renderer-indigo-1.7.0+4198af7119.jar       |Forgified Fabric Renderer - In|fabric_renderer_indigo        |1.7.0+4198af7119    |Manifest: NOSIGNATURE
		fabric-renderer-api-v1-3.4.1+9125b6dc19.jar       |Forgified Fabric Renderer API |fabric_renderer_api_v1        |3.4.1+9125b6dc19    |Manifest: NOSIGNATURE
		fabric-rendering-v1-5.0.5+077ba95f19.jar          |Forgified Fabric Rendering (v1|fabric_rendering_v1           |5.0.5+077ba95f19    |Manifest: NOSIGNATURE
		fabric-rendering-data-attachment-v1-0.3.48+73761d2|Forgified Fabric Rendering Dat|fabric_rendering_data_attachme|0.3.48+73761d2e19   |Manifest: NOSIGNATURE
		fabric-rendering-fluids-v1-3.1.6+857185bc19.jar   |Forgified Fabric Rendering Flu|fabric_rendering_fluids_v1    |3.1.6+857185bc19    |Manifest: NOSIGNATURE
		fabric-resource-conditions-api-v1-4.3.0+5bdd099819|Forgified Fabric Resource Cond|fabric_resource_conditions_api|4.3.0+5bdd099819    |Manifest: NOSIGNATURE
		fabric-resource-loader-v0-1.3.1+4ea8954419.jar    |Forgified Fabric Resource Load|fabric_resource_loader_v0     |1.3.1+4ea8954419    |Manifest: NOSIGNATURE
		fabric-screen-api-v1-2.0.25+4228281319.jar        |Forgified Fabric Screen API (v|fabric_screen_api_v1          |2.0.25+4228281319   |Manifest: NOSIGNATURE
		fabric-screen-handler-api-v1-1.3.88+8dbc56dd19.jar|Forgified Fabric Screen Handle|fabric_screen_handler_api_v1  |1.3.88+8dbc56dd19   |Manifest: NOSIGNATURE
		fabric-sound-api-v1-1.0.23+10b84f8419.jar         |Forgified Fabric Sound API (v1|fabric_sound_api_v1           |1.0.23+10b84f8419   |Manifest: NOSIGNATURE
		fabric-transfer-api-v1-5.4.2+a25cb45619.jar       |Forgified Fabric Transfer API |fabric_transfer_api_v1        |5.4.2+a25cb45619    |Manifest: NOSIGNATURE
		fabric-transitive-access-wideners-v1-6.2.0+6c854b6|Forgified Fabric Transitive Ac|fabric_transitive_access_widen|6.2.0+6c854b6f19    |Manifest: NOSIGNATURE
		framework-neoforge-1.21.1-0.13.11.jar             |Framework                     |framework                     |0.13.11             |Manifest: NOSIGNATURE
		[FTB 区块] ftb-chunks-neoforge-2101.1.21.jar        |FTB Chunks                    |ftbchunks                     |2101.1.21           |Manifest: NOSIGNATURE
		ftbxaerocompat-neoforge-1.1.4.jar                 |FTB Chunks x Xaero's Map Compa|ftbxaerocompat                |1.1.4               |Manifest: NOSIGNATURE
		ftb-essentials-neoforge-2101.1.10.jar             |FTB Essentials                |ftbessentials                 |2101.1.10           |Manifest: NOSIGNATURE
		ftb-library-neoforge-2101.1.35.jar                |FTB Library                   |ftblibrary                    |2101.1.35           |Manifest: NOSIGNATURE
		[FTB 任务] ftb-quests-neoforge-2101.1.34.jar        |FTB Quests                    |ftbquests                     |2101.1.34           |Manifest: NOSIGNATURE
		[FTB 团队] ftb-teams-neoforge-2101.1.11.jar         |FTB Teams                     |ftbteams                      |2101.1.11           |Manifest: NOSIGNATURE
		[连锁破坏] ftb-ultimine-neoforge-2101.1.15.jar        |FTB Ultimine                  |ftbultimine                   |2101.1.15           |Manifest: NOSIGNATURE
		geckolib-neoforge-1.21.1-4.9.2.jar                |GeckoLib 4                    |geckolib                      |4.9.2               |Manifest: NOSIGNATURE
		GlitchCore-neoforge-1.21.1-2.1.0.2.jar            |GlitchCore                    |glitchcore                    |2.1.0.2             |Manifest: NOSIGNATURE
		globalrules-1.21.1-1.0.jar                        |GlobalGamerules-Neo           |globalrules                   |1.21.1-1.0          |Manifest: NOSIGNATURE
		[修复GPU内存泄漏] gpumemleakfix-1.21-1.8.jar            |Gpu memory leak fix           |gpumemleakfix                 |1.8                 |Manifest: NOSIGNATURE
		[警卫村民] guardvillagers-2.4.12-1.21.1.jar           |Guard Villagers               |guardvillagers                |2.4.12              |Manifest: NOSIGNATURE
		horseman-neoforge-1.21.1-1.5.13.jar               |Horseman                      |horseman                      |1.5.13              |Manifest: NOSIGNATURE
		[冰山] Iceberg-1.21.1-neoforge-1.3.2.jar            |Iceberg                       |iceberg                       |1.3.2               |Manifest: NOSIGNATURE
		[输入法冲突修复] IMBlocker-5.5.4-neoforge+1.20.6-1.21.8.j|IMBlocker                     |imblocker                     |5.5.4               |Manifest: NOSIGNATURE
		ImmediatelyFast-NeoForge-1.6.13+1.21.1.jar        |ImmediatelyFast               |immediatelyfast               |1.6.13+1.21.1       |Manifest: NOSIGNATURE
		[沉浸式奏乐] immersive_melodies-neoforge-0.7.1+1.21.1.j|Immersive Melodies            |immersive_melodies            |0.7.1+1.21.1        |Manifest: NOSIGNATURE
		iris-neoforge-1.8.14-beta.1+mc1.21.1.jar          |Iris                          |iris                          |1.8.14-beta.1+mc1.21|Manifest: NOSIGNATURE
		irisveil-0.3.0.jar                                |Iris Veil Compat              |irisveil                      |0.3.0               |Manifest: NOSIGNATURE
		Ixeris-4.6.5+1.21.1-neoforge-mod.jar              |Ixeris                        |ixeris                        |4.6.5+1.21.1-neoforg|Manifest: NOSIGNATURE
		[玉 🔍] Jade-1.21.1-NeoForge-15.10.6.jar           |Jade                          |jade                          |15.10.6+neoforge    |Manifest: NOSIGNATURE
		JadeAddons-1.21.1-NeoForge-6.1.0.jar              |Jade Addons                   |jadeaddons                    |6.1.0+neoforge      |Manifest: NOSIGNATURE
		sablejade-1.3.0.jar                               |Jade Sable Compat             |sablejade                     |1.3.0               |Manifest: NOSIGNATURE
		Jade-VS-neoforge-1.21.1-2.0.0.jar                 |Jade-VS                       |jade_vs                       |2.0.0               |Manifest: NOSIGNATURE
		jumpoverfences-1.0-SNAPSHOT.jar                   |JumpOverFences                |jumpoverfences                |1.0-SNAPSHOT        |Manifest: NOSIGNATURE
		[通用拼音搜索] jecharacters-1.21.1-neoforge-4.5.27.jar  |Just Enough Characters        |jecharacters                  |4.5.27              |Manifest: NOSIGNATURE
		[JEI物品管理器] jei-1.21.1-neoforge-19.50.0.414.jar    |Just Enough Items             |jei                           |19.50.0.414         |Manifest: NOSIGNATURE
		[JEI工作方块] JustEnoughProfessions-neoforge-1.21.1-4.|Just Enough Professions (JEP) |justenoughprofessions         |4.0.5               |Manifest: NOSIGNATURE
		[森罗物语：兼容] kaleidoscope_compat-2.9.7-neoforge+mc1.2|Kaleidoscope Compat           |kaleidoscope_compat           |2.9.7-neoforge+mc1.2|Manifest: NOSIGNATURE
		[森罗物语：动态结构] kaleidoscope_contraption-1.0.3.jar    |Kaleidoscope Contraption      |kaleidoscope_contraption      |1.0.3               |Manifest: NOSIGNATURE
		[森罗物语：厨房] kaleidoscopecookery-1.4.1-neoforge+mc1.2|Kaleidoscope Cookery          |kaleidoscope_cookery          |1.4.1-neoforge+mc1.2|Manifest: NOSIGNATURE
		[森罗物语：酒馆] kaleidoscopetavern-1.2.0-neoforge+mc1.21|Kaleidoscope Tavern           |kaleidoscope_tavern           |1.2.0-neoforge+mc1.2|Manifest: NOSIGNATURE
		Kiwi-1.21.1-NeoForge-15.8.7.jar                   |Kiwi Library                  |kiwi                          |15.8.7+neoforge     |Manifest: NOSIGNATURE
		thedarkcolour.kffmod-5.12.0.jar                   |Kotlin For Forge              |kotlinforforge                |5.12.0              |Manifest: NOSIGNATURE
		krypton_fnp-neoforge-1.21.1-0.2.28.1-1.21.1.jar   |Krypton FNP                   |krypton_fnp                   |0.2.28.1-1.21.1     |Manifest: NOSIGNATURE
		kubejs-neoforge-2101.7.2-build.374.jar            |KubeJS                        |kubejs                        |2101.7.2-build.374  |Manifest: NOSIGNATURE
		kubejs-create-neoforge-2101.3.1-build.18.jar      |KubeJS Create                 |kubejs_create                 |2101.3.1-build.18   |Manifest: NOSIGNATURE
		kuma-api-neoforge-21.0.8+1.21.jar                 |KumaAPI                       |kuma_api                      |21.0.8              |Manifest: NOSIGNATURE
		l2core-3.0.8+1.jar                                |L2Core                        |l2core                        |3.0.8+1             |Manifest: NOSIGNATURE
		[灾变] L_Ender's Cataclysm 1.21.1-3.33.jar          |L_Ender's Cataclysm 1.21.1    |cataclysm                     |3.33                |Manifest: NOSIGNATURE
		leaky-1.21-3.4.jar                                |leaky mod                     |leaky                         |3.4                 |Manifest: NOSIGNATURE
		[传奇怪物] legendary_monsters-2.2.2 MC 1.21.1.jar     |legendary_monsters            |legendary_monsters            |1.21.1              |Manifest: NOSIGNATURE
		libbamboo-2.25+1.21.1-neoforge.jar                |LibBamboo                     |libbamboo                     |2.25                |Manifest: NOSIGNATURE
		libraryferret-neoforge-1.21.1-4.0.0.jar           |Library ferret                |libraryferret                 |4.0.0               |Manifest: NOSIGNATURE
		lightmanscurrency-1.21-2.3.0.5.jar                |Lightman's Currency           |lightmanscurrency             |1.21-2.3.0.5        |Manifest: NOSIGNATURE
		lightspeed-1.21.1-1.2.3.jar                       |Lightspeed                    |lightspeed                    |1.21.1-1.2.3        |Manifest: NOSIGNATURE
		lionfishapi-3.1.jar                               |lionfishapi                   |lionfishapi                   |3.1                 |Manifest: NOSIGNATURE
		[锂] lithium-neoforge-0.15.4+mc1.21.1.jar          |Lithium                       |lithium                       |0.15.4+mc1.21.1     |Manifest: NOSIGNATURE
		lmft-1.1.1+1.21.9-neoforge.jar                    |Load My F***ing Tags          |lmft                          |1.1.1+1.21.9        |Manifest: NOSIGNATURE
		lootjs-neoforge-1.21.1-3.7.0.jar                  |LootJS                        |lootjs                        |1.21.1-3.7.0        |Manifest: NOSIGNATURE
		lootr-neoforge-1.21.1-1.11.38.124.jar             |Lootr                         |lootr                         |1.21.1-1.11.38.124  |Manifest: NOSIGNATURE
		LostTrinkets-21.1.4-mc1.21.1-neoforge.jar         |Lost Trinkets                 |losttrinkets                  |21.1.4-mc1.21.1     |Manifest: NOSIGNATURE
		ldlib2-neoforge-1.21.1-2.2.37-all.jar             |LowDragLib2                   |ldlib2                        |2.2.37              |Manifest: NOSIGNATURE
		[女仆厨房] maidsoulkitchen-1.21.1-beta-v0.1.4.jar     |Maidsoul Kitchen              |maidsoulkitchen               |0.1.4               |Manifest: NOSIGNATURE
		[女仆摇曲柄] MaidUseHandCrank_1.6.2-neoforge_21.1.219-1|MaidUseHandCrank              |muhc                          |1.6.2               |Manifest: NOSIGNATURE
		maxhealthfix-neoforge-1.21.1-21.1.4.jar           |MaxHealthFix                  |maxhealthfix                  |21.1.4              |Manifest: NOSIGNATURE
		client-1.21.1-20240808.144430-srg.jar             |Minecraft                     |minecraft                     |1.21.1              |Manifest: a1:d4:5e:04:4f:d3:d6:e0:7b:37:97:cf:77:b0:de:ad:4a:47:ce:8c:96:49:5f:0a:cf:8c:ae:b2:6d:4b:8a:3f
		[更多自然生成结构] mostructures-neoforge-1.6.0+1.21.1.jar |Mo' Structures                |mostructures                  |1.6.0+1.21.1        |Manifest: NOSIGNATURE
		[现代化 UI] ModernUI-NeoForge-1.21.1-3.13.0.1-univers|Modern UI                     |modernui                      |3.13.0.1            |Manifest: 01:c4:52:25:b1:6e:5f:ac:fe:88:35:7e:cf:65:2f:69:1d:56:db:2b:93:f8:dd:7c:93:47:04:8c:e4:22:13:91
		[现代化修复] modernfix-neoforge-5.27.23+mc1.21.1.jar   |ModernFix                     |modernfix                     |5.27.23+mc1.21.1    |Manifest: NOSIGNATURE
		moonlight-1.21.1-3.5.2-neoforge.jar               |Moonlight Lib                 |moonlight                     |1.21.1-3.5.2        |Manifest: NOSIGNATURE
		[鼠标手势] MouseTweaks-neoforge-mc1.21-2.26.1.jar     |Mouse Tweaks                  |mousetweaks                   |2.26.1              |Manifest: NOSIGNATURE
		[MrCrayfish 的家具：重制] refurbished_furniture-neoforge|MrCrayfish's Furniture Mod: Re|refurbished_furniture         |1.0.22              |Manifest: NOSIGNATURE
		[音乐触发器] musictriggers-7.0.4.jar                   |Music Triggers                |musictriggers                 |7.0.4               |Manifest: NOSIGNATURE
		[自然罗盘／生物群系指南针] NaturesCompass-1.21.1-3.4.0-neoforg|Nature's Compass              |naturescompass                |1.21.1-3.4.0-neoforg|Manifest: NOSIGNATURE
		[那不勒斯风味] neapolitan-1.21.1-6.0.1.jar              |Neapolitan                    |neapolitan                    |6.0.1               |Manifest: NOSIGNATURE
		[极简血量显示] Neat-1.21-47-NEOFORGE.jar                |Neat                          |neat                          |1.21-47-NEOFORGE    |Manifest: NOSIGNATURE
		neo-voxy-0.4.3-beta.1-mc1.21.1-neoforge-integratio|Neo-Voxy                      |voxy                          |0.4.3-beta.1        |Manifest: NOSIGNATURE
		continuity-3.0.1-0.0.1.jar                        |NeoContinuity                 |continuity                    |3.0.1-0.0.1         |Manifest: NOSIGNATURE
		neoforge-21.1.248-universal.jar                   |NeoForge                      |neoforge                      |21.1.248            |Manifest: NOSIGNATURE
		[网络音乐机] netmusic-1.5.1-neoforge+mc1.21.1.jar      |Net Music Mod                 |netmusic                      |1.5.1-neoforge+mc1.2|Manifest: NOSIGNATURE
		[网络音乐机：播放列表] net_music_list-4.3.jar               |Net Music: Better Experience  |net_music_list                |4.3                 |Manifest: NOSIGNATURE
		[我们走过的生物群系] Oh-The-Biomes-Weve-Gone-NeoForge-2.6.0|Oh The Biomes We've Gone      |biomeswevegone                |2.6.0               |Manifest: NOSIGNATURE
		Oh-The-Trees-Youll-Grow-neoforge-1.21.1-5.3.2.jar |Oh The Trees You'll Grow      |ohthetreesyoullgrow           |5.3.2               |Manifest: NOSIGNATURE
		omegaconfig-neoforge-1.5.1.jar                    |Omega Config Architectury     |omegaconfig                   |1.5.1               |Manifest: NOSIGNATURE
		[滑翔伞] Paraglider-neoforge-21.1.5.jar              |Paraglider                    |paraglider                    |21.1.5              |Manifest: NOSIGNATURE
		[跑酷！] ParCool-1.21.1-3.4.3.3-NF.jar               |ParCool!                      |parcool                       |3.4.3.3             |Manifest: NOSIGNATURE
		[叶间穿行 🌳] PassableFoliage-1.21.1-NeoForge-9.2.0.ja|Passable Foliage              |passablefoliage               |9.2.0+neoforge      |Manifest: NOSIGNATURE
		pasterdream-0.9.7-pre.1.jar                       |PasterDream                   |pasterdream                   |0.9.7-pre.1         |Manifest: NOSIGNATURE
		com.pasterdream.pasterdreammod.PasterDreamAPI-0.9.|PasterDream API               |pasterdreamapi                |0.9.7-pre.1         |Manifest: NOSIGNATURE
		pasterdreammeltdream-0.9.7-pre.1.jar              |PasterDreamMeltDream          |pasterdreammeltdream          |0.9.7-pre.1         |Manifest: NOSIGNATURE
		pasterdreamsanity-0.9.7-pre.1.jar                 |PasterDreamSanity             |pasterdreamsanity             |0.9.7-pre.1         |Manifest: NOSIGNATURE
		pasterdreamspells-0.9.7-pre.1.jar                 |PasterDreamSpells             |pasterdreamspells             |0.9.7-pre.1         |Manifest: NOSIGNATURE
		[帕秋莉手册] Patchouli-1.21.1-93-NEOFORGE.jar          |Patchouli                     |patchouli                     |1.21.1-93-NEOFORGE  |Manifest: NOSIGNATURE
		Paxi-1.21.1-NeoForge-5.1.3.jar                    |Paxi                          |paxi                          |1.21.1-NeoForge-5.1.|Manifest: NOSIGNATURE
		[多态合成] polymorph-neoforge-1.1.0+1.21.1.jar        |Polymorph                     |polymorph                     |1.1.0+1.21.1        |Manifest: NOSIGNATURE
		polytone-1.21-4.1.0-neoforge.jar                  |Polytone                      |polytone                      |1.21-4.1.0          |Manifest: NOSIGNATURE
		ponder-neoforge-1.0.82+mc1.21.1.jar               |Ponder                        |ponder                        |1.0.82+mc1.21.1     |Manifest: NOSIGNATURE
		[脚步声NeoForge版] PresenceFootsteps-1.21.1-1.12.0-bet|Presence Footsteps (NeoForge) |presencefootsteps             |1.21.1-1.12.0-beta.1|Manifest: NOSIGNATURE
		pfsable-1.0.jar                                   |Presence Footsteps x Sable    |pfsable                       |1.0                 |Manifest: NOSIGNATURE
		prickle-neoforge-1.21.1-21.1.11.jar               |PrickleMC                     |prickle                       |21.1.11             |Manifest: NOSIGNATURE
		[夸克] Quark-4.1-482.jar                            |Quark                         |quark                         |4.1-482             |Manifest: NOSIGNATURE
		[Redden的石灯笼] reddensstonelantern-1.0.4-neoforge-1.|Redden's Stone Lanterns       |reddensstonelantern           |1.0.4               |Manifest: NOSIGNATURE
		redirected-neoforge-1.0.0-1.21.1.jar              |Redirected                    |redirected                    |1.0.0               |Manifest: NOSIGNATURE
		resourcederivator-neoforge-1.21.1-1.0.0-beta.jar  |Resource Derivator            |resourcederivator             |1.0.0-beta          |Manifest: NOSIGNATURE
		resourcefullib-neoforge-1.21-3.0.12.jar           |Resourceful Lib               |resourcefullib                |3.0.12              |Manifest: NOSIGNATURE
		resourcefulconfig-neoforge-1.21-3.0.11.jar        |Resourcefulconfig             |resourcefulconfig             |3.0.11              |Manifest: NOSIGNATURE
		reterraforged-0.0.6005.jar                        |ReTerraForged                 |reterraforged                 |0.0.6005            |Manifest: NOSIGNATURE
		Retraining-neoforge-1.21-2.0.0.jar                |Retraining                    |retraining                    |2.0.0               |Manifest: NOSIGNATURE
		[犀牛] rhino-2101.2.8-build.91.jar                  |Rhino                         |rhino                         |2101.2.8-build.91   |Manifest: NOSIGNATURE
		ritchiesprojectilelib-2.1.2+mc.1.21.1-neoforge.jar|Ritchie's Projectile Library  |ritchiesprojectilelib         |2.1.2               |Manifest: NOSIGNATURE
		[轧压均质装甲：分叉版] rha-1.0.3b.jar                       |Rolled Homongenous: Forked    |rha                           |1.0.3               |Manifest: NOSIGNATURE
		sable-neoforge-1.21.1-2.0.5.jar                   |Sable                         |sable                         |2.0.5               |Manifest: NOSIGNATURE
		sable-companion-common-1.21.1-1.6.0.jar           |Sable Companion               |sablecompanion                |1.6.0               |Manifest: NOSIGNATURE
		sable_createaddition_compat-0.1.13.jar            |Sable Create Addition Compat  |sable_createaddition_compat   |0.1.13              |Manifest: NOSIGNATURE
		sableexplosionfix-1.0.0.jar                       |Sable Explosion Fix           |sableexplosionfix             |1.0.0               |Manifest: NOSIGNATURE
		sable_fix_mod-1.1.0.jar                           |Sable Fix Mod                 |sable_fix_mod                 |1.1.0               |Manifest: NOSIGNATURE
		sable-photomancy-1.0.1.jar                        |Sable Photomancy              |sable_schematic_api           |1.0.1               |Manifest: NOSIGNATURE
		sablexaeromaps-1.21.1-1.4.0.jar                   |Sable Sublevels on Xaero's Map|sablexaeromaps                |1.4.0               |Manifest: NOSIGNATURE
		sablephysicscompat-1.3.0.jar                      |Sable: Physics Compat         |sablephysicscompat            |1.3.0               |Manifest: NOSIGNATURE
		[救救我的答辩网络] smsn-neoforge-1.4.3-1.21.1.jar         |Save My Shit Network          |smsn                          |1.4.3-1.21.1        |Manifest: NOSIGNATURE
		[救救我的配方书] smrb-1.0.0.jar                          |SaveMyRecipeBook              |smrb                          |1.0.0               |Manifest: NOSIGNATURE
		Searchables-neoforge-1.21.1-1.0.2.jar             |Searchables                   |searchables                   |1.0.2               |Manifest: NOSIGNATURE
		SereneShrubbery-NeoForge-1.21.1-v2.4.0.jar        |Serene Shrubbery              |serene_shrubbery              |2.4.0               |Manifest: NOSIGNATURE
		serverwarashi-1.21.1-2.1.0.1.jar                  |ServerWarashi                 |serverwarashi                 |2.1.0.1             |Manifest: NOSIGNATURE
		showcaseitem-1.21.1-1.1.0.jar                     |Showcase Item                 |showcaseitem                  |1.21.1-1.1.0        |Manifest: NOSIGNATURE
		simplebedrockmodel-2.2.1-neoforge+mc1.21.1.jar    |SimpleBedrockModel            |simplebedrockmodel            |2.2.1-neoforge+mc1.2|Manifest: NOSIGNATURE
		[拔刀剑：重锋] SlashBladeResharped-2.0.7-1.21.1.jar     |Slash Blade:Resharpened       |slashblade                    |2.0.7-1.21.1        |Manifest: NOSIGNATURE
		net.caffeinemc.sodium-neoforge-0.8.13+mc1.21.1-mod|Sodium                        |sodium                        |0.8.13+mc1.21.1     |Manifest: NOSIGNATURE
		[火花] spark-1.10.124-neoforge.jar                  |spark                         |spark                         |1.10.124            |Manifest: NOSIGNATURE
		[储物抽屉] StorageDrawers-neoforge-1.21.1-13.11.4.jar |Storage Drawers               |storagedrawers                |13.11.4             |Manifest: NOSIGNATURE
		[结构指南针] StructureCompass-1.21.1-4.2.1.jar         |Structure Compass Mod         |structurecompass              |4.2.1               |Manifest: NOSIGNATURE
		structure_layout_optimizer-neoforge-1.0.12.jar    |Structure Layout Optimizer    |structure_layout_optimizer    |1.0.12              |Manifest: NOSIGNATURE
		[锦致装饰] supplementaries-1.21.1-3.9.6-neoforge.jar  |Supplementaries               |supplementaries               |1.21.1-3.9.6        |Manifest: NOSIGNATURE
		swingthroughgrass-neoforge-1.0.1-1.21.1.jar       |SwingThroughGrass             |swingthroughgrass             |1.0.1               |Manifest: NOSIGNATURE
		tacz-pack-upgrader-2.1.3.jar                      |TaCZ Pack Upgrader            |taczpackupgrader              |2.1.3               |Manifest: NOSIGNATURE
		TerraBlender-neoforge-1.21.1-4.1.0.8.jar          |TerraBlender                  |terrablender                  |4.1.0.8             |Manifest: NOSIGNATURE
		graveyard-2.6.2 NeoForge 1.21.1.jar               |The Graveyard                 |graveyard                     |2.6.2               |Manifest: NOSIGNATURE
		theimpossiblelibrary-0.4.7-neoforge-1.21.1.jar    |The Impossible Library        |theimpossiblelibrary          |0.4.7               |Manifest: NOSIGNATURE
		tacz-neoforge-1.21.1-1.1.8-hotfix-r6.jar          |Timeless & Classics Guns: Zero|tacz                          |1.1.8-hotfix-r6     |Manifest: NOSIGNATURE
		tacz_c-1.0.2+neoforge.1.21.1.jar                  |Timeless and Classics Zero: Cr|tacz_c                        |1.0.2+neoforge.1.21.|Manifest: NOSIGNATURE
		[提示] tipsmod-neoforge-1.21.1-21.1.3.jar           |Tips                          |tipsmod                       |21.1.3              |Manifest: NOSIGNATURE
		[火炬大师] torchmaster-neoforge-1.21.1-21.1.9.jar     |Torchmaster                   |torchmaster                   |21.1.9              |Manifest: NOSIGNATURE
		TorqueAPI-1.21.1-neoforge-1.2.2.jar               |TorqueAPI                     |torqueapi                     |1.2.2               |Manifest: NOSIGNATURE
		touhoulittlemaid-1.5.3-neoforge+mc1.21.1-snapshot.|Touhou Little Maid            |touhou_little_maid            |1.5.3-neoforge+mc1.2|Manifest: NOSIGNATURE
		tlm_shogi-1.0.0-beta-neoforge+mc1.21.1.jar        |Touhou Little Maid Shogi      |tlm_shogi                     |1.0.0-beta          |Manifest: NOSIGNATURE
		[旷野之息高塔 ：再重制] totw_modded-neoforge-1.21-1.0.9.jar |Towers of The Wild: Modded    |totw_modded                   |1.0.9               |Manifest: NOSIGNATURE
		[旅行者背包] travelersbackpack-neoforge-1.21.1-10.1.39.|Traveler's Backpack           |travelersbackpack             |10.1.39             |Manifest: NOSIGNATURE
		[旅人标题] TravelersTitles-1.21.1-NeoForge-5.1.3.jar  |Traveler's Titles             |travelerstitles               |1.21.1-NeoForge-5.1.|Manifest: NOSIGNATURE
		txnilib-neoforge-1.0.24-1.21.1.jar                |TxniLib                       |txnilib                       |1.0.24              |Manifest: NOSIGNATURE
		[无题鸭] untitledduckmod-1.6.0-neoforge-1.21.1.jar   |Untitled Duck Mod             |untitledduckmod               |1.6.0               |Manifest: NOSIGNATURE
		[碧海新生] upgrade_aquatic-1.21.1-7.0.1.jar           |Upgrade Aquatic               |upgrade_aquatic               |7.0.1               |Manifest: NOSIGNATURE
		valhelsia_core-neoforge-1.21.1-1.1.5.jar          |Valhelsia Core                |valhelsia_core                |1.1.5               |Manifest: NOSIGNATURE
		valhelsia_furniture-neoforge-1.21.1-1.1.1.jar     |Valhelsia Furniture           |valhelsia_furniture           |1.1.1               |Manifest: NOSIGNATURE
		valhelsia_furniture_fix-1.0.0.jar                 |Valhelsia Furniture Fix       |valhelsia_furniture_fix       |1.0.0               |Manifest: NOSIGNATURE
		valhelsia_structures-neoforge-1.21.1-1.1.2.jar    |Valhelsia Structures          |valhelsia_structures          |1.1.2               |Manifest: NOSIGNATURE
		veil-neoforge-1.21.1-4.3.2.jar                    |Veil                          |veil                          |4.3.2               |Manifest: NOSIGNATURE
		VS-Sable-HoseConnectors-0.1.8-1.21.1.jar          |VS Sable Hose Connectors      |vsfluidlink                   |0.1.8               |Manifest: NOSIGNATURE
		[传送石碑／指路石] waystones-neoforge-1.21.1-21.1.41.jar  |Waystones                     |waystones                     |21.1.41             |Manifest: NOSIGNATURE
		whitenoise-1.21.1-neoforge-2.2.0.jar              |WhiteNoise                    |whitenoise                    |2.2.0               |Manifest: NOSIGNATURE
		worldweaver-21.0.25.jar                           |WorldWeaver                   |wover                         |21.0.25             |Manifest: NOSIGNATURE
		wunderlib-21.0.10.jar                             |WunderLib                     |wunderlib                     |21.0.10             |Manifest: NOSIGNATURE
		[Xaero的小地图] xaerominimap-neoforge-1.21.1-26.4.2.ja|Xaero's Minimap               |xaerominimap                  |26.4.2              |Manifest: NOSIGNATURE
		[Xaero的世界地图] xaeroworldmap-neoforge-1.21.1-1.45.0.|Xaero's World Map             |xaeroworldmap                 |1.45.0              |Manifest: NOSIGNATURE
		xaerolib-neoforge-1.21.1-1.7.1.jar                |XaeroLib                      |xaerolib                      |1.7.1               |Manifest: NOSIGNATURE
		[是，史蒂夫模型] ysm-2.6.5-neoforge+mc1.21.1-release.jar |Yes Steve Model               |yes_steve_model               |2.6.5-neoforge+mc1.2|Manifest: NOSIGNATURE
		YungsApi-1.21.1-NeoForge-5.1.8.jar                |YUNG's API                    |yungsapi                      |1.21.1-NeoForge-5.1.|Manifest: NOSIGNATURE
		[方块小镇] yuushya-1.21.0-neoforge-2.3.0.jar          |Yuushya                       |yuushya                       |2.3.0               |Manifest: NOSIGNATURE
		[方块建模] yuushya_modelling-1.21.1-2.4.1.jar         |Yuushya Modelling             |yuushya_modelling             |2.4.1               |Manifest: NOSIGNATURE
		Zeta-1.1-40.jar                                   |Zeta                          |zeta                          |1.1-40              |Manifest: NOSIGNATURE
	Crash Report UUID: 04d44da5-2208-41bd-9130-43971c10a4cb
	FML: 4.0.43
	NeoForge: 21.1.248
	Flywheel Backend: flywheel:off
[318月2026 15:32:07.488] [Render thread/FATAL] [net.neoforged.neoforge.common.NeoForgeMod/]: Preparing crash report with UUID 9d2d355d-f298-4805-b0eb-b5118e5b8efd
[318月2026 15:32:07.488] [Render thread/INFO] [STDOUT/]: [net.minecraft.server.Bootstrap:realStdoutPrintln:135]: #@!@# Game crashed! Crash report saved to: #@!@# E:\Program Files\Earth2 Reborn\.minecraft\versions\Earth2 Reborn\crash-reports\crash-2026-08-31_15.32.07-client.txt
